id,company_name,address,office_street,city,state,zip,country,phone,website,state_chapter,membership_type,engineering_disciplines,acec_member_id,detail_url,dataset,source_url,crawl_date,crawl_session,dedup_hash,first_seen,last_seen,is_new
1,AECOM,"One Federal Street , 8th Floor , Boston , MA 02110 , United States","One Federal Street, 8th Floor",Boston,MA,02110,US,(617) 512-9038,,MA,Regular Member,,aecom-4136560,https://members.acecma.org/fullmemberfirmdirectory/Details/aecom-4136560,acec_engineering_firms,https://members.acecma.org/fullmemberfirmdirectory/FindStartsWith,2026-03-25T11:26:25.275942+00:00,20260325_112244,39712bcacffddfb12aa86e76c69d91eb,2026-03-25 11:26:25,2026-03-25 11:26:25,1
2,"AI Engineers, Inc.","529 Main Street , Suite 310 , Charlestown , MA 02129 , United States","529 Main Street, Suite 310",Charlestown,MA,02129,US,(617) 451-2828 361,https://aiengineers.com/,MA,Regular Member,,ai-engineers-inc-4136564,https://members.acecma.org/fullmemberfirmdirectory/Details/ai-engineers-inc-4136564,acec_engineering_firms,https://members.acecma.org/fullmemberfirmdirectory/FindStartsWith,2026-03-25T11:26:25.275942+00:00,20260325_112244,e9bb831c082a2e64ac03a15111dce33b,2026-03-25 11:26:25,2026-03-25 11:26:25,1
3,"Apex Companies, LLC","1900 Crown Colony Dr , Ste 402 , Quincy , MA 02169-0980 , United States","1900 Crown Colony Dr, Ste 402",Quincy,MA,02169-0980,US,(617) 657-0253,https://apexcos.com/,MA,Regular Member,,apex-companies-llc-4136558,https://members.acecma.org/fullmemberfirmdirectory/Details/apex-companies-llc-4136558,acec_engineering_firms,https://members.acecma.org/fullmemberfirmdirectory/FindStartsWith,2026-03-25T11:26:25.275942+00:00,20260325_112244,2414f894afd2481fd09689a588b90f2f,2026-03-25 11:26:25,2026-03-25 11:26:25,1
4,"Arcadis U.S., Inc.","1 Federal St , 38th Flr , Boston , MA 02110 , United States","1 Federal St, 38th Flr",Boston,MA,02110,US,(617) 896-2500 51613,http://www.arcadis-us.com/,MA,Regular Member,,arcadis-u-s-inc-4136557,https://members.acecma.org/fullmemberfirmdirectory/Details/arcadis-u-s-inc-4136557,acec_engineering_firms,https://members.acecma.org/fullmemberfirmdirectory/FindStartsWith,2026-03-25T11:26:25.275942+00:00,20260325_112244,7bcdff189b2064f644d750db72b328ed,2026-03-25 11:26:25,2026-03-25 11:26:25,1
5,Arora Engineers,"50 Braintree Hill Park , Suite 200 , Braintree , MA 02184 , United States",50,Braintree,MA,02184,US,(857) 264-3582,https://www.aroraengineers.com/,MA,Regular Member,,arora-engineers-4136562,https://members.acecma.org/fullmemberfirmdirectory/Details/arora-engineers-4136562,acec_engineering_firms,https://members.acecma.org/fullmemberfirmdirectory/FindStartsWith,2026-03-25T11:26:25.275942+00:00,20260325_112244,d14a5a52881c3ae9e44968ad9d01a037,2026-03-25 11:26:25,2026-03-25 11:26:25,1
6,Arup,"60 State Street , Boston , MA 02109 , United States",60 State Street,Boston,MA,02109,US,(617) 864-2987,http://www.arup.com/,MA,Regular Member,,arup-4136567,https://members.acecma.org/fullmemberfirmdirectory/Details/arup-4136567,acec_engineering_firms,https://members.acecma.org/fullmemberfirmdirectory/FindStartsWith,2026-03-25T11:26:25.275942+00:00,20260325_112244,86e05579ec2e77c4381e6698b1879b08,2026-03-25 11:26:25,2026-03-25 11:26:25,1
7,ATANE,,,,MA,,US,(617) 778-7300 242,https://ataneconsulting.com/,MA,Regular Member,,atane-4136596,https://members.acecma.org/fullmemberfirmdirectory/Details/atane-4136596,acec_engineering_firms,https://members.acecma.org/fullmemberfirmdirectory/FindStartsWith,2026-03-25T11:26:25.275942+00:00,20260325_112244,e952c278aa0835fe6ac6e267cc25857c,2026-03-25 11:26:25,2026-03-25 11:26:25,1
8,B2Q,"100 Burtt Road , Ste 212 , Andover , MA 01810 , United States","100 Burtt Road, Ste 212",Andover,MA,01810,US,(978) 447-5613,https://www.b2qassociates.com/,MA,Regular Member,,b2q-4194990,https://members.acecma.org/fullmemberfirmdirectory/Details/b2q-4194990,acec_engineering_firms,https://members.acecma.org/fullmemberfirmdirectory/FindStartsWith,2026-03-25T11:26:25.275942+00:00,20260325_112244,c1fba605c26ed1d96d172a52fc9b9729,2026-03-25 11:26:25,2026-03-25 11:26:25,1
9,Bala Consulting Engineers,"52 Temple Pl , Boston , MA 02111-1306 , United States",52 Temple Pl,Boston,MA,02111-1306,US,(617) 470-4988,http://www.tmpeng.com/,MA,Regular Member,,bala-consulting-engineers-4136565,https://members.acecma.org/fullmemberfirmdirectory/Details/bala-consulting-engineers-4136565,acec_engineering_firms,https://members.acecma.org/fullmemberfirmdirectory/FindStartsWith,2026-03-25T11:26:25.275942+00:00,20260325_112244,f97f2d06b57eac6fdcb517abbb04c2df,2026-03-25 11:26:25,2026-03-25 11:26:25,1
10,"Beals and Thomas, Inc.","32 Court Street , Ste 4 , Plymouth , MA 02360 , United States","32 Court Street, Ste 4",Plymouth,MA,02360,US,(508) 330-5050,https://www.bealsandthomas.com/,MA,Regular Member,,beals-and-thomas-inc-4136590,https://members.acecma.org/fullmemberfirmdirectory/Details/beals-and-thomas-inc-4136590,acec_engineering_firms,https://members.acecma.org/fullmemberfirmdirectory/FindStartsWith,2026-03-25T11:26:25.275942+00:00,20260325_112244,8e544670a919154b088a69a8217f41fb,2026-03-25 11:26:25,2026-03-25 11:26:25,1
11,Benesch,"24 Federal St , 6th Floor , Boston , MA 02110 , United States","24 Federal St, 6th Floor",Boston,MA,02110,US,(617) 288-0900,https://www.benesch.com/,MA,Regular Member,,benesch-4136593,https://members.acecma.org/fullmemberfirmdirectory/Details/benesch-4136593,acec_engineering_firms,https://members.acecma.org/fullmemberfirmdirectory/FindStartsWith,2026-03-25T11:26:25.275942+00:00,20260325_112244,3d1d4ac2ccdfece13d87b0ab134fe88f,2026-03-25 11:26:25,2026-03-25 11:26:25,1
12,"BETA Group, Inc.","315 Norwood Park South , Norwood , MA 02062 , United States",315,Norwood,MA,02062,US,(781) 255-1982 7035,https://www.beta-inc.com/,MA,Regular Member,,beta-group-inc-4136598,https://members.acecma.org/fullmemberfirmdirectory/Details/beta-group-inc-4136598,acec_engineering_firms,https://members.acecma.org/fullmemberfirmdirectory/FindStartsWith,2026-03-25T11:26:25.276944+00:00,20260325_112244,8dcb282270d5309cf2b6303a1f47803d,2026-03-25 11:26:25,2026-03-25 11:26:25,1
13,BL Companies,"115 Norwood Park South , Suite 206 , Norwood , MA 02062 , United States",115,Norwood,MA,02062,US,(781) 619-9513,http://www.blcompanies.com/,MA,Regular Member,,bl-companies-4136575,https://members.acecma.org/fullmemberfirmdirectory/Details/bl-companies-4136575,acec_engineering_firms,https://members.acecma.org/fullmemberfirmdirectory/FindStartsWith,2026-03-25T11:26:25.276944+00:00,20260325_112244,0720b7d9f64b9b6684ac50aa7f2c39a4,2026-03-25 11:26:25,2026-03-25 11:26:25,1
14,"Bloom Companies, LLC","265 Franklin Street , Suite 1702 , Boston , MA 02110-3144 , United States","265 Franklin Street, Suite 1702",Boston,MA,02110-3144,US,(617) 963-5178,http://www.bloomcos.com/,MA,Regular Member,,bloom-companies-llc-4136607,https://members.acecma.org/fullmemberfirmdirectory/Details/bloom-companies-llc-4136607,acec_engineering_firms,https://members.acecma.org/fullmemberfirmdirectory/FindStartsWith,2026-03-25T11:26:25.276944+00:00,20260325_112244,8afb80660b4b1ed977c3b416cd117547,2026-03-25 11:26:25,2026-03-25 11:26:25,1
15,Bowman,"20 Winthrop Square , 3rd Floor , Boston , MA 02110 , United States","20 Winthrop Square, 3rd Floor",Boston,MA,02110,US,(617) 556-0020 3007,https://bowman.com/,MA,Regular Member,,bowman-4136577,https://members.acecma.org/fullmemberfirmdirectory/Details/bowman-4136577,acec_engineering_firms,https://members.acecma.org/fullmemberfirmdirectory/FindStartsWith,2026-03-25T11:26:25.276944+00:00,20260325_112244,435ddddaf3d4173c8b3af5eebd8c2a7d,2026-03-25 11:26:25,2026-03-25 11:26:25,1
16,"Bryant Associates, Inc.","90 Canal Street , Suite 301 , Boston , MA 02114-2117 , United States","90 Canal Street, Suite 301",Boston,MA,02114-2117,US,(617) 248-0300,http://www.bryant-engrs.com/,MA,Associate Member,,bryant-associates-inc-4136586,https://members.acecma.org/fullmemberfirmdirectory/Details/bryant-associates-inc-4136586,acec_engineering_firms,https://members.acecma.org/fullmemberfirmdirectory/FindStartsWith,2026-03-25T11:26:25.276944+00:00,20260325_112244,bcd221b4ab64a983c6e4990e66c307da,2026-03-25 11:26:25,2026-03-25 11:26:25,1
17,"BSC Group, Inc.","803 Summer St , Third Floor , Boston , MA 02127 , United States","803 Summer St, Third Floor",Boston,MA,02127,US,(617) 896-4466,https://www.bscgroup.com/,MA,Regular Member,,bsc-group-inc-4136584,https://members.acecma.org/fullmemberfirmdirectory/Details/bsc-group-inc-4136584,acec_engineering_firms,https://members.acecma.org/fullmemberfirmdirectory/FindStartsWith,2026-03-25T11:26:25.276944+00:00,20260325_112244,1b70444e7ab7a3157ddecc97164dce2f,2026-03-25 11:26:25,2026-03-25 11:26:25,1
18,"Burns & McDonnell Engineering Company, Inc.","7-57 Wells Ave , Suite 27 , Newton , MA 02459 , United States","7-57 Wells Ave, Suite 27",Newton,MA,02459,US,(857) 216-7464,http://www.burnsmcd.com/,MA,Regular Member,,burns-mcdonnell-engineering-company-inc-4136588,https://members.acecma.org/fullmemberfirmdirectory/Details/burns-mcdonnell-engineering-company-inc-4136588,acec_engineering_firms,https://members.acecma.org/fullmemberfirmdirectory/FindStartsWith,2026-03-25T11:26:25.276944+00:00,20260325_112244,823bc165a615d0d9935f32eb5abf09af,2026-03-25 11:26:25,2026-03-25 11:26:25,1
19,CDM Smith,"75 State St. , Suite 701 , Boston , MA 02109 , United States","75 State St., Suite 701",Boston,MA,02109,US,(617) 452-6531,http://www.cdmsmith.com/,MA,Regular Member,,cdm-smith-4136594,https://members.acecma.org/fullmemberfirmdirectory/Details/cdm-smith-4136594,acec_engineering_firms,https://members.acecma.org/fullmemberfirmdirectory/FindStartsWith,2026-03-25T11:26:25.276944+00:00,20260325_112244,bc31616fc071e0e95c13e0088b596ca7,2026-03-25 11:26:25,2026-03-25 11:26:25,1
20,CDR Maguire Inc.,"35 Village Rd , Suite 100 , Middleton , MA 01949 , United States","35 Village Rd, Suite 100",Middleton,MA,01949,US,(617) 778-1489,https://cdr-companies.com/,MA,Regular Member,,cdr-maguire-inc-4136604,https://members.acecma.org/fullmemberfirmdirectory/Details/cdr-maguire-inc-4136604,acec_engineering_firms,https://members.acecma.org/fullmemberfirmdirectory/FindStartsWith,2026-03-25T11:26:25.276944+00:00,20260325_112244,af32316892c8eb7e143b3a0079a32698,2026-03-25 11:26:25,2026-03-25 11:26:25,1
21,"CDW Consultants, Inc.",,,,MA,,US,(508) 308-0667,https://www.cdwconsultants.com/,MA,Regular Member,,cdw-consultants-inc-4136570,https://members.acecma.org/fullmemberfirmdirectory/Details/cdw-consultants-inc-4136570,acec_engineering_firms,https://members.acecma.org/fullmemberfirmdirectory/FindStartsWith,2026-03-25T11:26:25.276944+00:00,20260325_112244,6811707e18debbb235ea717511c8c2bd,2026-03-25 11:26:25,2026-03-25 11:26:25,1
22,CHA,"141 Longwater Drive , Suite 104 , Norwell , MA 02061 , United States","141 Longwater Drive, Suite 104",Norwell,MA,02061,US,(781) 982-5400,https://www.chasolutions.com/,MA,Regular Member,,cha-4136626,https://members.acecma.org/fullmemberfirmdirectory/Details/cha-4136626,acec_engineering_firms,https://members.acecma.org/fullmemberfirmdirectory/FindStartsWith,2026-03-25T11:26:25.276944+00:00,20260325_112244,a200d99e6f77f81926dd90aae0273de3,2026-03-25 11:26:25,2026-03-25 11:26:25,1
23,"Chappell Engineering Associates, LLC","201 Boston Post Road , Suite 205 , Marlborough , MA 01752-4667 , United States","201 Boston Post Road, Suite 205",Marlborough,MA,01752-4667,US,(508) 481-7400 14,http://www.chappellengineering.com/,MA,Associate Member,,chappell-engineering-associates-llc-4136592,https://members.acecma.org/fullmemberfirmdirectory/Details/chappell-engineering-associates-llc-4136592,acec_engineering_firms,https://members.acecma.org/fullmemberfirmdirectory/FindStartsWith,2026-03-25T11:26:25.276944+00:00,20260325_112244,bbf148f9ed8d7965ce5518a292994135,2026-03-25 11:26:25,2026-03-25 11:26:25,1
24,"CHESS Engineering, LLC","126 John Street , Suite 11 , Lowell , MA 01852 , United States","126 John Street, Suite 11",Lowell,MA,01852,US,(617) 982-3250,http://www.chessengineeringne.com/,MA,Regular Member,,chess-engineering-llc-4136595,https://members.acecma.org/fullmemberfirmdirectory/Details/chess-engineering-llc-4136595,acec_engineering_firms,https://members.acecma.org/fullmemberfirmdirectory/FindStartsWith,2026-03-25T11:26:25.276944+00:00,20260325_112244,e4ad5252e987926154433da48ef21243,2026-03-25 11:26:25,2026-03-25 11:26:25,1
25,Colliers Engineering & Design,"67 Hunt Street , Suite 205 , Agawam , MA 01001 , United States","67 Hunt Street, Suite 205",Agawam,MA,01001,US,(781) 251-0630,https://colliersengineering.com/,MA,Regular Member,,colliers-engineering-design-4136612,https://members.acecma.org/fullmemberfirmdirectory/Details/colliers-engineering-design-4136612,acec_engineering_firms,https://members.acecma.org/fullmemberfirmdirectory/FindStartsWith,2026-03-25T11:26:25.276944+00:00,20260325_112244,7d128c4902e01ccd05bedd088237b10a,2026-03-25 11:26:25,2026-03-25 11:26:25,1
26,"Collins Engineers, Inc.","685 Canton St , Suite 102 , Norwood , MA 02062 , United States","685 Canton St, Suite 102",Norwood,MA,02062,US,(781) 205-2018,http://www.collinsengr.com/,MA,Regular Member,,collins-engineers-inc-4136614,https://members.acecma.org/fullmemberfirmdirectory/Details/collins-engineers-inc-4136614,acec_engineering_firms,https://members.acecma.org/fullmemberfirmdirectory/FindStartsWith,2026-03-25T11:26:25.276944+00:00,20260325_112244,c805358ec4b804b8fec248a319eefeb5,2026-03-25 11:26:25,2026-03-25 11:26:25,1
27,"Coneco Engineers, Scientists & Surveyors","4 First St , Bridgewater , MA 02324 , United States",4 First St,Bridgewater,MA,02324,US,(508) 697-3191,http://www.coneco.com/,MA,Regular Member,,coneco-engineers-scientists-surveyors-4136568,https://members.acecma.org/fullmemberfirmdirectory/Details/coneco-engineers-scientists-surveyors-4136568,acec_engineering_firms,https://members.acecma.org/fullmemberfirmdirectory/FindStartsWith,2026-03-25T11:26:25.276944+00:00,20260325_112244,9e055dde2c6144d327483142edd33c1b,2026-03-25 11:26:25,2026-03-25 11:26:25,1
28,"Cora Structural, LLC","164 Ash St , 2F , Waltham , MA 02453 , United States","164 Ash St, 2F",Waltham,MA,02453,US,(617) 221-6010,https://corastructural.com/,MA,Regular Member,,cora-structural-llc-4136572,https://members.acecma.org/fullmemberfirmdirectory/Details/cora-structural-llc-4136572,acec_engineering_firms,https://members.acecma.org/fullmemberfirmdirectory/FindStartsWith,2026-03-25T11:26:25.276944+00:00,20260325_112244,5e6f7a99a3ada440264942063c2970a5,2026-03-25 11:26:25,2026-03-25 11:26:25,1
29,Crocker Design Group,"2 Sharp St , Unit A , Hingham , MA 02043 , United States","2 Sharp St, Unit A",Hingham,MA,02043,US,(781) 919-0808,https://crockerdesigngroup.com/,MA,Regular Member,,crocker-design-group-4136609,https://members.acecma.org/fullmemberfirmdirectory/Details/crocker-design-group-4136609,acec_engineering_firms,https://members.acecma.org/fullmemberfirmdirectory/FindStartsWith,2026-03-25T11:26:25.277943+00:00,20260325_112244,7ac03d90da56924ded8f705019867bfe,2026-03-25 11:26:25,2026-03-25 11:26:25,1
30,"Dawood, a Woolpert Company","325 Wood Road , Suite 109 , Braintree , MA 02184 , United States","325 Wood Road, Suite 109",Braintree,MA,02184,US,(781) 380-7766,https://woolpert.com/,MA,Regular Member,,dawood-a-woolpert-company-4136605,https://members.acecma.org/fullmemberfirmdirectory/Details/dawood-a-woolpert-company-4136605,acec_engineering_firms,https://members.acecma.org/fullmemberfirmdirectory/FindStartsWith,2026-03-25T11:26:25.277943+00:00,20260325_112244,1bbd14150dbfb2e1d67d91a31ceb1b50,2026-03-25 11:26:25,2026-03-25 11:26:25,1
31,Delve Underground,"One Wall St. , Fifth Floor , Burlington , MA 01803 , United States","One Wall St., Fifth Floor",Burlington,MA,01803,US,(401) 413-4923,https://www.delveunderground.com/,MA,Regular Member,,delve-underground-4136615,https://members.acecma.org/fullmemberfirmdirectory/Details/delve-underground-4136615,acec_engineering_firms,https://members.acecma.org/fullmemberfirmdirectory/FindStartsWith,2026-03-25T11:26:25.277943+00:00,20260325_112244,cf81dc6f23751d6f0972751b47c92d66,2026-03-25 11:26:25,2026-03-25 11:26:25,1
32,Dewberry,"99 Summer Street , Suite 700 , Boston , MA 02110-1200 , United States","99 Summer Street, Suite 700",Boston,MA,02110-1200,US,(617) 531-0817,https://www.dewberry.com/,MA,Regular Member,,dewberry-4136618,https://members.acecma.org/fullmemberfirmdirectory/Details/dewberry-4136618,acec_engineering_firms,https://members.acecma.org/fullmemberfirmdirectory/FindStartsWith,2026-03-25T11:26:25.277943+00:00,20260325_112244,62bf1faeea45e7d84878bed0f1dc82e3,2026-03-25 11:26:25,2026-03-25 11:26:25,1
33,"Epsilon Associates, Inc","3 Mill & Main Place , Suite 250 , Maynard , MA 01754 , United States","3 Mill & Main Place, Suite 250",Maynard,MA,01754,US,(978) 897-6271,http://www.epsilonassociates.com/,MA,Associate Member,,epsilon-associates-inc-4136610,https://members.acecma.org/fullmemberfirmdirectory/Details/epsilon-associates-inc-4136610,acec_engineering_firms,https://members.acecma.org/fullmemberfirmdirectory/FindStartsWith,2026-03-25T11:26:25.277943+00:00,20260325_112244,a89da5404d0c120953476dada2cc6264,2026-03-25 11:26:25,2026-03-25 11:26:25,1
34,"Fenagh, Inc.","12 Tech Circle , Natick , MA 01760 , United States",12 Tech Circle,Natick,MA,01760,US,(617) 938-3774,https://www.fenaghengineering.com/,MA,Regular Member,,fenagh-inc-4136617,https://members.acecma.org/fullmemberfirmdirectory/Details/fenagh-inc-4136617,acec_engineering_firms,https://members.acecma.org/fullmemberfirmdirectory/FindStartsWith,2026-03-25T11:26:25.277943+00:00,20260325_112244,1d0ac07148086d1317f063351c633787,2026-03-25 11:26:25,2026-03-25 11:26:25,1
35,"Fitzemeyer & Tocci Associates, Inc","300 Unicorn Park Dr, 5th Flr , Woburn , MA 01801 , United States","300 Unicorn Park Dr, 5th Flr",Woburn,MA,01801,US,(781) 974-0057,http://www.f-t.com/,MA,Associate Member,,fitzemeyer-tocci-associates-inc-4136574,https://members.acecma.org/fullmemberfirmdirectory/Details/fitzemeyer-tocci-associates-inc-4136574,acec_engineering_firms,https://members.acecma.org/fullmemberfirmdirectory/FindStartsWith,2026-03-25T11:26:25.277943+00:00,20260325_112244,e7c483ea10fefa014e4a6f30e83199f7,2026-03-25 11:26:25,2026-03-25 11:26:25,1
36,French & Parello Associates,"361 Newbury Street, 5th Floor , Boston , MA 02115 , United States","361 Newbury Street, 5th Floor",Boston,MA,02115,US,(617) 860-1522,https://fpaengineers.com/,MA,Associate Member,,french-parello-associates-4136578,https://members.acecma.org/fullmemberfirmdirectory/Details/french-parello-associates-4136578,acec_engineering_firms,https://members.acecma.org/fullmemberfirmdirectory/FindStartsWith,2026-03-25T11:26:25.277943+00:00,20260325_112244,ec0f93385e071dbb91dae470c81f8b47,2026-03-25 11:26:25,2026-03-25 11:26:25,1
37,"Fuss & O’Neill, Inc","108 Myrtle Street , Suite 502 , Quincy , MA 02171 , United States","108 Myrtle Street, Suite 502",Quincy,MA,02171,US,(617) 379-5886,http://www.fando.com/,MA,Regular Member,,fuss-o-neill-inc-4136622,https://members.acecma.org/fullmemberfirmdirectory/Details/fuss-o-neill-inc-4136622,acec_engineering_firms,https://members.acecma.org/fullmemberfirmdirectory/FindStartsWith,2026-03-25T11:26:25.277943+00:00,20260325_112244,7c767b47a956cd9184c6eed37555f6fa,2026-03-25 11:26:25,2026-03-25 11:26:25,1
38,"GEI Consultants, Inc.","100 Quannapowitt Parkway, Suite 300 , Wakefield , MA 01880 , United States","100 Quannapowitt Parkway, Suite 300",Wakefield,MA,01880,US,(781) 721-4000,https://www.geiconsultants.com/,MA,Regular Member,,gei-consultants-inc-4136625,https://members.acecma.org/fullmemberfirmdirectory/Details/gei-consultants-inc-4136625,acec_engineering_firms,https://members.acecma.org/fullmemberfirmdirectory/FindStartsWith,2026-03-25T11:26:25.277943+00:00,20260325_112244,daa9b3191a4dd72252f8fe2ed113135e,2026-03-25 11:26:25,2026-03-25 11:26:25,1
39,"Geocomp, Inc.","125 Nagog Park , Acton , MA 01720 , United States",125 Nagog Park,Acton,MA,01720,US,(978) 835-1436,http://www.geocomp.com/,MA,Regular Member,,geocomp-inc-4136629,https://members.acecma.org/fullmemberfirmdirectory/Details/geocomp-inc-4136629,acec_engineering_firms,https://members.acecma.org/fullmemberfirmdirectory/FindStartsWith,2026-03-25T11:26:25.277943+00:00,20260325_112244,9609e9cb6847acdab3e77b8cf5dc0a5f,2026-03-25 11:26:25,2026-03-25 11:26:25,1
40,GFT,"175 Federal Street , Suite 800 , Boston , MA 02110 , United States","175 Federal Street, Suite 800",Boston,MA,02110,US,(508) 735-2004,https://www.gftinc.com/,MA,Regular Member,,gft-4136623,https://members.acecma.org/fullmemberfirmdirectory/Details/gft-4136623,acec_engineering_firms,https://members.acecma.org/fullmemberfirmdirectory/FindStartsWith,2026-03-25T11:26:25.277943+00:00,20260325_112244,87b06f8d7c54389be7eb61fd4558d8ff,2026-03-25 11:26:25,2026-03-25 11:26:25,1
41,GHD,"99 South Bedford Street , Suite 225 , Burlington , MA 01803 , United States","99 South Bedford Street, Suite 225",Burlington,MA,01803,US,(781) 750-1926,http://www.ghd.com/,MA,Regular Member,,ghd-4136581,https://members.acecma.org/fullmemberfirmdirectory/Details/ghd-4136581,acec_engineering_firms,https://members.acecma.org/fullmemberfirmdirectory/FindStartsWith,2026-03-25T11:26:25.277943+00:00,20260325_112244,c862a4c35f7dcb632c4872b48be825e2,2026-03-25 11:26:25,2026-03-25 11:26:25,1
42,"Gill Engineering Associates, Inc.","1234 Chestnut Street , Suite 207 , Newton , MA 02464 , United States","1234 Chestnut Street, Suite 207",Newton,MA,02464,US,(508) 958-6701,http://www.gill-eng.com/,MA,Associate Member,,gill-engineering-associates-inc-4136583,https://members.acecma.org/fullmemberfirmdirectory/Details/gill-engineering-associates-inc-4136583,acec_engineering_firms,https://members.acecma.org/fullmemberfirmdirectory/FindStartsWith,2026-03-25T11:26:25.277943+00:00,20260325_112244,fedfe9c62960376bc564a802f4494bcd,2026-03-25 11:26:25,2026-03-25 11:26:25,1
43,"GM2 Associates, Inc.","27 Jefferson St , Taunton , MA 02780 , United States",27 Jefferson St,Taunton,MA,02780,US,(508) 824-6609,http://gm2inc.com/,MA,Associate Member,,gm2-associates-inc-4136633,https://members.acecma.org/fullmemberfirmdirectory/Details/gm2-associates-inc-4136633,acec_engineering_firms,https://members.acecma.org/fullmemberfirmdirectory/FindStartsWith,2026-03-25T11:26:25.277943+00:00,20260325_112244,9bba6e1c411746003829103aafc4e6fc,2026-03-25 11:26:25,2026-03-25 11:26:25,1
44,GPI,"181 Ballardvale Street , Suite 202 , Wilmington , MA 01887 , United States","181 Ballardvale Street, Suite 202",Wilmington,MA,01887,US,(978) 570-2964,http://www.gpinet.com/,MA,Regular Member,,gpi-4136630,https://members.acecma.org/fullmemberfirmdirectory/Details/gpi-4136630,acec_engineering_firms,https://members.acecma.org/fullmemberfirmdirectory/FindStartsWith,2026-03-25T11:26:25.277943+00:00,20260325_112244,655796427949c44eeb6d86e8f579842f,2026-03-25 11:26:25,2026-03-25 11:26:25,1
45,"Green International Affiliates, Inc., A Lochner Company","100 Ames Pond Drive , Suite 200 , Tewksbury , MA 01876 , United States","100 Ames Pond Drive, Suite 200",Tewksbury,MA,01876,US,(978) 923-0400,https://www.greenintl.com/,MA,Regular Member,,green-international-affiliates-inc-a-lochner-company-4136631,https://members.acecma.org/fullmemberfirmdirectory/Details/green-international-affiliates-inc-a-lochner-company-4136631,acec_engineering_firms,https://members.acecma.org/fullmemberfirmdirectory/FindStartsWith,2026-03-25T11:26:25.278942+00:00,20260325_112244,1d7a26116486890055ab04d90dddea5e,2026-03-25 11:26:25,2026-03-25 11:26:25,1
46,"GZA GeoEnvironmental, Inc.","249 Vanderbilt Avenue , Norwood , MA 02062 , United States",249 Vanderbilt Avenue,Norwood,MA,02062,US,(617) 963-1001,http://www.gza.com/,MA,Regular Member,,gza-geoenvironmental-inc-4136627,https://members.acecma.org/fullmemberfirmdirectory/Details/gza-geoenvironmental-inc-4136627,acec_engineering_firms,https://members.acecma.org/fullmemberfirmdirectory/FindStartsWith,2026-03-25T11:26:25.278942+00:00,20260325_112244,38530dbb24b7278dd4b846b41909d53c,2026-03-25 11:26:25,2026-03-25 11:26:25,1
47,H&H,"31 Milk Street , Suite 405 , Boston , MA 02109 , United States","31 Milk Street, Suite 405",Boston,MA,02109,US,(617) 268-2017,https://www.hardestyhanover.com/,MA,Regular Member,,h-h-4136634,https://members.acecma.org/fullmemberfirmdirectory/Details/h-h-4136634,acec_engineering_firms,https://members.acecma.org/fullmemberfirmdirectory/FindStartsWith,2026-03-25T11:26:25.278942+00:00,20260325_112244,495e1345bdc61961ce76a401eebc55cf,2026-03-25 11:26:25,2026-03-25 11:26:25,1
48,"Haley & Aldrich, Inc.","465 Medford Street , Suite 2200 , Boston , MA 02129-1400 , United States","465 Medford Street, Suite 2200",Boston,MA,02129-1400,US,(617) 886-7383,http://www.haleyaldrich.com/,MA,Regular Member,,haley-aldrich-inc-4136635,https://members.acecma.org/fullmemberfirmdirectory/Details/haley-aldrich-inc-4136635,acec_engineering_firms,https://members.acecma.org/fullmemberfirmdirectory/FindStartsWith,2026-03-25T11:26:25.278942+00:00,20260325_112244,482b6381de26dc53cb25540203ccf428,2026-03-25 11:26:25,2026-03-25 11:26:25,1
49,"Haley Ward, Inc.","63 Great Road , Suite 200 , Maynard , MA 01754-2097 , United States","63 Great Road, Suite 200",Maynard,MA,01754-2097,US,(978) 648-6025,https://haleyward.com/,MA,Regular Member,,haley-ward-inc-4136636,https://members.acecma.org/fullmemberfirmdirectory/Details/haley-ward-inc-4136636,acec_engineering_firms,https://members.acecma.org/fullmemberfirmdirectory/FindStartsWith,2026-03-25T11:26:25.278942+00:00,20260325_112244,d22245fe0d820a2d99d7ba9d517e5fec,2026-03-25 11:26:25,2026-03-25 11:26:25,1
50,Hatch Ltd.,"260 Franklin Ave , Boston , MA 02110 , United States",260 Franklin Ave,Boston,MA,02110,US,(617) 594-8021,https://www.hatch.com/en,MA,Regular Member,,hatch-ltd-4136638,https://members.acecma.org/fullmemberfirmdirectory/Details/hatch-ltd-4136638,acec_engineering_firms,https://members.acecma.org/fullmemberfirmdirectory/FindStartsWith,2026-03-25T11:26:25.278942+00:00,20260325_112244,f7097e539afd5ab1242819fb0282ed10,2026-03-25 11:26:25,2026-03-25 11:26:25,1
51,"Hazen and Sawyer, P.C.","50 Milk Street , 5th Floor , Boston , MA 02109 , United States","50 Milk Street, 5th Floor",Boston,MA,02109,US,(857) 305-4075,http://www.hazenandsawyer.com/,MA,Regular Member,,hazen-and-sawyer-p-c-4136637,https://members.acecma.org/fullmemberfirmdirectory/Details/hazen-and-sawyer-p-c-4136637,acec_engineering_firms,https://members.acecma.org/fullmemberfirmdirectory/FindStartsWith,2026-03-25T11:26:25.278942+00:00,20260325_112244,1799a160a8bd252079501e054b7c13fc,2026-03-25 11:26:25,2026-03-25 11:26:25,1
52,HDR,"99 High St , 23rd Floor , Boston , MA 02110-2378 , United States","99 High St, 23rd Floor",Boston,MA,02110-2378,US,(617) 357-7795,https://www.hdrinc.com/,MA,Regular Member,,hdr-4136640,https://members.acecma.org/fullmemberfirmdirectory/Details/hdr-4136640,acec_engineering_firms,https://members.acecma.org/fullmemberfirmdirectory/FindStartsWith,2026-03-25T11:26:25.278942+00:00,20260325_112244,b83ed32718e650ee8bb97c01778a41e1,2026-03-25 11:26:25,2026-03-25 11:26:25,1
53,"Highpoint Engineering, Inc.","980 Washington Street , Suite 216 , Dedham , MA 02026 , United States","980 Washington Street, Suite 216",Dedham,MA,02026,US,(781) 770-0970,http://www.highpointeng.com/,MA,Regular Member,,highpoint-engineering-inc-4136643,https://members.acecma.org/fullmemberfirmdirectory/Details/highpoint-engineering-inc-4136643,acec_engineering_firms,https://members.acecma.org/fullmemberfirmdirectory/FindStartsWith,2026-03-25T11:26:25.278942+00:00,20260325_112244,778023a0ac5375c55c67431a1369d91a,2026-03-25 11:26:25,2026-03-25 11:26:25,1
54,HNTB Corporation,"31 St. James Ave , Suite 300 , Boston , MA 02116 , United States","31 St. James Ave, Suite 300",Boston,MA,02116,US,(617) 542-6900,http://www.hntb.com/,MA,Regular Member,,hntb-corporation-4136641,https://members.acecma.org/fullmemberfirmdirectory/Details/hntb-corporation-4136641,acec_engineering_firms,https://members.acecma.org/fullmemberfirmdirectory/FindStartsWith,2026-03-25T11:26:25.278942+00:00,20260325_112244,0bc1d40e6b19d84ccad727ce836fc66e,2026-03-25 11:26:25,2026-03-25 11:26:25,1
55,Horsley Witten Group,"90 Route 6A , Unit 1 , Sandwich , MA 02563 , United States","90 Route 6A, Unit 1",Sandwich,MA,02563,US,(508) 833-6600,http://www.horsleywitten.com/,MA,Regular Member,,horsley-witten-group-4136645,https://members.acecma.org/fullmemberfirmdirectory/Details/horsley-witten-group-4136645,acec_engineering_firms,https://members.acecma.org/fullmemberfirmdirectory/FindStartsWith,2026-03-25T11:26:25.278942+00:00,20260325_112244,e0be751ac08da6abb6386e9506ec0da1,2026-03-25 11:26:25,2026-03-25 11:26:25,1
56,Howard Stein Hudson,"11 Beacon Street , Suite 1010 , Boston , MA 02108 , United States","11 Beacon Street, Suite 1010",Boston,MA,02108,US,(617) 348-3303,http://www.hshassoc.com/,MA,Regular Member,,howard-stein-hudson-4136585,https://members.acecma.org/fullmemberfirmdirectory/Details/howard-stein-hudson-4136585,acec_engineering_firms,https://members.acecma.org/fullmemberfirmdirectory/FindStartsWith,2026-03-25T11:26:25.278942+00:00,20260325_112244,63e594459c30894da68c25fe4c190a62,2026-03-25 11:26:25,2026-03-25 11:26:25,1
57,"Hoyle, Tanner & Associates, Inc.","285 Billerica Rd, Suite 203 , Chelmsford , MA 01824 , United States","285 Billerica Rd, Suite 203",Chelmsford,MA,01824,US,(978) 252-3625,https://www.hoyletanner.com/,MA,Associate Member,,hoyle-tanner-associates-inc-4136639,https://members.acecma.org/fullmemberfirmdirectory/Details/hoyle-tanner-associates-inc-4136639,acec_engineering_firms,https://members.acecma.org/fullmemberfirmdirectory/FindStartsWith,2026-03-25T11:26:25.278942+00:00,20260325_112244,5b41c4471253e96a1f2f2dc4e7a2df02,2026-03-25 11:26:25,2026-03-25 11:26:25,1
58,IMEG,"10 Franklin Street, Suite 3B , Boston , MA 02110 , United States","10 Franklin Street, Suite 3B",Boston,MA,02110,US,(617) 542-0810 102,https://www.imegcorp.com/,MA,Regular Member,,imeg-4136644,https://members.acecma.org/fullmemberfirmdirectory/Details/imeg-4136644,acec_engineering_firms,https://members.acecma.org/fullmemberfirmdirectory/FindStartsWith,2026-03-25T11:26:25.278942+00:00,20260325_112244,6065547c4de44827a56256ae5c323a07,2026-03-25 11:26:25,2026-03-25 11:26:25,1
59,Infrasense,"21-G Olympia Avenue , Suite 60 , Woburn , MA 01801 , United States","21-G Olympia Avenue, Suite 60",Woburn,MA,01801,US,(781) 281-1686,https://infrasense.com/,MA,Regular Member,,infrasense-4136587,https://members.acecma.org/fullmemberfirmdirectory/Details/infrasense-4136587,acec_engineering_firms,https://members.acecma.org/fullmemberfirmdirectory/FindStartsWith,2026-03-25T11:26:25.278942+00:00,20260325_112244,294990439a82d0c782285a0b6224c917,2026-03-25 11:26:25,2026-03-25 11:26:25,1
60,Jacobs,"120 St. James Ave , 5th Floor , Boston , MA 02116 , United States","120 St. James Ave, 5th Floor",Boston,MA,02116,US,(617) 532-4316,https://www.jacobs.com/,MA,Regular Member,,jacobs-4136649,https://members.acecma.org/fullmemberfirmdirectory/Details/jacobs-4136649,acec_engineering_firms,https://members.acecma.org/fullmemberfirmdirectory/FindStartsWith,2026-03-25T11:26:25.278942+00:00,20260325_112244,c8ab7f94e438e8a98cab7d2e7d61147f,2026-03-25 11:26:25,2026-03-25 11:26:25,1
61,KCI Technologies,"36 Jackman Street , Unit 11 , Georgetown , MA 01833 , United States","36 Jackman Street, Unit 11",Georgetown,MA,01833,US,(617) 716-9236,https://www.kci.com/,MA,Regular Member,,kci-technologies-4136652,https://members.acecma.org/fullmemberfirmdirectory/Details/kci-technologies-4136652,acec_engineering_firms,https://members.acecma.org/fullmemberfirmdirectory/FindStartsWith,2026-03-25T11:26:25.278942+00:00,20260325_112244,3d6d7f590a65390779770be43341caf9,2026-03-25 11:26:25,2026-03-25 11:26:25,1
62,"Kimley-Horn and Associates, Inc.","271 Waverley Oaks Road , Suite 302 , Waltham , MA 02452 , United States","271 Waverley Oaks Road, Suite 302",Waltham,MA,02452,US,(781) 328-0675,http://www.kimley-horn.com/,MA,Associate Member,,kimley-horn-and-associates-inc-4136648,https://members.acecma.org/fullmemberfirmdirectory/Details/kimley-horn-and-associates-inc-4136648,acec_engineering_firms,https://members.acecma.org/fullmemberfirmdirectory/FindStartsWith,2026-03-25T11:26:25.289942+00:00,20260325_112244,cb7652d9b71cd8b8423d0cd9d3fd7ebc,2026-03-25 11:26:25,2026-03-25 11:26:25,1
63,"Kittelson & Associates, Inc.","1 Washington Mall , Suite 1101 , Boston , MA 02108 , United States","1 Washington Mall, Suite 1101",Boston,MA,02108,US,(617) 377-4004,http://www.kittelson.com/offices/boston,MA,Associate Member,,kittelson-associates-inc-4136642,https://members.acecma.org/fullmemberfirmdirectory/Details/kittelson-associates-inc-4136642,acec_engineering_firms,https://members.acecma.org/fullmemberfirmdirectory/FindStartsWith,2026-03-25T11:26:25.289942+00:00,20260325_112244,12b9b3c510b8e391a90a8ea704967f36,2026-03-25 11:26:25,2026-03-25 11:26:25,1
64,Kleinfelder,"One Beacon St , Suite 8100 , Boston , MA 02108 , United States","One Beacon St, Suite 8100",Boston,MA,02108,US,(617) 497-7800,https://www.kleinfelder.com/,MA,Regular Member,,kleinfelder-4136646,https://members.acecma.org/fullmemberfirmdirectory/Details/kleinfelder-4136646,acec_engineering_firms,https://members.acecma.org/fullmemberfirmdirectory/FindStartsWith,2026-03-25T11:26:25.289942+00:00,20260325_112244,3d32efcf87964bfe7ef0deafff6ba1ed,2026-03-25 11:26:25,2026-03-25 11:26:25,1
65,"Lahlaf Geotechnical Consulting, Inc. (LGCI)","100 Chelmsford Road , Suite 2 , Billerica , MA 01862 , United States","100 Chelmsford Road, Suite 2",Billerica,MA,01862,US,(978) 330-5912,http://www.lgcinc.net/,MA,Regular Member,,lahlaf-geotechnical-consulting-inc-lgci-4136589,https://members.acecma.org/fullmemberfirmdirectory/Details/lahlaf-geotechnical-consulting-inc-lgci-4136589,acec_engineering_firms,https://members.acecma.org/fullmemberfirmdirectory/FindStartsWith,2026-03-25T11:26:25.289942+00:00,20260325_112244,7cecbdaa9a8b5aec3c8e73372940ec66,2026-03-25 11:26:25,2026-03-25 11:26:25,1
66,Lamson Engineering Corporation,"437 Cherry Street , #109 , Newton , MA 02465 , United States","437 Cherry Street, #109",Newton,MA,02465,US,(617) 558-0101,http://lamsonengineering.com/,MA,Regular Member,,lamson-engineering-corporation-4136600,https://members.acecma.org/fullmemberfirmdirectory/Details/lamson-engineering-corporation-4136600,acec_engineering_firms,https://members.acecma.org/fullmemberfirmdirectory/FindStartsWith,2026-03-25T11:26:25.289942+00:00,20260325_112244,931ee3a450ad1b0ad3d795ce13f2ada8,2026-03-25 11:26:25,2026-03-25 11:26:25,1
67,"LandTech Consultants, Inc.","515 Groton Road , Westford , MA 01886 , United States",515 Groton Road,Westford,MA,01886,US,(978) 265-2400,http://www.landtechinc.com/,MA,Regular Member,,landtech-consultants-inc-4136601,https://members.acecma.org/fullmemberfirmdirectory/Details/landtech-consultants-inc-4136601,acec_engineering_firms,https://members.acecma.org/fullmemberfirmdirectory/FindStartsWith,2026-03-25T11:26:25.289942+00:00,20260325_112244,c514354a59d2ab997cd9e4750d8d035c,2026-03-25 11:26:25,2026-03-25 11:26:25,1
68,Langan Engineering & Environmental Services,"100 Cambridge Street , Ste 1310 , Boston , MA 02114 , United States","100 Cambridge Street, Ste 1310",Boston,MA,02114,US,(617) 824-9100,http://langan.com/,MA,Regular Member,,langan-engineering-environmental-services-4136647,https://members.acecma.org/fullmemberfirmdirectory/Details/langan-engineering-environmental-services-4136647,acec_engineering_firms,https://members.acecma.org/fullmemberfirmdirectory/FindStartsWith,2026-03-25T11:26:25.289942+00:00,20260325_112244,6e584c94b0a77d73d720b7f270ad1a61,2026-03-25 11:26:25,2026-03-25 11:26:25,1
69,"Lin Associates, Inc","2001 Beacon Street , Suite 310 , Brighton , MA 02135-7786 , United States","2001 Beacon Street, Suite 310",Brighton,MA,02135-7786,US,(617) 566-4216 116,http://www.linboston.com/,MA,Associate Member,,lin-associates-inc-4136608,https://members.acecma.org/fullmemberfirmdirectory/Details/lin-associates-inc-4136608,acec_engineering_firms,https://members.acecma.org/fullmemberfirmdirectory/FindStartsWith,2026-03-25T11:26:25.289942+00:00,20260325_112244,39893c27fb8854d64fa716a2ec23ab40,2026-03-25 11:26:25,2026-03-25 11:26:25,1
70,LiRo-Hill,"One Gateway Center , 300 Washington St #902 , Newton , MA 02458 , United States","One Gateway Center, 300 Washington St #902",Newton,MA,02458,US,,https://www.liro.com/,MA,Regular Member,,liro-hill-4136628,https://members.acecma.org/fullmemberfirmdirectory/Details/liro-hill-4136628,acec_engineering_firms,https://members.acecma.org/fullmemberfirmdirectory/FindStartsWith,2026-03-25T11:26:25.289942+00:00,20260325_112244,1432863136e082863ba2ddf4086bb03d,2026-03-25 11:26:25,2026-03-25 11:26:25,1
71,"LUNA Engineering, Inc.","148 Pioneer Dr , Leominster , MA 01453 , United States",148 Pioneer Dr,Leominster,MA,01453,US,(978) 875-0980,https://lunaengineering.us/,MA,Regular Member,,luna-engineering-inc-4136611,https://members.acecma.org/fullmemberfirmdirectory/Details/luna-engineering-inc-4136611,acec_engineering_firms,https://members.acecma.org/fullmemberfirmdirectory/FindStartsWith,2026-03-25T11:26:25.289942+00:00,20260325_112244,3cf8eb059756fed8991bcf72d1ef700b,2026-03-25 11:26:25,2026-03-25 11:26:25,1
72,LXC Engineering Group LLC,"999 Broadway Suite 201 , Saugus , MA 09106 , United States",999 Broadway Suite 201,Saugus,MA,09106,US,(617) 273-5635,http://www.lxceg.com/,MA,Regular Member,,lxc-engineering-group-llc-4581527,https://members.acecma.org/fullmemberfirmdirectory/Details/lxc-engineering-group-llc-4581527,acec_engineering_firms,https://members.acecma.org/fullmemberfirmdirectory/FindStartsWith,2026-03-25T11:26:25.289942+00:00,20260325_112244,70ee75f0202d8a8d0968742d88368038,2026-03-25 11:26:25,2026-03-25 11:26:25,1
73,McClure,"225 Friend St , Suite 805 , Boston , MA 02114 , United States","225 Friend St, Suite 805",Boston,MA,02114,US,(617) 875-2285,https://mcclurevision.com/,MA,Regular Member,,mcclure-4136663,https://members.acecma.org/fullmemberfirmdirectory/Details/mcclure-4136663,acec_engineering_firms,https://members.acecma.org/fullmemberfirmdirectory/FindStartsWith,2026-03-25T11:26:25.289942+00:00,20260325_112244,624151dcd9f659856bd60ad6926e8aa0,2026-03-25 11:26:25,2026-03-25 11:26:25,1
74,McFarland Johnson,"125 Nagog Park , Suite 220 , Acton , MA 01720 , United States","125 Nagog Park, Suite 220",Acton,MA,01720,US,(978) 795-6942,http://www.mjinc.com/,MA,Regular Member,,mcfarland-johnson-4136653,https://members.acecma.org/fullmemberfirmdirectory/Details/mcfarland-johnson-4136653,acec_engineering_firms,https://members.acecma.org/fullmemberfirmdirectory/FindStartsWith,2026-03-25T11:26:25.289942+00:00,20260325_112244,5edd13f30af56c7fce0592a66409790e,2026-03-25 11:26:25,2026-03-25 11:26:25,1
75,Meridian Associates Inc.,"500 Cummings Center , Suite 5950 , Beverly , MA 01915 , United States","500 Cummings Center, Suite 5950",Beverly,MA,01915,US,(978) 299-0447 254,http://www.meridianassoc.com/,MA,Associate Member,,meridian-associates-inc-4136613,https://members.acecma.org/fullmemberfirmdirectory/Details/meridian-associates-inc-4136613,acec_engineering_firms,https://members.acecma.org/fullmemberfirmdirectory/FindStartsWith,2026-03-25T11:26:25.289942+00:00,20260325_112244,862f975049eb8f327c878de9ee315fad,2026-03-25 11:26:25,2026-03-25 11:26:25,1
76,"Michael Baker International, Inc.","890 Winter Street, Suite 208 , Waltham , MA 02451 , United States","890 Winter Street, Suite 208",Waltham,MA,02451,US,(617) 528-6212,https://mbakerintl.com/,MA,Regular Member,,michael-baker-international-inc-4136650,https://members.acecma.org/fullmemberfirmdirectory/Details/michael-baker-international-inc-4136650,acec_engineering_firms,https://members.acecma.org/fullmemberfirmdirectory/FindStartsWith,2026-03-25T11:26:25.289942+00:00,20260325_112244,c3b9fe65e9c8bfb908d23f006f8188a1,2026-03-25 11:26:25,2026-03-25 11:26:25,1
77,Modjeski & Masters,"301 Manchester Road , Suite 102 , Poughkeepsie , NY 12603 , United States","301 Manchester Road, Suite 102",Poughkeepsie,NY,12603,US,(845) 471-2630,http://www.modjeski.com/,MA,Regular Member,,modjeski-masters-4136571,https://members.acecma.org/fullmemberfirmdirectory/Details/modjeski-masters-4136571,acec_engineering_firms,https://members.acecma.org/fullmemberfirmdirectory/FindStartsWith,2026-03-25T11:26:25.289942+00:00,20260325_112244,145272a2b0c8c685d0052dc507dca7a6,2026-03-25 11:26:25,2026-03-25 11:26:25,1
78,"Mott MacDonald, LLC","101 Station Drive , Suite 230 , Westwood , MA 02090 , United States","101 Station Drive, Suite 230",Westwood,MA,02090,US,(781) 636-4033,http://www.mottmac.com/,MA,Regular Member,,mott-macdonald-llc-4136651,https://members.acecma.org/fullmemberfirmdirectory/Details/mott-macdonald-llc-4136651,acec_engineering_firms,https://members.acecma.org/fullmemberfirmdirectory/FindStartsWith,2026-03-25T11:26:25.289942+00:00,20260325_112244,f13dd0a458d3353ba2183939f97f5840,2026-03-25 11:26:25,2026-03-25 11:26:25,1
79,"MP Engineers, P.C.","101 Arch St, 8th Floor , Boston , MA 02110 , United States","101 Arch St, 8th Floor",Boston,MA,02110,US,(857) 341-2040,https://www.mpengs.com/,MA,Regular Member,,mp-engineers-p-c-4175691,https://members.acecma.org/fullmemberfirmdirectory/Details/mp-engineers-p-c-4175691,acec_engineering_firms,https://members.acecma.org/fullmemberfirmdirectory/FindStartsWith,2026-03-25T11:26:25.291012+00:00,20260325_112244,b55a7dab0521f05272111e4653b28ed6,2026-03-25 11:26:25,2026-03-25 11:26:25,1
80,"Nitsch Engineering, Inc.","2 Center Plaza , Suite 430 , Boston , MA 02108 , United States","2 Center Plaza, Suite 430",Boston,MA,02108,US,(617) 338-0063,http://www.nitscheng.com/,MA,Regular Member,,nitsch-engineering-inc-4136654,https://members.acecma.org/fullmemberfirmdirectory/Details/nitsch-engineering-inc-4136654,acec_engineering_firms,https://members.acecma.org/fullmemberfirmdirectory/FindStartsWith,2026-03-25T11:26:25.291012+00:00,20260325_112244,c809f9c0f3a08f72afd38b96e4462a06,2026-03-25 11:26:25,2026-03-25 11:26:25,1
81,Nobis Group,"55 Technology Dr , Suite 101 , Lowell , MA 01851 , United States","55 Technology Dr, Suite 101",Lowell,MA,01851,US,(978) 703-6011,http://www.nobis-group.com/,MA,Regular Member,,nobis-group-4136667,https://members.acecma.org/fullmemberfirmdirectory/Details/nobis-group-4136667,acec_engineering_firms,https://members.acecma.org/fullmemberfirmdirectory/FindStartsWith,2026-03-25T11:26:25.291012+00:00,20260325_112244,0fd532ddbf491688e1f31aea459bab33,2026-03-25 11:26:25,2026-03-25 11:26:25,1
82,"Norwood Engineering Co, Inc","1410 Providence Hwy , Norwood , MA 02062-5023 , United States",1410 Providence Hwy,Norwood,MA,02062-5023,US,(781) 762-0143,http://www.norwoodengineering.com/,MA,Regular Member,,norwood-engineering-co-inc-4136616,https://members.acecma.org/fullmemberfirmdirectory/Details/norwood-engineering-co-inc-4136616,acec_engineering_firms,https://members.acecma.org/fullmemberfirmdirectory/FindStartsWith,2026-03-25T11:26:25.291012+00:00,20260325_112244,d0b2d9049eb842f5e29d700e9be63305,2026-03-25 11:26:25,2026-03-25 11:26:25,1
83,Orion Engineers & Associates,"83 Cambridge Street, Suite 3D , Burlington , MA 01803 , United States","83 Cambridge Street, Suite 3D",Burlington,MA,01803,US,(517) 727-9584,http://orionengineers.com/,MA,Associate Member,,orion-engineers-associates-4136658,https://members.acecma.org/fullmemberfirmdirectory/Details/orion-engineers-associates-4136658,acec_engineering_firms,https://members.acecma.org/fullmemberfirmdirectory/FindStartsWith,2026-03-25T11:26:25.291012+00:00,20260325_112244,63ccd91a9fc352dc68f3e2cb7933d2b0,2026-03-25 11:26:25,2026-03-25 11:26:25,1
84,Pare Corporation,"10 Lincoln Road, Suite 210 , Suite 210 , Foxboro , MA 02035 , United States","10 Lincoln Road, Suite 210, Suite 210",Foxboro,MA,02035,US,(508) 543-1755 5204,http://www.parecorp.com/,MA,Regular Member,,pare-corporation-4136655,https://members.acecma.org/fullmemberfirmdirectory/Details/pare-corporation-4136655,acec_engineering_firms,https://members.acecma.org/fullmemberfirmdirectory/FindStartsWith,2026-03-25T11:26:25.291012+00:00,20260325_112244,ccebc744aa8717fea832062423e68b5a,2026-03-25 11:26:25,2026-03-25 11:26:25,1
85,Parsons,"100 High Street , 4th Floor , Boston , MA 02110 , United States","100 High Street, 4th Floor",Boston,MA,02110,US,(860) 308-6524,http://www.parsons.com/,MA,Regular Member,,parsons-4136660,https://members.acecma.org/fullmemberfirmdirectory/Details/parsons-4136660,acec_engineering_firms,https://members.acecma.org/fullmemberfirmdirectory/FindStartsWith,2026-03-25T11:26:25.291012+00:00,20260325_112244,6876192211c67c691e32daa39201a65a,2026-03-25 11:26:25,2026-03-25 11:26:25,1
86,"Pennoni Associates, Inc","186 South Street , Suite 403 , Boston , MA 02111 , United States","186 South Street, Suite 403",Boston,MA,02111,US,(877) 871-3263,http://www.pennoni.com/,MA,Associate Member,,pennoni-associates-inc-4581852,https://members.acecma.org/fullmemberfirmdirectory/Details/pennoni-associates-inc-4581852,acec_engineering_firms,https://members.acecma.org/fullmemberfirmdirectory/FindStartsWith,2026-03-25T11:26:25.291012+00:00,20260325_112244,7d942dd3b09c23bc6a8846413f0dceb2,2026-03-25 11:26:25,2026-03-25 11:26:25,1
87,Reliance Engineers,"30 Yarmouth Road , Wellesley , MA 02481 , United States",30 Yarmouth Road,Wellesley,MA,02481,US,(781) 697-8304,http://www.reliance-eng.com/,MA,Regular Member,,reliance-engineers-4136620,https://members.acecma.org/fullmemberfirmdirectory/Details/reliance-engineers-4136620,acec_engineering_firms,https://members.acecma.org/fullmemberfirmdirectory/FindStartsWith,2026-03-25T11:26:25.291012+00:00,20260325_112244,40c98764d937e1f234a931f5f3bd3078,2026-03-25 11:26:25,2026-03-25 11:26:25,1
88,Right Turn Solutions,"610 Ten Rod Rd , North Kingstown , RI 02852 , United States",610 Ten Rod Rd,North Kingstown,RI,02852,US,(401) 533-2007,https://www.rightturnllc.com/,MA,Regular Member,,right-turn-solutions-4136591,https://members.acecma.org/fullmemberfirmdirectory/Details/right-turn-solutions-4136591,acec_engineering_firms,https://members.acecma.org/fullmemberfirmdirectory/FindStartsWith,2026-03-25T11:26:25.291012+00:00,20260325_112244,fecd83a959250c92f3106251dfff90f8,2026-03-25 11:26:25,2026-03-25 11:26:25,1
89,RINA North America,"2 Liberty Square , 8th Floor , Boston , MA 02109 , United States","2 Liberty Square, 8th Floor",Boston,MA,02109,US,(800) 799-7050,https://www.rina.org/en,MA,Regular Member,,rina-north-america-4136656,https://members.acecma.org/fullmemberfirmdirectory/Details/rina-north-america-4136656,acec_engineering_firms,https://members.acecma.org/fullmemberfirmdirectory/FindStartsWith,2026-03-25T11:26:25.291012+00:00,20260325_112244,d4f6717a916860913c126906a6c90290,2026-03-25 11:26:25,2026-03-25 11:26:25,1
90,Samiotes Consultants Inc,,,,MA,,US,(508) 877-6688 812,http://www.samiotes.com/,MA,Regular Member,,samiotes-consultants-inc-4136661,https://members.acecma.org/fullmemberfirmdirectory/Details/samiotes-consultants-inc-4136661,acec_engineering_firms,https://members.acecma.org/fullmemberfirmdirectory/FindStartsWith,2026-03-25T11:26:25.291012+00:00,20260325_112244,e92d779df7089cd3759c379db82030c0,2026-03-25 11:26:25,2026-03-25 11:26:25,1
91,Sanborn Head & Associates Inc.,"98 N. Washington St. , Suite 101 , Boston , MA 02114 , United States","98 N. Washington St., Suite 101",Boston,MA,02114,US,(978) 621-7715,http://www.sanbornhead.com/,MA,Associate Member,,sanborn-head-associates-inc-4136659,https://members.acecma.org/fullmemberfirmdirectory/Details/sanborn-head-associates-inc-4136659,acec_engineering_firms,https://members.acecma.org/fullmemberfirmdirectory/FindStartsWith,2026-03-25T11:26:25.291012+00:00,20260325_112244,d62b94c3000c43a7e5c85c377b6c8c56,2026-03-25 11:26:25,2026-03-25 11:26:25,1
92,Schnabel Engineering Inc.,"25 Dorchester Avenue, #51549 , Boston , MA 02205 , United States","25 Dorchester Avenue, #51549",Boston,MA,02205,US,(781) 454-9858,http://www.jckunderground.com/,MA,Regular Member,,schnabel-engineering-inc-4136657,https://members.acecma.org/fullmemberfirmdirectory/Details/schnabel-engineering-inc-4136657,acec_engineering_firms,https://members.acecma.org/fullmemberfirmdirectory/FindStartsWith,2026-03-25T11:26:25.291012+00:00,20260325_112244,95eb481d72869642c61adf0075feb31f,2026-03-25 11:26:25,2026-03-25 11:26:25,1
93,Simpson Gumpertz & Heger Inc.,"480 Totten Pond Rd , Waltham , MA 02451 , United States",480 Totten Pond Rd,Waltham,MA,02451,US,(781) 907-9135,http://www.sgh.com/,MA,Regular Member,,simpson-gumpertz-heger-inc-4136665,https://members.acecma.org/fullmemberfirmdirectory/Details/simpson-gumpertz-heger-inc-4136665,acec_engineering_firms,https://members.acecma.org/fullmemberfirmdirectory/FindStartsWith,2026-03-25T11:26:25.291012+00:00,20260325_112244,911476e32bec73e2adbe7e52887b346d,2026-03-25 11:26:25,2026-03-25 11:26:25,1
94,SLR Consulting,"67 Hunt St , Suite 203-C , Agawam , MA 01001 , United States","67 Hunt St, Suite 203-C",Agawam,MA,01001,US,(603) 212-6093,https://www.slrconsulting.com/,MA,Regular Member,,slr-consulting-4136662,https://members.acecma.org/fullmemberfirmdirectory/Details/slr-consulting-4136662,acec_engineering_firms,https://members.acecma.org/fullmemberfirmdirectory/FindStartsWith,2026-03-25T11:26:25.291012+00:00,20260325_112244,f65cc7d8f83c0891dea14c95231f96eb,2026-03-25 11:26:25,2026-03-25 11:26:25,1
95,SMMA,"1000 Massachusetts Ave , Cambridge , MA 02138-5304 , United States",1000 Massachusetts Ave,Cambridge,MA,02138-5304,US,(617) 233-6597,https://www.smma.com/,MA,Regular Member,,smma-4136619,https://members.acecma.org/fullmemberfirmdirectory/Details/smma-4136619,acec_engineering_firms,https://members.acecma.org/fullmemberfirmdirectory/FindStartsWith,2026-03-25T11:26:25.291012+00:00,20260325_112244,08e737ef64ad3b13fa83c50793767ae9,2026-03-25 11:26:25,2026-03-25 11:26:25,1
96,Stacey DePasquale Engineering (SDE),,,,MA,,US,(978) 975-0500,http://www.sde-inc.com/,MA,Regular Member,,stacey-depasquale-engineering-sde-4136621,https://members.acecma.org/fullmemberfirmdirectory/Details/stacey-depasquale-engineering-sde-4136621,acec_engineering_firms,https://members.acecma.org/fullmemberfirmdirectory/FindStartsWith,2026-03-25T11:26:25.292014+00:00,20260325_112244,f915049eded3fbe4d6757c72bb31dc34,2026-03-25 11:26:25,2026-03-25 11:26:25,1
97,Stantec,"45 Blue Sky Drive , 3rd Floor , Burlington , MA 01803-2756 , United States","45 Blue Sky Drive, 3rd Floor",Burlington,MA,01803-2756,US,(781) 221-1132,https://www.stantec.com/en,MA,Regular Member,,stantec-4178393,https://members.acecma.org/fullmemberfirmdirectory/Details/stantec-4178393,acec_engineering_firms,https://members.acecma.org/fullmemberfirmdirectory/FindStartsWith,2026-03-25T11:26:25.292014+00:00,20260325_112244,af58997aa80f70f020b85a928affd789,2026-03-25 11:26:25,2026-03-25 11:26:25,1
98,Steere Engineering Inc,"2350 Post Road , Suite 100 , Warwick , RI 02886 , United States","2350 Post Road, Suite 100",Warwick,RI,02886,US,(401) 773-7880 10,http://www.steereengineering.com/,MA,Regular Member,,steere-engineering-inc-4136569,https://members.acecma.org/fullmemberfirmdirectory/Details/steere-engineering-inc-4136569,acec_engineering_firms,https://members.acecma.org/fullmemberfirmdirectory/FindStartsWith,2026-03-25T11:26:25.292014+00:00,20260325_112244,f98a4a35ea489f49c9a14ff5cd76fc4f,2026-03-25 11:26:25,2026-03-25 11:26:25,1
99,STV Incorporated,"One Financial Center, 3rd Floor , Boston , MA 02111-2621 , United States","One Financial Center, 3rd Floor",Boston,MA,02111-2621,US,6174470823,http://www.stvinc.com/,MA,Regular Member,,stv-incorporated-4136666,https://members.acecma.org/fullmemberfirmdirectory/Details/stv-incorporated-4136666,acec_engineering_firms,https://members.acecma.org/fullmemberfirmdirectory/FindStartsWith,2026-03-25T11:26:25.292014+00:00,20260325_112244,10ffb1db475fae1c50fbc7a6f5b476f6,2026-03-25 11:26:25,2026-03-25 11:26:25,1
100,"Tata & Howard, Inc.","201 Boston Post Road West , Marlborough , MA 01752 , United States",201 Boston Post Road West,Marlborough,MA,01752,US,(508) 219-4021,http://www.tataandhoward.com/,MA,Regular Member,,tata-howard-inc-4136668,https://members.acecma.org/fullmemberfirmdirectory/Details/tata-howard-inc-4136668,acec_engineering_firms,https://members.acecma.org/fullmemberfirmdirectory/FindStartsWith,2026-03-25T11:26:25.292014+00:00,20260325_112244,01748191cf1ae125924ef3487e103f1d,2026-03-25 11:26:25,2026-03-25 11:26:25,1
