id,company_name,address,city,state,zip_code,country,phone,email,website,location_id,doing_business_as,accreditation_program,accreditation_type,accreditation_level,programme_category,program_status,effective_date,resurvey_date,days_until_resurvey,certification_number,specialty_code,bed_count,trauma_level,teaching_status,services_offered,dataset,source_url,crawl_date,crawl_session,dedup_hash,first_seen,last_seen,is_new
1,314 Surgery Center LLC,2840 Clark Ave.,St. Louis,MO,63103,United States,,,,440428,,AMBULATORY SURGERY CENTER,ambulatorySurgicalCenterDeemed,Deemed Status,Ambulatory / Surgical,Active,2025-11-19,2028-11-19,969,,ambulatorySurgicalCenterDeemed,,,,,achc_accredited_providers,https://achc.org/search-facilities/,2026-03-26T06:12:59.243490+00:00,20260326_061233,ed5c40923c88d1fb923910b5b79f6b06,2026-03-26 06:12:59,2026-03-26 06:12:59,1
2,3P Omics Inc.,1445 North Loop West. Suite 950,Houston,TX,77008,United States,,,,440338,Tovana Health,LABORATORY,laboratoryDeemed,Deemed Status,Laboratory,Active,2025-04-29,2027-04-29,399,,laboratoryDeemed,,,,,achc_accredited_providers,https://achc.org/search-facilities/,2026-03-26T06:12:59.243490+00:00,20260326_061233,d33e3316bfb6c284517c0f6fabcdded3,2026-03-26 06:12:59,2026-03-26 06:12:59,1
3,Abilene Express ER,4157 Buffalo Gap Road,Abilene,TX,79605,United States,,,https://ExpressERAbilene.com,440193,DBA Express ER,OFFICE-BASED SURGERY,ambulatoryCare,Accredited,Ambulatory / Surgical,Active,2024-06-10,2027-06-10,441,,ambulatoryCare,,,,,achc_accredited_providers,https://achc.org/search-facilities/,2026-03-26T06:12:59.243490+00:00,20260326_061233,84860ac410a190d838eb6b25f4fcb72e,2026-03-26 06:12:59,2026-03-26 06:12:59,1
4,Access Ambulatory Surgery Center,45 Dartmouth Dr,Auburn,NH,03032,United States,,,,440147,Auburn Surgery Center,AMBULATORY SURGERY CENTER,ambulatorySurgicalCenterDeemed,Deemed Status,Ambulatory / Surgical,Active,2024-08-02,2027-08-02,494,,ambulatorySurgicalCenterDeemed,,,,,achc_accredited_providers,https://achc.org/search-facilities/,2026-03-26T06:12:59.243490+00:00,20260326_061233,12483823ef7f7308e08f9a4a634f48f1,2026-03-26 06:12:59,2026-03-26 06:12:59,1
5,"Achy Legs Clinic, LLC",25450 Kuykendahl Road,Tomball,TX,77375,United States,,,,440479,The Center for Cardiovascular Excellence,LABORATORY,laboratoryDeemed,Deemed Status,Laboratory,Active,2025-03-25,2027-03-25,364,,laboratoryDeemed,,,,,achc_accredited_providers,https://achc.org/search-facilities/,2026-03-26T06:12:59.243490+00:00,20260326_061233,d3c5fcd13630daa78e70cfc9aa45a242,2026-03-26 06:12:59,2026-03-26 06:12:59,1
6,Adams County Emergency Medical Service,1100 Mercer Ave,Decatur,IN,46733-2303,United States,,,,188880,,LABORATORY,laboratoryDeemed,Deemed Status,Laboratory,Active,2025-04-08,2027-04-08,378,,laboratoryDeemed,,,,,achc_accredited_providers,https://achc.org/search-facilities/,2026-03-26T06:12:59.243490+00:00,20260326_061233,ca55b2cc1c75e8c6e300995249e21406,2026-03-26 06:12:59,2026-03-26 06:12:59,1
7,Adams Medical Group - Monroeville,504 W South Street.,Monroeville,IN,46773,United States,,,,439819,,LABORATORY,laboratoryDeemed,Deemed Status,Laboratory,Active,2025-01-18,2027-01-18,298,,laboratoryDeemed,,,,,achc_accredited_providers,https://achc.org/search-facilities/,2026-03-26T06:12:59.243490+00:00,20260326_061233,29a30b17fc04b7cb1716e8e541f6fb38,2026-03-26 06:12:59,2026-03-26 06:12:59,1
8,Adams Medical Group - Obstetrics and Newborn Clinic,1100 Mercer Ave,Decatur,IN,46733-2303,United States,,,,439452,,LABORATORY,laboratoryDeemed,Deemed Status,Laboratory,Active,2025-04-08,2027-04-08,378,,laboratoryDeemed,,,,,achc_accredited_providers,https://achc.org/search-facilities/,2026-03-26T06:12:59.243490+00:00,20260326_061233,8a16a60a5e2d10e7397d5414d7d0a898,2026-03-26 06:12:59,2026-03-26 06:12:59,1
9,Adams Medical Group-Berne,"1521 W Main St., Suite 1",Berne,IN,46711-1797,United States,,,,439451,,LABORATORY,laboratoryDeemed,Deemed Status,Laboratory,Active,2025-03-25,2027-03-25,364,,laboratoryDeemed,,,,,achc_accredited_providers,https://achc.org/search-facilities/,2026-03-26T06:12:59.243490+00:00,20260326_061233,8586d2ec1e8422bb640f5753a2ac2e57,2026-03-26 06:12:59,2026-03-26 06:12:59,1
10,Adams Memorial Hospital,1100 Mercer Ave,Decatur,IN,46733-2303,United States,,,,188877,,LABORATORY,laboratoryDeemed,Deemed Status,Laboratory,Active,2025-04-08,2027-04-08,378,,laboratoryDeemed,,,,,achc_accredited_providers,https://achc.org/search-facilities/,2026-03-26T06:12:59.243490+00:00,20260326_061233,6ad1e3d393b42880fa7d54c70fce55b7,2026-03-26 06:12:59,2026-03-26 06:12:59,1
11,Adams Memorial Hospital,1100 Mercer Ave PO Box 151,Decatur,IN,46733-2303,United States,,,https://www.adamshospital.com,169905,,CRITICAL ACCESS HOSPITAL,criticalAccessHospitalDeemed,Deemed Status,Hospital,Active,2024-12-07,2027-12-07,621,,criticalAccessHospitalDeemed,,,,,achc_accredited_providers,https://achc.org/search-facilities/,2026-03-26T06:12:59.243490+00:00,20260326_061233,091b96152a67c8cd80281a5312c73944,2026-03-26 06:12:59,2026-03-26 06:12:59,1
12,Adams Memorial Hospital DBA Adams Medical Group - High Street,955 High St,Decatur,IN,46733-2360,United States,,,,439460,,LABORATORY,laboratoryDeemed,Deemed Status,Laboratory,Active,2025-03-25,2027-03-25,364,,laboratoryDeemed,,,,,achc_accredited_providers,https://achc.org/search-facilities/,2026-03-26T06:12:59.243490+00:00,20260326_061233,6a40e608a5fc15f2ca5788ffea94c071,2026-03-26 06:12:59,2026-03-26 06:12:59,1
13,Adams Memorial Hospital DBA Adams Medical Group-Woodcrest,1300 Mercer Ave,Decatur,IN,46733-2407,United States,,,,418839,,LABORATORY,laboratoryDeemed,Deemed Status,Laboratory,Active,2025-03-25,2027-03-25,364,,laboratoryDeemed,,,,,achc_accredited_providers,https://achc.org/search-facilities/,2026-03-26T06:12:59.243490+00:00,20260326_061233,7acaeb40394daf415dae3bc7d9a3b720,2026-03-26 06:12:59,2026-03-26 06:12:59,1
14,Adams Memorial Hospital DBA Decatur Family Medicine,1100 Mercer Ave,Decatur,IN,46733-2303,United States,,,,327837,,LABORATORY,laboratoryDeemed,Deemed Status,Laboratory,Active,2025-04-08,2027-04-08,378,,laboratoryDeemed,,,,,achc_accredited_providers,https://achc.org/search-facilities/,2026-03-26T06:12:59.243490+00:00,20260326_061233,c0bcfd895b6bd1b447997a5b8b920555,2026-03-26 06:12:59,2026-03-26 06:12:59,1
15,Adams Memorial Hospital DBA Geneva Family Medicine,1040 W 950 S,Geneva,IN,46740-1020,United States,,,,370205,,LABORATORY,laboratoryDeemed,Deemed Status,Laboratory,Active,2025-04-08,2027-04-08,378,,laboratoryDeemed,,,,,achc_accredited_providers,https://achc.org/search-facilities/,2026-03-26T06:12:59.243490+00:00,20260326_061233,0b78ce1433f7cac3fc1c6fa777ead85b,2026-03-26 06:12:59,2026-03-26 06:12:59,1
16,Adams Memorial Hospital DBA Monroe Family Med,205 Tower Dr,Monroe,IN,46772-9362,United States,,,,188887,,LABORATORY,laboratoryDeemed,Deemed Status,Laboratory,Active,2025-04-08,2027-04-08,378,,laboratoryDeemed,,,,,achc_accredited_providers,https://achc.org/search-facilities/,2026-03-26T06:12:59.243490+00:00,20260326_061233,a85baa5fd5afc58462c470ca39888ea7,2026-03-26 06:12:59,2026-03-26 06:12:59,1
17,Adams StatCare and Behavioral Health,1401 N 13th St,Decatur,IN,46733-2303,United States,,,,188884,,LABORATORY,laboratoryDeemed,Deemed Status,Laboratory,Active,2025-04-08,2027-04-08,378,,laboratoryDeemed,,,,,achc_accredited_providers,https://achc.org/search-facilities/,2026-03-26T06:12:59.243490+00:00,20260326_061233,ddf740e4f28a24fcafa168ee2b762ca8,2026-03-26 06:12:59,2026-03-26 06:12:59,1
18,Adirondack Health,2233 State Route 86,Saranac Lake,NY,12983,United States,,,,418949,,JOINT REPLACEMENT COMPREHENSIVE (INPATIENT),jointReplacementComprehensive,Certified,Joint Replacement,Active,2025-03-04,2026-09-04,162,,jointReplacementComprehensive,,,,,achc_accredited_providers,https://achc.org/search-facilities/,2026-03-26T06:12:59.243490+00:00,20260326_061233,2b34c4762aea654223932df9098be470,2026-03-26 06:12:59,2026-03-26 06:12:59,1
19,Adirondack Medical Center,2233 State Route 86,Saranac Lake,NY,12983,United States,,,https://www.adirondackhealth.org,164332,,ACUTE CARE HOSPITAL,acuteCareDeemed,Deemed Status,Hospital,Active,2023-11-05,2026-11-05,224,,acuteCareDeemed,,,,,achc_accredited_providers,https://achc.org/search-facilities/,2026-03-26T06:12:59.243490+00:00,20260326_061233,18148fecc32dfe5ca54d68ac0be61ed7,2026-03-26 06:12:59,2026-03-26 06:12:59,1
20,"Advanced Ambulatory Surgery Center, LLC","1901 W. Lugonia Ave, Suite 100",Redlands,CA,92374,United States,,,,440462,,AMBULATORY SURGERY CENTER,ambulatorySurgicalCenterDeemed,Deemed Status,Ambulatory / Surgical,Active,2025-07-08,2028-07-08,835,,ambulatorySurgicalCenterDeemed,,,,,achc_accredited_providers,https://achc.org/search-facilities/,2026-03-26T06:12:59.243490+00:00,20260326_061233,b54fbd4b6d9d7027a2ec4d151eb33a42,2026-03-26 06:12:59,2026-03-26 06:12:59,1
21,Advanced Dermatology & Cosmetic Surgery - Ocala,"1918 SE 17th St, Suite 300",Ocala,FL,34471,United States,,,,327657,,LABORATORY,laboratoryDeemed,Deemed Status,Laboratory,Active,2026-01-20,2028-01-20,665,,laboratoryDeemed,,,,,achc_accredited_providers,https://achc.org/search-facilities/,2026-03-26T06:12:59.243490+00:00,20260326_061233,f9568bd7aa57df005e577e2e7c257a4e,2026-03-26 06:12:59,2026-03-26 06:12:59,1
22,Advanced Dermatology & Cosmetic Surgery - Sebastian,"484 US Hwy 1, Suite C",Sebastian,FL,32958,United States,,,,371339,,LABORATORY,laboratoryDeemed,Deemed Status,Laboratory,Active,2026-02-10,2028-02-10,686,,laboratoryDeemed,,,,,achc_accredited_providers,https://achc.org/search-facilities/,2026-03-26T06:12:59.243490+00:00,20260326_061233,b882b258bca35262b66bde71d2246a66,2026-03-26 06:12:59,2026-03-26 06:12:59,1
23,Advanced Dermatology & Cosmetic Surgery - Vero Terrace 429,3755 7th Terrace,Vero Beach,FL,32960,United States,,,,440524,,LABORATORY,laboratoryDeemed,Deemed Status,Laboratory,Active,2026-03-03,2028-03-03,708,,laboratoryDeemed,,,,,achc_accredited_providers,https://achc.org/search-facilities/,2026-03-26T06:12:59.243490+00:00,20260326_061233,953ece4ad1be4fccdb1140c247bd4eb5,2026-03-26 06:12:59,2026-03-26 06:12:59,1
24,Advanced Dermatology & Cosmetic Surgery (Cape Coral),"632 Del Prado Blvd., Suite 201",Cape Coral,FL,33909,United States,,,,385983,,LABORATORY,laboratoryDeemed,Deemed Status,Laboratory,Active,2025-01-26,2027-01-26,306,,laboratoryDeemed,,,,,achc_accredited_providers,https://achc.org/search-facilities/,2026-03-26T06:12:59.243490+00:00,20260326_061233,e37036f8dab89bd1b19f3affff3e0a4d,2026-03-26 06:12:59,2026-03-26 06:12:59,1
25,Advanced Dermatology & Cosmetic Surgery (Clermont),"1920 Don Wickham Drive, Suite 330",Clermont,FL,34711-1978,United States,,,,328340,,LABORATORY,laboratoryDeemed,Deemed Status,Laboratory,Active,2025-02-09,2027-02-09,320,,laboratoryDeemed,,,,,achc_accredited_providers,https://achc.org/search-facilities/,2026-03-26T06:12:59.243490+00:00,20260326_061233,f46c3e31df901cddd7a0f0c51f8bcbbc,2026-03-26 06:12:59,2026-03-26 06:12:59,1
26,Advanced Dermatology & Cosmetic Surgery (DeBary),"2893 Enterprise Road, Suite 100",DeBary,FL,32713,United States,,,,329272,,LABORATORY,laboratoryDeemed,Deemed Status,Laboratory,Active,2025-08-12,2027-08-12,504,,laboratoryDeemed,,,,,achc_accredited_providers,https://achc.org/search-facilities/,2026-03-26T06:12:59.243490+00:00,20260326_061233,334609ed751e92318aabe95151b37f3c,2026-03-26 06:12:59,2026-03-26 06:12:59,1
27,Advanced Dermatology & Cosmetic Surgery (Delray Beach),1300 NW 17th Ave Ste 130,Delray Beach,FL,33445,United States,,,,325108,,LABORATORY,laboratoryDeemed,Deemed Status,Laboratory,Active,2024-08-19,2026-08-19,146,,laboratoryDeemed,,,,,achc_accredited_providers,https://achc.org/search-facilities/,2026-03-26T06:12:59.243490+00:00,20260326_061233,5ca1e1230b4b2f871db575140ac99e13,2026-03-26 06:12:59,2026-03-26 06:12:59,1
28,Advanced Dermatology & Cosmetic Surgery (Ft Myers),7310 College Pkwy,Fort Myers,FL,33907,United States,,,,327656,,LABORATORY,laboratoryDeemed,Deemed Status,Laboratory,Active,2025-01-18,2027-01-18,298,,laboratoryDeemed,,,,,achc_accredited_providers,https://achc.org/search-facilities/,2026-03-26T06:12:59.243490+00:00,20260326_061233,1e48eea4481afabd444e51c40ab2fb09,2026-03-26 06:12:59,2026-03-26 06:12:59,1
29,Advanced Dermatology & Cosmetic Surgery (Heathrow),120 International Pkwy Stuie 240,Heathrow,FL,32746,United States,,,,328339,,LABORATORY,laboratoryDeemed,Deemed Status,Laboratory,Active,2025-02-08,2027-02-08,319,,laboratoryDeemed,,,,,achc_accredited_providers,https://achc.org/search-facilities/,2026-03-26T06:12:59.243490+00:00,20260326_061233,9b6299730af6da507b6586fd7272a578,2026-03-26 06:12:59,2026-03-26 06:12:59,1
30,Advanced Dermatology & Cosmetic Surgery (Islamorada),82245 Overseas Hwy,Islamorada,FL,33036,United States,,,,347574,,LABORATORY,laboratoryDeemed,Deemed Status,Laboratory,Active,2025-04-08,2027-04-08,378,,laboratoryDeemed,,,,,achc_accredited_providers,https://achc.org/search-facilities/,2026-03-26T06:12:59.244491+00:00,20260326_061233,e5d248d5d44c316f3044a9c11a788f01,2026-03-26 06:12:59,2026-03-26 06:12:59,1
31,Advanced Dermatology & Cosmetic Surgery (New Port Richey),8209 SR 54,New Port Richey,FL,34655,United States,,,,370502,,LABORATORY,laboratoryDeemed,Deemed Status,Laboratory,Active,2025-02-21,2027-02-21,332,,laboratoryDeemed,,,,,achc_accredited_providers,https://achc.org/search-facilities/,2026-03-26T06:12:59.244491+00:00,20260326_061233,8e72330e534f558228af09722fe26d39,2026-03-26 06:12:59,2026-03-26 06:12:59,1
32,Advanced Dermatology & Cosmetic Surgery (Orlando),"1507 Park Center Drive, Suite 1D",Orlando,FL,32835,United States,,,,328335,,LABORATORY,laboratoryDeemed,Deemed Status,Laboratory,Active,2025-02-10,2027-02-10,321,,laboratoryDeemed,,,,,achc_accredited_providers,https://achc.org/search-facilities/,2026-03-26T06:12:59.244491+00:00,20260326_061233,4022203a5572080d8f124ed7908bef94,2026-03-26 06:12:59,2026-03-26 06:12:59,1
33,Advanced Dermatology & Cosmetic Surgery (Ormond Beach),725 W Granada Blvd Suite 44,Ormond Beach,FL,32174,United States,,,,328338,,LABORATORY,laboratoryDeemed,Deemed Status,Laboratory,Active,2025-02-08,2027-02-08,319,,laboratoryDeemed,,,,,achc_accredited_providers,https://achc.org/search-facilities/,2026-03-26T06:12:59.244491+00:00,20260326_061233,de51a934ef87c5705ea521bb65991e49,2026-03-26 06:12:59,2026-03-26 06:12:59,1
34,Advanced Dermatology & Cosmetic Surgery (Oviedo),"1410 W Broadway Street, Suite 205",Oviedo,FL,32765-6472,United States,,,,340882,,LABORATORY,laboratoryDeemed,Deemed Status,Laboratory,Active,2023-04-27,2025-04-27,-333,,laboratoryDeemed,,,,,achc_accredited_providers,https://achc.org/search-facilities/,2026-03-26T06:12:59.244491+00:00,20260326_061233,1a3785fb831cc590255b10649cd0a341,2026-03-26 06:12:59,2026-03-26 06:12:59,1
35,Advanced Dermatology & Cosmetic Surgery (Riverview),9598 US Highway 301 S,Riverview,FL,33578,United States,,,,328766,,LABORATORY,laboratoryDeemed,Deemed Status,Laboratory,Active,2025-05-04,2027-05-04,404,,laboratoryDeemed,,,,,achc_accredited_providers,https://achc.org/search-facilities/,2026-03-26T06:12:59.244491+00:00,20260326_061233,40a88e711e858b06cc14bb6ab49171de,2026-03-26 06:12:59,2026-03-26 06:12:59,1
36,Advanced Dermatology & Cosmetic Surgery (St Cloud),3006 17th Street,St Cloud,FL,34769,United States,,,,439972,,LABORATORY,laboratoryDeemed,Deemed Status,Laboratory,Active,2023-03-17,2025-03-17,-374,,laboratoryDeemed,,,,,achc_accredited_providers,https://achc.org/search-facilities/,2026-03-26T06:12:59.244491+00:00,20260326_061233,afd3ca84f87a086f8fcdc8ee6f01b778,2026-03-26 06:12:59,2026-03-26 06:12:59,1
37,Advanced Dermatology & Cosmetic Surgery (St Petersburg),"900 Carillon Parkway, Suite 404",Saint Petersburg,FL,33716,United States,,,,385173,,LABORATORY,laboratoryDeemed,Deemed Status,Laboratory,Active,2025-01-25,2027-01-25,305,,laboratoryDeemed,,,,,achc_accredited_providers,https://achc.org/search-facilities/,2026-03-26T06:12:59.244491+00:00,20260326_061233,d9aa3695e58b90db48ee2d78995aacdd,2026-03-26 06:12:59,2026-03-26 06:12:59,1
38,Advanced Dermatology & Cosmetic Surgery (Tampa -Univ Pt Pl),14521 University Point Pl,Tampa,FL,33613,United States,,,,370498,,LABORATORY,laboratoryDeemed,Deemed Status,Laboratory,Active,2025-09-15,2027-09-15,538,,laboratoryDeemed,,,,,achc_accredited_providers,https://achc.org/search-facilities/,2026-03-26T06:12:59.244491+00:00,20260326_061233,553d39840bbc1bc5844fdf7c751b3eee,2026-03-26 06:12:59,2026-03-26 06:12:59,1
39,Advanced Dermatology & Cosmetic Surgery (Tampa-Deleon St.),"2835 W Deleon Street, Suite 103",Tampa,FL,33609,United States,,,,370497,,LABORATORY,laboratoryDeemed,Deemed Status,Laboratory,Active,2025-09-15,2027-09-15,538,,laboratoryDeemed,,,,,achc_accredited_providers,https://achc.org/search-facilities/,2026-03-26T06:12:59.244491+00:00,20260326_061233,b1adc96dfa594adff79fc9faaba4a9a3,2026-03-26 06:12:59,2026-03-26 06:12:59,1
40,Advanced Dermatology & Cosmetic Surgery (Tavares),1816 Salk Ave,Tavares,FL,32778-4300,United States,,,,327658,,LABORATORY,laboratoryDeemed,Deemed Status,Laboratory,Active,2025-01-17,2027-01-17,297,,laboratoryDeemed,,,,,achc_accredited_providers,https://achc.org/search-facilities/,2026-03-26T06:12:59.244491+00:00,20260326_061233,a1bb7ad28ade058db576094d3b2244e0,2026-03-26 06:12:59,2026-03-26 06:12:59,1
41,Advanced Dermatology & Cosmetic Surgery (The Villages-Buenos Aires),1503 Buenos Aires Blvd Ste 100,The Villages,FL,32159,United States,,,,327660,,LABORATORY,laboratoryDeemed,Deemed Status,Laboratory,Active,2025-01-17,2027-01-17,297,,laboratoryDeemed,,,,,achc_accredited_providers,https://achc.org/search-facilities/,2026-03-26T06:12:59.244491+00:00,20260326_061233,6322ac6d458615f9b372938ceee99f61,2026-03-26 06:12:59,2026-03-26 06:12:59,1
42,Advanced Dermatology & Cosmetic Surgery (Wesley Chapel),27612 Cashford Circle Ste 102,Wesley Chapel,FL,33544,United States,,,,419953,,LABORATORY,laboratoryDeemed,Deemed Status,Laboratory,Active,2025-06-05,2027-06-05,436,,laboratoryDeemed,,,,,achc_accredited_providers,https://achc.org/search-facilities/,2026-03-26T06:12:59.244491+00:00,20260326_061233,99d63d0c263ab18d0aab968ebd4167b8,2026-03-26 06:12:59,2026-03-26 06:12:59,1
43,Advanced Dermatology & Cosmetic Surgery (Winter Park - Lee Rd),1801 Lee Road Suite 115,Winter Park,FL,32789,United States,,,,361269,,LABORATORY,laboratoryDeemed,Deemed Status,Laboratory,Active,2024-08-20,2026-08-20,147,,laboratoryDeemed,,,,,achc_accredited_providers,https://achc.org/search-facilities/,2026-03-26T06:12:59.244491+00:00,20260326_061233,39e17dba3d946a9948b423cb0c814977,2026-03-26 06:12:59,2026-03-26 06:12:59,1
44,Advanced Dermatology and Cosmetic Surgery - Palm Coast,8 Office Park Dr Suite A,Palm Coast,FL,32137,United States,,,,411329,,LABORATORY,laboratoryDeemed,Deemed Status,Laboratory,Active,2026-01-21,2028-01-21,666,,laboratoryDeemed,,,,,achc_accredited_providers,https://achc.org/search-facilities/,2026-03-26T06:12:59.244491+00:00,20260326_061233,c381b66ba72b1534cff7319efc6f9082,2026-03-26 06:12:59,2026-03-26 06:12:59,1
45,Advanced Dermatology and Cosmetic Surgery (Brownwood),2955 Brownwood Blvd Suite 204,The Villages,FL,32163,United States,,,,440483,,LABORATORY,laboratoryDeemed,Deemed Status,Laboratory,Active,2025-10-22,2027-10-22,575,,laboratoryDeemed,,,,,achc_accredited_providers,https://achc.org/search-facilities/,2026-03-26T06:12:59.244491+00:00,20260326_061233,fd22ac881fb05f1905fb86d117aa00c3,2026-03-26 06:12:59,2026-03-26 06:12:59,1
46,Advanced Dermatology Mobile Van Lab,151 Southhall Ln. Suite 300,Maitland,FL,32751,United States,,,,328341,,LABORATORY,laboratoryDeemed,Deemed Status,Laboratory,Active,2025-02-09,2027-02-09,320,,laboratoryDeemed,,,,,achc_accredited_providers,https://achc.org/search-facilities/,2026-03-26T06:12:59.244491+00:00,20260326_061233,d2cb32243b6720746dc3dd2c66cf055b,2026-03-26 06:12:59,2026-03-26 06:12:59,1
47,Advanced Dermatology of Colorado - Poudre River,1100 Poudre River Dr,Fort Collins,CO,80524,United States,,,,438385,,LABORATORY,laboratoryDeemed,Deemed Status,Laboratory,Active,2020-09-24,2022-09-24,-1279,,laboratoryDeemed,,,,,achc_accredited_providers,https://achc.org/search-facilities/,2026-03-26T06:12:59.244491+00:00,20260326_061233,a8315c1ad99a224bcf0d377dab5ed6ec,2026-03-26 06:12:59,2026-03-26 06:12:59,1
48,Advanced Dermatology of Colorado (Aurora),"13701 E Mississippi Ave, Suite 320",Aurora,CO,80012,United States,,,,440105,,LABORATORY,laboratoryDeemed,Deemed Status,Laboratory,Active,2024-07-25,2026-07-25,121,,laboratoryDeemed,,,,,achc_accredited_providers,https://achc.org/search-facilities/,2026-03-26T06:12:59.244491+00:00,20260326_061233,b2e92d7a1f77fbb5b21e8886ee1b7a24,2026-03-26 06:12:59,2026-03-26 06:12:59,1
49,Advanced Dermatology of Colorado (Castle Rock),"4344 Woodlands Blvd, Suite 160",Castle Rock,CO,80104,United States,,,,440104,,LABORATORY,laboratoryDeemed,Deemed Status,Laboratory,Active,2024-07-25,2026-07-25,121,,laboratoryDeemed,,,,,achc_accredited_providers,https://achc.org/search-facilities/,2026-03-26T06:12:59.244491+00:00,20260326_061233,355a9009ec9c0eadcda3789030eb2d69,2026-03-26 06:12:59,2026-03-26 06:12:59,1
50,Advanced Dermatology of Colorado (Denver – Poplar),3540 S Poplar St.. Suite 300,Denver,CO,80237,United States,,,,440107,,LABORATORY,laboratoryDeemed,Deemed Status,Laboratory,Active,2025-03-18,2027-03-18,357,,laboratoryDeemed,,,,,achc_accredited_providers,https://achc.org/search-facilities/,2026-03-26T06:12:59.244491+00:00,20260326_061233,230702efa69cba82b8869bdc4c9ca70e,2026-03-26 06:12:59,2026-03-26 06:12:59,1
51,Advanced Dermatology of Colorado (Denver-Harvard),"950 E Harvard Ave., Suite 440",Denver,CO,80210,United States,,,,440101,,LABORATORY,laboratoryDeemed,Deemed Status,Laboratory,Active,2025-03-18,2027-03-18,357,,laboratoryDeemed,,,,,achc_accredited_providers,https://achc.org/search-facilities/,2026-03-26T06:12:59.244491+00:00,20260326_061233,122776d0881cab729db46bc35d87d47d,2026-03-26 06:12:59,2026-03-26 06:12:59,1
52,Advanced Dermatology of Colorado (Denver–Madison),"155 S Madison St., Suite 226",Denver,CO,80209,United States,,,,440102,,LABORATORY,laboratoryDeemed,Deemed Status,Laboratory,Active,2024-07-24,2026-07-24,120,,laboratoryDeemed,,,,,achc_accredited_providers,https://achc.org/search-facilities/,2026-03-26T06:12:59.244491+00:00,20260326_061233,88d54742ccfc79c08b432e5cd7e74886,2026-03-26 06:12:59,2026-03-26 06:12:59,1
53,Advanced Dermatology of Colorado (Ft Collins-Centre),1006 Centre Ave,Fort Collins,CO,80526,United States,,,,440407,,LABORATORY,laboratoryDeemed,Deemed Status,Laboratory,Active,2025-03-17,2027-03-17,356,,laboratoryDeemed,,,,,achc_accredited_providers,https://achc.org/search-facilities/,2026-03-26T06:12:59.244491+00:00,20260326_061233,d69d8255235e2b6140fbb94fb5f74d1b,2026-03-26 06:12:59,2026-03-26 06:12:59,1
54,Advanced Dermatology of Colorado (Greeley),"7251 W 20th St., Building E",Greeley,CO,80634,United States,,,,440103,,LABORATORY,laboratoryDeemed,Deemed Status,Laboratory,Active,2024-07-26,2026-07-26,122,,laboratoryDeemed,,,,,achc_accredited_providers,https://achc.org/search-facilities/,2026-03-26T06:12:59.244491+00:00,20260326_061233,e01d551207d175112e0d95139c547bed,2026-03-26 06:12:59,2026-03-26 06:12:59,1
55,Advanced Dermatology of Colorado (Loveland),"1180 Fall River Drive, Suite 210",Loveland,CO,80538,United States,,,,440406,,LABORATORY,laboratoryDeemed,Deemed Status,Laboratory,Active,2025-03-17,2027-03-17,356,,laboratoryDeemed,,,,,achc_accredited_providers,https://achc.org/search-facilities/,2026-03-26T06:12:59.244491+00:00,20260326_061233,db5b2e8f9fef237f7dba7bfa193a805a,2026-03-26 06:12:59,2026-03-26 06:12:59,1
56,Advanced Dermatology of Colorado (Westminster),10359 Federal Blvd Ste 210,Westminster,CO,80260-7453,United States,,,,439379,,LABORATORY,laboratoryDeemed,Deemed Status,Laboratory,Active,2024-07-23,2026-07-23,119,,laboratoryDeemed,,,,,achc_accredited_providers,https://achc.org/search-facilities/,2026-03-26T06:12:59.244491+00:00,20260326_061233,63c36446e257b07adee358a672b8f1b4,2026-03-26 06:12:59,2026-03-26 06:12:59,1
57,Advanced Dermatology of Colorado (Wheat Ridge),"3455 West Lutheran Pkwy, Suite 110",Wheat Ridge,CO,80033,United States,,,,440100,,LABORATORY,laboratoryDeemed,Deemed Status,Laboratory,Active,2024-07-27,2026-07-27,123,,laboratoryDeemed,,,,,achc_accredited_providers,https://achc.org/search-facilities/,2026-03-26T06:12:59.244491+00:00,20260326_061233,77a1b0f5fbcb5c7de6de1767237fbd1b,2026-03-26 06:12:59,2026-03-26 06:12:59,1
58,Advanced Dermatology of Maryland (Research Blvd),2401 Research Blvd Ste 260,Rockville,MD,20850,United States,,,,440545,,LABORATORY,laboratoryDeemed,Deemed Status,Laboratory,Active,2025-11-03,2027-11-03,587,,laboratoryDeemed,,,,,achc_accredited_providers,https://achc.org/search-facilities/,2026-03-26T06:12:59.244491+00:00,20260326_061233,b83360ad5317af886b92a05a87f6cac7,2026-03-26 06:12:59,2026-03-26 06:12:59,1
59,Advanced Dermatology of Maryland (Shady Grove),"14995 Shady Grove Road, Suite 150",Rockville,MD,20850,United States,,,,440546,,LABORATORY,laboratoryDeemed,Deemed Status,Laboratory,Active,2025-11-04,2027-11-04,588,,laboratoryDeemed,,,,,achc_accredited_providers,https://achc.org/search-facilities/,2026-03-26T06:12:59.244491+00:00,20260326_061233,33225ae29e7b7df623e91d76cfe4025e,2026-03-26 06:12:59,2026-03-26 06:12:59,1
60,Advanced Dermatology of Michigan (Lansing),"416 S Creyts Rd, Suite A",Lansing,MI,48917,United States,,,,439881,,LABORATORY,laboratoryDeemed,Deemed Status,Laboratory,Active,2024-03-28,2026-03-28,2,,laboratoryDeemed,,,,,achc_accredited_providers,https://achc.org/search-facilities/,2026-03-26T06:12:59.244491+00:00,20260326_061233,da698fb2b72b3a6aa23741986129dd55,2026-03-26 06:12:59,2026-03-26 06:12:59,1
61,Advanced Dermatology of Michigan (Petoskey),4170 Cedar Bluff Dr,Petoskey,MI,49770,United States,,,,439882,,LABORATORY,laboratoryDeemed,Deemed Status,Laboratory,Active,2025-09-14,2027-09-14,537,,laboratoryDeemed,,,,,achc_accredited_providers,https://achc.org/search-facilities/,2026-03-26T06:12:59.244491+00:00,20260326_061233,5f4db6b3056080b1b45d6a0df73b7af6,2026-03-26 06:12:59,2026-03-26 06:12:59,1
62,Advanced Dermatology of Michigan (Portage),"6100 Newport Rd, Suite 100",Portage,MI,49002,United States,,,,439883,,LABORATORY,laboratoryDeemed,Deemed Status,Laboratory,Active,2025-09-15,2027-09-15,538,,laboratoryDeemed,,,,,achc_accredited_providers,https://achc.org/search-facilities/,2026-03-26T06:12:59.244491+00:00,20260326_061233,1f6ceac65a2ca14b47443238b64846d4,2026-03-26 06:12:59,2026-03-26 06:12:59,1
63,Advanced Dermatology of Michigan (Southfield),42505 Woodward Ave Suite 200,Bloomfield Hills,MI,48304,United States,,,,439879,,LABORATORY,laboratoryDeemed,Deemed Status,Laboratory,Active,2026-03-27,2028-03-27,732,,laboratoryDeemed,,,,,achc_accredited_providers,https://achc.org/search-facilities/,2026-03-26T06:12:59.244491+00:00,20260326_061233,8ab6cc45f8a5062e6199570bf3a8892f,2026-03-26 06:12:59,2026-03-26 06:12:59,1
64,Advanced Dermatology of Michigan (Traverse City),4020 Copper View Suite 130,Traverse City,MI,49684,United States,,,,439884,,LABORATORY,laboratoryDeemed,Deemed Status,Laboratory,Active,2025-09-14,2027-09-14,537,,laboratoryDeemed,,,,,achc_accredited_providers,https://achc.org/search-facilities/,2026-03-26T06:12:59.244491+00:00,20260326_061233,73d9d025f988e4b28a9d280a99976381,2026-03-26 06:12:59,2026-03-26 06:12:59,1
65,Advanced Dermatology of Michigan (Warren),13450 E 12 Mile Road,Warren,MI,48088,United States,,,,439878,,LABORATORY,laboratoryDeemed,Deemed Status,Laboratory,Active,2024-03-27,2026-03-27,1,,laboratoryDeemed,,,,,achc_accredited_providers,https://achc.org/search-facilities/,2026-03-26T06:12:59.244491+00:00,20260326_061233,a77cf8bc6d826e4db6fb9e6ebd6789b4,2026-03-26 06:12:59,2026-03-26 06:12:59,1
66,Advanced Dermatology of Michigan (Wyandotte),1500 Eureka Road,Wyandotte,MI,48192,United States,,,,439880,,LABORATORY,laboratoryDeemed,Deemed Status,Laboratory,Active,2025-09-12,2027-09-12,535,,laboratoryDeemed,,,,,achc_accredited_providers,https://achc.org/search-facilities/,2026-03-26T06:12:59.244491+00:00,20260326_061233,9ff17a883bef701ed9c1dcef5cb354a7,2026-03-26 06:12:59,2026-03-26 06:12:59,1
67,Advanced Dermatology of Ohio (Mason),"4834 Socialville-Foster Road, Suite 20",Mason,OH,45040-6827,United States,,,,370189,,LABORATORY,laboratoryDeemed,Deemed Status,Laboratory,Active,2025-04-16,2027-04-16,386,,laboratoryDeemed,,,,,achc_accredited_providers,https://achc.org/search-facilities/,2026-03-26T06:12:59.244491+00:00,20260326_061233,17e2a5cc31dd66249b5e6dd087a3eaa0,2026-03-26 06:12:59,2026-03-26 06:12:59,1
68,Advanced Dermatology of Rhode Island,1598 S County Trail Ste 202,East Greenwich,RI,02818,United States,,,,439543,,LABORATORY,laboratoryDeemed,Deemed Status,Laboratory,Active,2025-10-09,2027-10-09,562,,laboratoryDeemed,,,,,achc_accredited_providers,https://achc.org/search-facilities/,2026-03-26T06:12:59.244491+00:00,20260326_061233,33caaffacb9459d1a2878c64b923c0c3,2026-03-26 06:12:59,2026-03-26 06:12:59,1
69,Advanced Dermatology of South Carolina - Greenville,26 Roper Corners Circle,Greenville,SC,29615,United States,,,,440528,,LABORATORY,laboratoryDeemed,Deemed Status,Laboratory,Active,2025-08-13,2027-08-13,505,,laboratoryDeemed,,,,,achc_accredited_providers,https://achc.org/search-facilities/,2026-03-26T06:12:59.244491+00:00,20260326_061233,d8f849692b458259f9943527e6b9a9d0,2026-03-26 06:12:59,2026-03-26 06:12:59,1
70,Advanced Dermatology of South Carolina - Spartanburg,"1650 Skylyn, Suite 402",Spartanburg,SC,29307,United States,,,,440527,,LABORATORY,laboratoryDeemed,Deemed Status,Laboratory,Active,2025-08-13,2027-08-13,505,,laboratoryDeemed,,,,,achc_accredited_providers,https://achc.org/search-facilities/,2026-03-26T06:12:59.244491+00:00,20260326_061233,a0bf066d7023d8af073ec693244d7777,2026-03-26 06:12:59,2026-03-26 06:12:59,1
71,Advanced Dermatology of South Carolina - West Columbia,3574 Sunset Blvd,West Columbia,SC,29169,United States,,,,440526,,LABORATORY,laboratoryDeemed,Deemed Status,Laboratory,Active,2025-08-12,2027-08-12,504,,laboratoryDeemed,,,,,achc_accredited_providers,https://achc.org/search-facilities/,2026-03-26T06:12:59.244491+00:00,20260326_061233,0772a8b8dc611598d0d4c00c97647263,2026-03-26 06:12:59,2026-03-26 06:12:59,1
72,Advanced Dermatology of South Carolina-Fort Mills,"908 Smithfield Way, Suite 101",Fort Mill,SC,29715,United States,,,,439976,,LABORATORY,laboratoryDeemed,Deemed Status,Laboratory,Active,2025-08-29,2027-08-29,521,,laboratoryDeemed,,,,,achc_accredited_providers,https://achc.org/search-facilities/,2026-03-26T06:12:59.244491+00:00,20260326_061233,cde535620e540bd6806539349ef93867,2026-03-26 06:12:59,2026-03-26 06:12:59,1
73,Advanced Vision Surgery Center,1390 Dry Creek Dr,Longmont,CO,80503,United States,,,https://avscenter.net/,417867,,AMBULATORY SURGERY CENTER,ambulatorySurgicalCenterDeemed,Deemed Status,Ambulatory / Surgical,Active,2025-01-04,2028-01-04,649,,ambulatorySurgicalCenterDeemed,,,,,achc_accredited_providers,https://achc.org/search-facilities/,2026-03-26T06:12:59.244491+00:00,20260326_061233,a7526ed5022498e7ad00957842b147d6,2026-03-26 06:12:59,2026-03-26 06:12:59,1
74,Adventist Health Delano,1401 Garces Hwy,Delano,CA,93215-3660,United States,,,https://www.drmc.com,164187,,ACUTE CARE HOSPITAL,acuteCareDeemed,Deemed Status,Hospital,Active,2023-10-15,2026-10-15,203,,acuteCareDeemed,,,,,achc_accredited_providers,https://achc.org/search-facilities/,2026-03-26T06:12:59.244491+00:00,20260326_061233,62b83eae8f3676e7789e505ff35e2c9a,2026-03-26 06:12:59,2026-03-26 06:12:59,1
75,"Alexandria Clinic Laboratory, A Service of Alomere Health",610 30th Ave West,Alexandria,MN,56308,United States,,,,396340,,LABORATORY,laboratoryDeemed,Deemed Status,Laboratory,Active,2018-01-14,2020-01-15,-2262,,laboratoryDeemed,,,,,achc_accredited_providers,https://achc.org/search-facilities/,2026-03-26T06:12:59.244491+00:00,20260326_061233,de607d97262b61f06618f0c8fc825dd5,2026-03-26 06:12:59,2026-03-26 06:12:59,1
76,Ali`i Health Center,75-5905 Walua Rd Suite 4,Kailua Kona,HI,96740,United States,,,https://www.aliiasc.com,440034,Ali'i Ambulatory Surgery Center,AMBULATORY SURGERY CENTER,ambulatorySurgicalCenterDeemed,Deemed Status,Ambulatory / Surgical,Active,2024-03-06,2027-03-06,345,,ambulatorySurgicalCenterDeemed,,,,,achc_accredited_providers,https://achc.org/search-facilities/,2026-03-26T06:12:59.244491+00:00,20260326_061233,046e71e88056bfeb7d2f000b79cf4cec,2026-03-26 06:12:59,2026-03-26 06:12:59,1
77,Alliance Community Hospital,200 East State Street,Alliance,OH,44601,United States,,,https://www.achosp.org,200071,,ACUTE CARE HOSPITAL,acuteCareDeemed,Deemed Status,Hospital,Active,2023-08-11,2026-08-11,138,,acuteCareDeemed,,,,,achc_accredited_providers,https://achc.org/search-facilities/,2026-03-26T06:12:59.244491+00:00,20260326_061233,d94b3bd204ef04ed2af84e30f197c990,2026-03-26 06:12:59,2026-03-26 06:12:59,1
78,Alomere Health,111 17th Ave East,Alexandria,MN,56308,United States,,,https://alomerehealth.com,153337,,ACUTE CARE HOSPITAL,acuteCareDeemed,Deemed Status,Hospital,Active,2024-12-14,2027-12-14,628,,acuteCareDeemed,,,,,achc_accredited_providers,https://achc.org/search-facilities/,2026-03-26T06:12:59.244491+00:00,20260326_061233,8aa26a92af82d576a9722526a5df3acf,2026-03-26 06:12:59,2026-03-26 06:12:59,1
79,Alomere Health Laboratory,111 17th Ave E,Alexandria,MN,56308,United States,,,,167991,,LABORATORY,laboratoryDeemed,Deemed Status,Laboratory,Active,2026-01-15,2028-01-15,660,,laboratoryDeemed,,,,,achc_accredited_providers,https://achc.org/search-facilities/,2026-03-26T06:12:59.244491+00:00,20260326_061233,c954b58fed1344ffe2a5e3d8d0ef429f,2026-03-26 06:12:59,2026-03-26 06:12:59,1
80,Alomere Health Pavilion,207 18th Avenue,Alexandria,MN,56308,United States,,,,440643,,LABORATORY,laboratoryDeemed,Deemed Status,Laboratory,Active,2025-12-16,2027-12-16,630,,laboratoryDeemed,,,,,achc_accredited_providers,https://achc.org/search-facilities/,2026-03-26T06:12:59.244491+00:00,20260326_061233,d6813cee9b0d3684abf6bf2b76b5ac09,2026-03-26 06:12:59,2026-03-26 06:12:59,1
81,Alpharetta Eye Surgery Center,"2555 West Side Pkwy, Suite 300",Alpharetta,GA,30004,United States,,,,440510,Alpharetta Eye Surgery Center,AMBULATORY SURGERY CENTER,ambulatorySurgicalCenterDeemed,Deemed Status,Ambulatory / Surgical,Active,2025-05-28,2028-05-28,794,,ambulatorySurgicalCenterDeemed,,,,,achc_accredited_providers,https://achc.org/search-facilities/,2026-03-26T06:12:59.245488+00:00,20260326_061233,0876d8815f5721b7614102c0142fe13d,2026-03-26 06:12:59,2026-03-26 06:12:59,1
82,AlternaCare Corporation,2951 Maple Ave,Zanesville,OH,43701-1406,United States,,,,439322,,AMBULATORY SURGERY CENTER,ambulatorySurgicalCenterDeemed,Deemed Status,Ambulatory / Surgical,Active,2024-02-26,2027-02-26,337,,ambulatorySurgicalCenterDeemed,,,,,achc_accredited_providers,https://achc.org/search-facilities/,2026-03-26T06:12:59.245488+00:00,20260326_061233,8cad446fb71b9611f98a0788e76e3c5c,2026-03-26 06:12:59,2026-03-26 06:12:59,1
83,"Amarillo Colonoscopy Center, LP",800 Quail Creek Dr Ste 103,Amarillo,TX,79124,United States,,,https://NA,335422,,AMBULATORY SURGERY CENTER,ambulatorySurgicalCenterDeemed,Deemed Status,Ambulatory / Surgical,Active,2025-07-28,2028-07-28,855,,ambulatorySurgicalCenterDeemed,,,,,achc_accredited_providers,https://achc.org/search-facilities/,2026-03-26T06:12:59.245488+00:00,20260326_061233,cac069cf643b4e94ab76b083631e05a8,2026-03-26 06:12:59,2026-03-26 06:12:59,1
84,Amberwell Atchison Association,800 Ravenhill Dr,Atchison,KS,66002-9204,United States,,,,158085,Amberwell Atchison Laboratory,LABORATORY,laboratoryDeemed,Deemed Status,Laboratory,Active,2024-05-30,2026-05-30,65,,laboratoryDeemed,,,,,achc_accredited_providers,https://achc.org/search-facilities/,2026-03-26T06:12:59.245488+00:00,20260326_061233,33fb256df1441df7ab4ba3d39744148b,2026-03-26 06:12:59,2026-03-26 06:12:59,1
85,Ambulatory Pain & Disability Management Center LLC,191 Palisade Avenue,Jersey City,NJ,07306,United States,,,https://WWW.PAINANDDISABIITY.ORG,439893,,AMBULATORY SURGERY CENTER,ambulatorySurgicalCenterDeemed,Deemed Status,Ambulatory / Surgical,Active,2024-06-04,2027-06-04,435,,ambulatorySurgicalCenterDeemed,,,,,achc_accredited_providers,https://achc.org/search-facilities/,2026-03-26T06:12:59.245488+00:00,20260326_061233,5150478c3d28478f91b0138d81317210,2026-03-26 06:12:59,2026-03-26 06:12:59,1
86,AMH Anticoagulation Clinic,1100 Mercer Ave,Decatur,IN,46733-2303,United States,,,,188882,,LABORATORY,laboratoryDeemed,Deemed Status,Laboratory,Active,2023-04-08,2025-04-08,-352,,laboratoryDeemed,,,,,achc_accredited_providers,https://achc.org/search-facilities/,2026-03-26T06:12:59.245488+00:00,20260326_061233,128ff4104994f000338dcbf475aa73cd,2026-03-26 06:12:59,2026-03-26 06:12:59,1
87,"Apex Surgery Center, LLC (Ada)",2001 Cradduck Road,Ada,OK,74820,United States,,,,439701,Apex Surgery Center,AMBULATORY SURGERY CENTER,ambulatorySurgicalCenter,Accredited,Ambulatory / Surgical,Active,2025-04-14,2028-04-14,750,,ambulatorySurgicalCenter,,,,,achc_accredited_providers,https://achc.org/search-facilities/,2026-03-26T06:12:59.245488+00:00,20260326_061233,341d484bbec6f989ce730d4a66bbce98,2026-03-26 06:12:59,2026-03-26 06:12:59,1
88,APEX Vascular Outpatient Center LLC,460 Medical Park Dr. #105,Lenoir City,TN,37772,United States,,,,440408,,AMBULATORY SURGERY CENTER,ambulatorySurgicalCenterDeemed,Deemed Status,Ambulatory / Surgical,Active,2025-02-19,2028-02-19,695,,ambulatorySurgicalCenterDeemed,,,,,achc_accredited_providers,https://achc.org/search-facilities/,2026-03-26T06:12:59.245488+00:00,20260326_061233,f1a856a17566c8d8f5ec32c47dcc5a0d,2026-03-26 06:12:59,2026-03-26 06:12:59,1
89,Arrowhead Regional Medical Center,400 North Pepper Ave,Colton,CA,92324,United States,,,https://www.arrowheadmedcenter.org,195495,,COMPREHENSIVE STROKE,comprehensiveStroke,Certified,Stroke Centre,Active,2023-05-16,2024-11-16,-495,,comprehensiveStroke,,,,,achc_accredited_providers,https://achc.org/search-facilities/,2026-03-26T06:12:59.245488+00:00,20260326_061233,d0fc922357fe2c68f85030709b8f267b,2026-03-26 06:12:59,2026-03-26 06:12:59,1
90,Asante Rogue Regional Medical Center,2825 E. Barnett Road,Medical Center,OR,97504,United States,,,https://www.asante.org,440613,,THROMBECTOMY STROKE,thrombectomyStroke,Certified,Stroke Centre,Active,2025-10-23,2027-04-23,393,,thrombectomyStroke,,,,,achc_accredited_providers,https://achc.org/search-facilities/,2026-03-26T06:12:59.245488+00:00,20260326_061233,0032b097a84510a9a04345c850b106da,2026-03-26 06:12:59,2026-03-26 06:12:59,1
91,ASC Northwest,850 W Ironwood Dr,Coeur d'Alene,ID,83814-4903,United States,,,,439367,,AMBULATORY SURGERY CENTER,ambulatorySurgicalCenterDeemed,Deemed Status,Ambulatory / Surgical,Active,2023-04-06,2026-04-06,11,,ambulatorySurgicalCenterDeemed,,,,,achc_accredited_providers,https://achc.org/search-facilities/,2026-03-26T06:12:59.245488+00:00,20260326_061233,2291c5acf6d4b6177b1f545e65d71be5,2026-03-26 06:12:59,2026-03-26 06:12:59,1
92,Ashland Hospital Corporation,2201 Lexington Ave.,Ashland,KY,41101,United States,,,,440267,UK King’s Daughters Medical Center,THROMBECTOMY STROKE,thrombectomyStroke,Certified,Stroke Centre,Active,2024-09-24,2026-03-24,-2,,thrombectomyStroke,,,,,achc_accredited_providers,https://achc.org/search-facilities/,2026-03-26T06:12:59.245488+00:00,20260326_061233,39aad631f17fd4fef2c95561b4f4d99e,2026-03-26 06:12:59,2026-03-26 06:12:59,1
93,Association of South Bay Surgeons Vascular Center,23560 Madison Street #110,Torrance,CA,90505,United States,,,,440429,,AMBULATORY SURGERY CENTER,ambulatorySurgicalCenterDeemed,Deemed Status,Ambulatory / Surgical,Active,2025-03-19,2028-03-19,724,,ambulatorySurgicalCenterDeemed,,,,,achc_accredited_providers,https://achc.org/search-facilities/,2026-03-26T06:12:59.245488+00:00,20260326_061233,9aba5e91d2a219c53210398eedc626b6,2026-03-26 06:12:59,2026-03-26 06:12:59,1
94,Aultman Orrville Hospital,832 S. Main Street,Orrville,OH,44667,United States,,,http://www.aultmanorrville.org/,430419,Aultman Orrville Hospital,CRITICAL ACCESS HOSPITAL,criticalAccessHospitalDeemed,Deemed Status,Hospital,Active,2025-10-04,2028-10-04,923,,criticalAccessHospitalDeemed,,,,,achc_accredited_providers,https://achc.org/search-facilities/,2026-03-26T06:12:59.245488+00:00,20260326_061233,68c06375421221b8924492f03cb4dd71,2026-03-26 06:12:59,2026-03-26 06:12:59,1
95,Aultman Orrville Hospital (Stroke Ready),832 South Main Street,Orrville,OH,44667,United States,,,https://www.aultmanorrville.com,439607,,STROKE READY,strokeReady,Certified,Stroke Centre,Active,2026-06-12,2029-06-12,1174,,strokeReady,,,,,achc_accredited_providers,https://achc.org/search-facilities/,2026-03-26T06:12:59.245488+00:00,20260326_061233,ba9f14dce8a4b2bb62514b79a3dc1628,2026-03-26 06:12:59,2026-03-26 06:12:59,1
96,Avera Marshall Regional Medical Center,300 South Bruce Street,Marshall,MN,56258,United States,,,https://www.avera.org,394538,,CRITICAL ACCESS HOSPITAL,criticalAccessHospitalDeemed,Deemed Status,Hospital,Active,2024-10-03,2027-10-03,556,,criticalAccessHospitalDeemed,,,,,achc_accredited_providers,https://achc.org/search-facilities/,2026-03-26T06:12:59.245488+00:00,20260326_061233,8c63811a1cd7dee710375afbb2d147c1,2026-03-26 06:12:59,2026-03-26 06:12:59,1
97,Baptist Health Deaconess Madisonville,900 Hospital Drive,Madisonville,KY,42431,United States,,,https://www.baptisthealthdeaconess.com/,440357,,ACUTE CARE HOSPITAL,acuteCareDeemed,Deemed Status,Hospital,Active,2025-09-10,2028-09-10,899,,acuteCareDeemed,,,,,achc_accredited_providers,https://achc.org/search-facilities/,2026-03-26T06:12:59.245488+00:00,20260326_061233,426d9dcf773bb1297bf4ebb24d2b1d95,2026-03-26 06:12:59,2026-03-26 06:12:59,1
98,Baptist Health Floyd (Joint Replacement),1850 State Street,New Albany,IN,47150,United States,,,,440046,,JOINT REPLACEMENT ADVANCED WITH DISTINCTION (INPATIENT),jointReplacementAdvancedWithDistinctionInpatient,Certified,Joint Replacement,Active,2025-03-27,2026-09-27,185,,jointReplacementAdvancedWithDistinctionInpatient,,,,,achc_accredited_providers,https://achc.org/search-facilities/,2026-03-26T06:12:59.245488+00:00,20260326_061233,e10905e0846758d6005d3324d7c0e933,2026-03-26 06:12:59,2026-03-26 06:12:59,1
99,"Baptist Healthcare System, Inc. dba Baptist Health Corbin",1 Trillium Way,Corbin,KY,40701,United States,,,,440176,,ACUTE CARE HOSPITAL,acuteCareDeemed,Deemed Status,Hospital,Active,2024-09-25,2027-09-25,548,,acuteCareDeemed,,,,,achc_accredited_providers,https://achc.org/search-facilities/,2026-03-26T06:12:59.245488+00:00,20260326_061233,3eb6ddb9714ac1ea527f45eb151561f7,2026-03-26 06:12:59,2026-03-26 06:12:59,1
100,"Baptist Healthcare System, Inc. dba Baptist Health Floyd",1850 State St.,New Albany,IN,47150,United States,,,https://www.baptisthealthfloyd.com,381654,,PRIMARY STROKE,primaryStroke,Certified,Stroke Centre,Active,2025-09-30,2027-03-30,369,,primaryStroke,,,,,achc_accredited_providers,https://achc.org/search-facilities/,2026-03-26T06:12:59.245488+00:00,20260326_061233,754b7783daefbc4c610e3ad6e1d7b3a8,2026-03-26 06:12:59,2026-03-26 06:12:59,1
