id,company_name,address,city,state,postal_code,country,phone,fax,email,website,accreditation_types,certifications_with_expiry,cert_count,cert_categories,has_painting_cert,has_surface_prep_cert,has_nuclear_cert,has_aerospace_cert,earliest_expiry,latest_expiry,expiry_status,dataset,source_url,crawl_date,crawl_session,dedup_hash,first_seen,last_seen,is_new
1,"1 Priority Coating & Bridge Painting a DBA 1 Priority Environmental Services, LLC.",4028 Daley Ave,Fort Worth,TX,76180,United States,(866) 595-0790,,cbennett@go1priority.com,,"QP1, QP2",QP1 (Certification Expires: 2027-03-31) QP2 (Certification Expires: 2027-03-31),2,Painting Contractor,1,0,0,0,2027-03-31,2027-03-31,Active,ampp_qp_contractors,https://core.ampp.org/Accreditations/Search,2026-03-25T15:56:16.118040+00:00,20260325_155551,6b73ba4fec90bda8e453db0a19ba714c,2026-03-25 15:56:16,2026-03-25 15:56:16,1
2,360 Construction Company Inc.,1252 Industrial Parkway North Suite #1,Brunswick,OH,44212,United States,(216) 883-5560,(330) 273-4022,riggle@360construction.net,,"QP1, QP2",QP1 (Certification Expires: 2027-03-31) QP2 (Certification Expires: 2027-03-31),2,Painting Contractor,1,0,0,0,2027-03-31,2027-03-31,Active,ampp_qp_contractors,https://core.ampp.org/Accreditations/Search,2026-03-25T15:56:16.118040+00:00,20260325_155551,663acaf9b19d8dff687e62e82a3afa85,2026-03-25 15:56:16,2026-03-25 15:56:16,1
3,446 Painting LLC,2 Iron Street,Canonsburg,PA,15317,United States,(412) 257-2718,(724) 873-5763,justinhauth@446painting.com,,"QP1, QP2",QP1 (Certification Expires: 2027-03-31) QP2 (Certification Expires: 2027-03-31),2,Painting Contractor,1,0,0,0,2027-03-31,2027-03-31,Active,ampp_qp_contractors,https://core.ampp.org/Accreditations/Search,2026-03-25T15:56:16.118040+00:00,20260325_155551,aa98cabb9220ef902a79b603afd47a5b,2026-03-25 15:56:16,2026-03-25 15:56:16,1
4,A-1 Industrial Maintenance,Michael Tsarnas A-1 Industrial Maintenance 433 Tenney Avenue Campbell OH 44405 United States 433 Tenney Avenue,Campbell,OH,44405,United States,(330) 750-6200,,a1maintenanceinc@aol.com,,"QP1, QP2",QP1 (Certification Expires: 2026-03-31) QP2 (Certification Expires: 2026-03-31),2,Painting Contractor,1,0,0,0,2026-03-31,2026-03-31,Expiring Soon,ampp_qp_contractors,https://core.ampp.org/Accreditations/Search,2026-03-25T15:56:16.118040+00:00,20260325_155551,4ddf1dc20924747ae7da921c91938175,2026-03-25 15:56:16,2026-03-25 15:56:16,1
5,"A1 Industrial Painting, Inc.",894 Coitsville Hubbard Rd,Youngstown,OH,44505,United States,+1 330-750-9441,+1 330-750-6199,mrudiak@a1industrialpainting.com,http://www.a1industrialpainting.com,"QP1, QP2",QP1 (Certification Expires: 2027-03-31) QP2 (Certification Expires: 2027-03-31),2,Painting Contractor,1,0,0,0,2027-03-31,2027-03-31,Active,ampp_qp_contractors,https://core.ampp.org/Accreditations/Search,2026-03-25T15:56:16.118040+00:00,20260325_155551,921e5a97b078e9a0110c3be5aa214351,2026-03-25 15:56:16,2026-03-25 15:56:16,1
6,"ABC Applicators, Inc.",4470 McCrary Road,Semmes,AL,36575,United States,(251) 645-2205,(251) 645-5650,abcvickers@bellsouth.net,,QP1,QP1 (Certification Expires: 2027-03-31),1,Painting Contractor,1,0,0,0,2027-03-31,2027-03-31,Active,ampp_qp_contractors,https://core.ampp.org/Accreditations/Search,2026-03-25T15:56:16.118040+00:00,20260325_155551,9a2f4298d6719bf01728b4fff02b89cf,2026-03-25 15:56:16,2026-03-25 15:56:16,1
7,"Abhe & Svoboda, Inc.",18100 Dairy Ln,Jordan,MN,55352,United States,(952) 447-6025,(952) 447-1000,mark.merwin@abheonline.com,,"QP1, QP2, QP8, QS1",QP1 (Certification Expires: 2027-03-31) QP2 (Certification Expires: 2027-03-31) QP8 (Certification Expires: 2027-03-31) QS1 (Certification Expires: 2027-03-31),4,Multiple,1,1,0,0,2027-03-31,2027-03-31,Active,ampp_qp_contractors,https://core.ampp.org/Accreditations/Search,2026-03-25T15:56:16.118040+00:00,20260325_155551,467284ec40946e619873209a56937898,2026-03-25 15:56:16,2026-03-25 15:56:16,1
8,"Abrasive Blasting & Coating, Inc. (ABC Painting, Inc.)",1260 Railroad Avenue #750,Vallejo,CA,94592,United States,(707) 562-1900,(707) 562-1912,eric@abcptg.com,https://abcptg.com,QP3,QP3 (Certification Expires: 2026-03-31),1,Painting Contractor,1,0,0,0,2026-03-31,2026-03-31,Expiring Soon,ampp_qp_contractors,https://core.ampp.org/Accreditations/Search,2026-03-25T15:56:16.118040+00:00,20260325_155551,efde8d554a1ea3c0bfee3520b161a0b4,2026-03-25 15:56:16,2026-03-25 15:56:16,1
9,Acero Tecnologia S.A. de C.V.,,,,,United States,52 (81) 81545650,,arodriguez@atecno.com.mx,http://www.atecno.com.mx,QP3,QP3 (Certification Expires: 2027-03-31),1,Painting Contractor,1,0,0,0,2027-03-31,2027-03-31,Active,ampp_qp_contractors,https://core.ampp.org/Accreditations/Search,2026-03-25T15:56:16.118040+00:00,20260325_155551,bd155b4a3235aab4814df69d20539606,2026-03-25 15:56:16,2026-03-25 15:56:16,1
10,"Advanced Industrial Services, Inc.",11712 Cherry Street,Los Alamitos,,90720,United States,(562) 940-8305,,ty@adinservices.com,https://www.adinservices.com,"QP1, QP2",QP1 (Certification Expires: 2027-03-31) QP2 (Certification Expires: 2027-03-31),2,Painting Contractor,1,0,0,0,2027-03-31,2027-03-31,Active,ampp_qp_contractors,https://core.ampp.org/Accreditations/Search,2026-03-25T15:56:16.119039+00:00,20260325_155551,d53e66e2fc4c0a308e85180af437505a,2026-03-25 15:56:16,2026-03-25 15:56:16,1
11,Advanced Marine Preservation,"Advanced Marine Preservation, LLC 1841 Wambolt Street Jacksonville FL 32202 United States 1841 Wambolt Street",Jacksonville,FL,32202,United States,(757) 962-9340,,gabrielfaria57@yahoo.com,,"QP1, QP2",QP1 (Certification Expires: 2026-03-31) QP2 (Certification Expires: 2026-03-31),2,Painting Contractor,1,0,0,0,2026-03-31,2026-03-31,Expiring Soon,ampp_qp_contractors,https://core.ampp.org/Accreditations/Search,2026-03-25T15:56:16.119039+00:00,20260325_155551,7d220c0b11c7606f1b7f7c6579f7a299,2026-03-25 15:56:16,2026-03-25 15:56:16,1
12,Ahern Painting Contractors Inc,69-24 49th Ave,Woodside,NY,11377,United States,(718) 639-5880,,kieran@aherncontractors.com,,"QP1, QP2",QP1 (Certification Expires: 2027-03-31) QP2 (Certification Expires: 2027-03-31),2,Painting Contractor,1,0,0,0,2027-03-31,2027-03-31,Active,ampp_qp_contractors,https://core.ampp.org/Accreditations/Search,2026-03-25T15:56:16.119039+00:00,20260325_155551,d6e19ef222eb66a2cf4e8eb04a1a8255,2026-03-25 15:56:16,2026-03-25 15:56:16,1
13,AIS Gulf Coast Industrial,AIS Gulf Coast Industrial 501 Commendencia St,Pensacola,FL,32502,United States,(219) 937-8107,(219) 933-1075,cdexter216@hotmail.com,,"QP1, QP2, QS1",QP1 (Certification Expires: 2027-03-31) QP2 (Certification Expires: 2027-03-31) QS1 (Certification Expires: 2027-03-31),3,Multiple,1,1,0,0,2027-03-31,2027-03-31,Active,ampp_qp_contractors,https://core.ampp.org/Accreditations/Search,2026-03-25T15:56:16.119039+00:00,20260325_155551,827692ed2dbdd1c7e1a9b6c61c7a90a4,2026-03-25 15:56:16,2026-03-25 15:56:16,1
14,Al-Hamaad Sons General Trading & Contracting,,,,,United States,+965 515 76817,,,,"QP1, QP3",QP1 (Certification Expires: 2026-03-31) QP3 (Certification Expires: 2026-03-31),2,Painting Contractor,1,0,0,0,2026-03-31,2026-03-31,Expiring Soon,ampp_qp_contractors,https://core.ampp.org/Accreditations/Search,2026-03-25T15:56:16.119039+00:00,20260325_155551,471ecedb581f5897d7e30a491b4d2591,2026-03-25 15:56:16,2026-03-25 15:56:16,1
15,"All States Painting, Inc.",507 East Old 36,Alexander,IL,62601,United States,(217) 478-2111,(217) 478-4881,allstates1972@aol.com,,"QP1, QP2",QP1 (Certification Expires: 2027-03-31) QP2 (Certification Expires: 2027-03-31),2,Painting Contractor,1,0,0,0,2027-03-31,2027-03-31,Active,ampp_qp_contractors,https://core.ampp.org/Accreditations/Search,2026-03-25T15:56:16.119039+00:00,20260325_155551,27ba4be90549a58825e2792ede3460fe,2026-03-25 15:56:16,2026-03-25 15:56:16,1
16,"Allen Blasting & Coating, Inc.",1668 Highway 61,Wever,IA,52658,United States,(319) 367-5500,(319) 367-5566,cbruno1975@gmail.com,https://allenblastingandcoating.com,"QP1, QP2, QS1",QP1 (Certification Expires: 2026-03-31) QP2 (Certification Expires: 2026-03-31) QS1 (Certification Expires: 2026-03-31),3,Multiple,1,1,0,0,2026-03-31,2026-03-31,Expiring Soon,ampp_qp_contractors,https://core.ampp.org/Accreditations/Search,2026-03-25T15:56:16.119039+00:00,20260325_155551,90e0eea0eef8efb58948f443a24da3cd,2026-03-25 15:56:16,2026-03-25 15:56:16,1
17,Allied Group Builders,34118 BAR R BLVD,magnolia,TX,77355,United States,(907) 201-1702,,shanehadaller@yahoo.com,,QP1,QP1 (Certification Expires: 2026-03-31),1,Painting Contractor,1,0,0,0,2026-03-31,2026-03-31,Expiring Soon,ampp_qp_contractors,https://core.ampp.org/Accreditations/Search,2026-03-25T15:56:16.119039+00:00,20260325_155551,72fd7094289bf5eb404a422b82cee634,2026-03-25 15:56:16,2026-03-25 15:56:16,1
18,Allied Painting Inc.,,,,,United States,(856) 429-3400,,jpennington@alliedpaintinginc.com,,"QP1, QP2",QP1 (Certification Expires: 2027-03-31) QP2 (Certification Expires: 2027-03-31),2,Painting Contractor,1,0,0,0,2027-03-31,2027-03-31,Active,ampp_qp_contractors,https://core.ampp.org/Accreditations/Search,2026-03-25T15:56:16.119039+00:00,20260325_155551,c241f99cc0f5822353c8348dd49b890a,2026-03-25 15:56:16,2026-03-25 15:56:16,1
19,Allied Steel Corp,210 Commerce St,Saraland,AL,36571,United States,(251) 675-7750,,candace@alliedsteelcorp.com,https://www.alliedsteelcorp.com,QP3,QP3 (Certification Expires: 2027-03-31),1,Painting Contractor,1,0,0,0,2027-03-31,2027-03-31,Active,ampp_qp_contractors,https://core.ampp.org/Accreditations/Search,2026-03-25T15:56:16.119039+00:00,20260325_155551,2d76ec9a0a9752070c8a2e4a23d14bc8,2026-03-25 15:56:16,2026-03-25 15:56:16,1
20,Alpine Painting & Sandblasting Contractors,17 Florida Ave.,Paterson,NJ,07503,United States,(973) 279-3200,1-973-279-3991,sam@alpinepainting.com,http://www.alpinepainting.com,"QP1, QP2, QP8, QP9, QS1",QP1 (Certification Expires: 2026-03-31) QP2 (Certification Expires: 2026-03-31) QP8 (Certification Expires: 2026-03-31) QP9 (Certification Expires: 2026-03-31) QS1 (Certification Expires: 2026-03-31),5,Multiple,1,1,0,0,2026-03-31,2026-03-31,Expiring Soon,ampp_qp_contractors,https://core.ampp.org/Accreditations/Search,2026-03-25T15:56:16.119039+00:00,20260325_155551,5354ec626476459957a1a4cdeff15ae9,2026-03-25 15:56:16,2026-03-25 15:56:16,1
21,"Altrad FRP Products Co., Pte Ltd",No 8 Tuas Avenue 14,Singapore,,638954,United States,+1658618766,+1658612766,winnie.ng@altrad.com,https://frp-products.com/,"AS-3, QP1, QP3, QP6",AS-3 (Certification Expires: 2027-03-31) QP1 (Certification Expires: 2027-03-31) QP3 (Certification Expires: 2027-03-31) QP6 (Certification Expires: 2027-03-31),4,Multiple,1,0,0,1,2027-03-31,2027-03-31,Active,ampp_qp_contractors,https://core.ampp.org/Accreditations/Search,2026-03-25T15:56:16.119039+00:00,20260325_155551,086b7bcbfe600e4182005b6cd366274d,2026-03-25 15:56:16,2026-03-25 15:56:16,1
22,Aluma Safway,Alexandre Tissier Aluma Safway 2850 Montee St-francois Laval QC H7E 4P2 Canada 2850 Montee St-francois,Laval,QC,H7E 4P2,United States,(514) 808-9951,,atissier@alumasafway.com,,QP1,QP1 (Certification Expires: 2027-03-31),1,Painting Contractor,1,0,0,0,2027-03-31,2027-03-31,Active,ampp_qp_contractors,https://core.ampp.org/Accreditations/Search,2026-03-25T15:56:16.119039+00:00,20260325_155551,034f2f971ab4352766dd858a1f166393,2026-03-25 15:56:16,2026-03-25 15:56:16,1
23,Amari Painting & Lining LLC,,Meadow Lands,PA,15347,United States,(724) 749-5189,,nicks@amaripainting.com,,"QP1, QP2",QP1 (Certification Expires: 2027-03-31) QP2 (Certification Expires: 2027-03-31),2,Painting Contractor,1,0,0,0,2027-03-31,2027-03-31,Active,ampp_qp_contractors,https://core.ampp.org/Accreditations/Search,2026-03-25T15:56:16.119039+00:00,20260325_155551,9dd131832780259fb932eecb14d5baac,2026-03-25 15:56:16,2026-03-25 15:56:16,1
24,American Industrial Coatings Inc.,American Industrial Coatings Inc. 1215 Birch Drive Suite B,Schererville,IN,46375,United States,(219) 256-5116,,kris@aicoatings.ai,,"QP1, QP2",QP1 (Certification Expires: 2027-03-31) QP2 (Certification Expires: 2027-03-31),2,Painting Contractor,1,0,0,0,2027-03-31,2027-03-31,Active,ampp_qp_contractors,https://core.ampp.org/Accreditations/Search,2026-03-25T15:56:16.119039+00:00,20260325_155551,a73bea6961cc86b7b81bafd78bb6776a,2026-03-25 15:56:16,2026-03-25 15:56:16,1
25,"American Tank & Vessel, Inc.",274 Evanston Road,Lucedale,MS,39452,United States,(281) 492-7778,(281) 492-7667,ghyatt@atvluc.com,,QP3,QP3 (Certification Expires: 2027-03-31),1,Painting Contractor,1,0,0,0,2027-03-31,2027-03-31,Active,ampp_qp_contractors,https://core.ampp.org/Accreditations/Search,2026-03-25T15:56:16.119039+00:00,20260325_155551,12ee3fbef0b9bd44ac5b718c4ef211ea,2026-03-25 15:56:16,2026-03-25 15:56:16,1
26,"AMP United, LLC",50 Sheffield Dr. Suite 104,Dover,NH,03820,United States,(603) 318-0022,(757) 962-9410,rhickey@ampunited.com,https://www.ampunited.com/,"QP1, QP2, QS1",QP1 (Certification Expires: 2027-03-31) QP2 (Certification Expires: 2027-03-31) QS1 (Certification Expires: 2026-03-31),3,Multiple,1,1,0,0,2026-03-31,2027-03-31,Expiring Soon,ampp_qp_contractors,https://core.ampp.org/Accreditations/Search,2026-03-25T15:56:16.119039+00:00,20260325_155551,b6ea3a5650a6b3a20a8882ccc81571e9,2026-03-25 15:56:16,2026-03-25 15:56:16,1
27,"Amstar of Western New York, Inc.",Amstar of Western New York 825 Rein Road,Cheektowaga,NY,14225,United States,(716) 864-9357,(716) 204-9761,jlignos@amstarwny.com,,"QP1, QP2",QP1 (Certification Expires: 2027-03-31) QP2 (Certification Expires: 2027-03-31),2,Painting Contractor,1,0,0,0,2027-03-31,2027-03-31,Active,ampp_qp_contractors,https://core.ampp.org/Accreditations/Search,2026-03-25T15:56:16.119039+00:00,20260325_155551,fa6e4025c07eeaca79b8b3b3c5301eb7,2026-03-25 15:56:16,2026-03-25 15:56:16,1
28,Anchor Sandblasting and Coatings LLC,1800 Grant Street,Tampa,FL,33605,United States,(813) 247-4140,,tstokes@anchorsandblasting.com,,QP1,QP1 (Certification Expires: 2026-03-31),1,Painting Contractor,1,0,0,0,2026-03-31,2026-03-31,Expiring Soon,ampp_qp_contractors,https://core.ampp.org/Accreditations/Search,2026-03-25T15:56:16.119039+00:00,20260325_155551,61b419abb0df2d6ed4e3a95b9ca0594d,2026-03-25 15:56:16,2026-03-25 15:56:16,1
29,"Anka Painting Company, Inc.",,,,,United States,(201) 527-5806,,johnp@ankapaintingco.com,https://www.ankapaintingco.com/,"QP1, QP2",QP1 (Certification Expires: 2027-03-31) QP2 (Certification Expires: 2027-03-31),2,Painting Contractor,1,0,0,0,2027-03-31,2027-03-31,Active,ampp_qp_contractors,https://core.ampp.org/Accreditations/Search,2026-03-25T15:56:16.119039+00:00,20260325_155551,1cf5a4aca8b11795adbea9ede11ecb31,2026-03-25 15:56:16,2026-03-25 15:56:16,1
30,Apache Industrial Services,"250 Assay Street, Suite 500",Houston,TX,77044,United States,(225) 744-1017,(832) 203-8310,tholeman@apacheip.com,http://apache.com,QP1,QP1 (Certification Expires: 2027-03-31),1,Painting Contractor,1,0,0,0,2027-03-31,2027-03-31,Active,ampp_qp_contractors,https://core.ampp.org/Accreditations/Search,2026-03-25T15:56:16.119039+00:00,20260325_155551,329c679e5cecc79e739a521dc6e6d447,2026-03-25 15:56:16,2026-03-25 15:56:16,1
31,APBN Inc.,4412 US 422,Pulaski,PA,16143,United States,(330) 518-2267,(724) 964-8867,vkatsourakis@apbninc.com,,"QP1, QP2",QP1 (Certification Expires: 2027-03-31) QP2 (Certification Expires: 2027-03-31),2,Painting Contractor,1,0,0,0,2027-03-31,2027-03-31,Active,ampp_qp_contractors,https://core.ampp.org/Accreditations/Search,2026-03-25T15:56:16.120038+00:00,20260325_155551,dca74e8e166d7579e76df6f494fb3b64,2026-03-25 15:56:16,2026-03-25 15:56:16,1
32,APC Specialist LLC,Preet Kershaw APC Specialist LLC 31-00 47th Ave Suite 3100 Long ISland City NY 11101 United States 31-00 47th Ave,Long ISland City,NY,11101,United States,(718) 924-2089,,apcspecialist1@gmail.com,,"QP1, QP2",QP1 (Certification Expires: 2026-03-31) QP2 (Certification Expires: 2026-03-31),2,Painting Contractor,1,0,0,0,2026-03-31,2026-03-31,Expiring Soon,ampp_qp_contractors,https://core.ampp.org/Accreditations/Search,2026-03-25T15:56:16.120038+00:00,20260325_155551,b2ea39ec825326fd3ce0fa8d2fc2b909,2026-03-25 15:56:16,2026-03-25 15:56:16,1
33,APEX COATING LLC,303 4th street,Oakland,CA,94607,United States,(347) 325-0003,,inhosong@apexcoatingllc.com,,QP1,QP1 (Certification Expires: 2026-03-31),1,Painting Contractor,1,0,0,0,2026-03-31,2026-03-31,Expiring Soon,ampp_qp_contractors,https://core.ampp.org/Accreditations/Search,2026-03-25T15:56:16.120038+00:00,20260325_155551,38d5ff72f3c665320a53d07552433666,2026-03-25 15:56:16,2026-03-25 15:56:16,1
34,Applewood Painting Co.,14000 West 78th Ave.,Arvada,CO,80005,United States,(303) 425-9071,(303) 425-6656,shane@applewoodpaintingco.com,https://applewoodpaintingco.com,QP1,QP1 (Certification Expires: 2026-03-31),1,Painting Contractor,1,0,0,0,2026-03-31,2026-03-31,Expiring Soon,ampp_qp_contractors,https://core.ampp.org/Accreditations/Search,2026-03-25T15:56:16.120038+00:00,20260325_155551,77e2890feaa22657367603faf3f77293,2026-03-25 15:56:16,2026-03-25 15:56:16,1
35,Arab Shipbuilding & Repair Yard Co. (ASRY),,,,,United States,,,jaffera@asry.net,,QP1,QP1 (Certification Expires: 2026-03-31),1,Painting Contractor,1,0,0,0,2026-03-31,2026-03-31,Expiring Soon,ampp_qp_contractors,https://core.ampp.org/Accreditations/Search,2026-03-25T15:56:16.120038+00:00,20260325_155551,f3b88c4b536fc7223ff5d094f6dfbbbc,2026-03-25 15:56:16,2026-03-25 15:56:16,1
36,Arabian Corrosions General Trading & Contracting Co WLL,,,,,United States,965 22289181,,hameed@arabiancorrosios.com,http://www.arabiancorrosions.com,"QP1, QP3",QP1 (Certification Expires: 2026-03-31) QP3 (Certification Expires: 2026-03-31),2,Painting Contractor,1,0,0,0,2026-03-31,2026-03-31,Expiring Soon,ampp_qp_contractors,https://core.ampp.org/Accreditations/Search,2026-03-25T15:56:16.120038+00:00,20260325_155551,c8b4461b8dd504209b586b4cac178da9,2026-03-25 15:56:16,2026-03-25 15:56:16,1
37,"Arena Painting Contractors, Inc.",525 E Alondra Blvd,Gardena,CA,90248,United States,(310) 856-0120,(310) 856-0126,guygrant@arenapainting.biz,,"QP1, QP2, QS1",QP1 (Certification Expires: 2026-03-31) QP2 (Certification Expires: 2027-03-31) QS1 (Certification Expires: 2026-03-31),3,Multiple,1,1,0,0,2026-03-31,2027-03-31,Expiring Soon,ampp_qp_contractors,https://core.ampp.org/Accreditations/Search,2026-03-25T15:56:16.120038+00:00,20260325_155551,27cc8cefefa6234d536a1dfc75cd53bc,2026-03-25 15:56:16,2026-03-25 15:56:16,1
38,"Arkansas Painting & Specialties, Inc.","Monica Turner Arkansas Painting & Specialties, Inc. 1610 E 9th St Little Rock AR 72202 United States 1610 E 9th St",Little Rock,AR,72202,United States,(501) 376-4617,(501) 374-0144,,,QP3,QP3 (Certification Expires: 2027-03-31),1,Painting Contractor,1,0,0,0,2027-03-31,2027-03-31,Active,ampp_qp_contractors,https://core.ampp.org/Accreditations/Search,2026-03-25T15:56:16.120038+00:00,20260325_155551,c2805fed2ab8478686c03360a8e43e17,2026-03-25 15:56:16,2026-03-25 15:56:16,1
39,Ar-Tech Coating Ltd.,Martin Sorenson Ar-Tech Coating Ltd. 6415 Wildrose Drive Taber AB T1G 1Z4 Canada 6415 Wildrose Drive,Taber,AB,T1G 1Z4,United States,(403) 223-4016,(403) 223-4059,joanne@artechcoating.com,,QP3,QP3 (Certification Expires: 2026-03-31),1,Painting Contractor,1,0,0,0,2026-03-31,2026-03-31,Expiring Soon,ampp_qp_contractors,https://core.ampp.org/Accreditations/Search,2026-03-25T15:56:16.120038+00:00,20260325_155551,409e23d273fa352e255a2344daaf173d,2026-03-25 15:56:16,2026-03-25 15:56:16,1
40,ASCO - American Stripping Company,5736 Sellger Drive,Norfolk,VA,23502,United States,(757) 423-8600,(757) 423-8611,willie@asconorfolk.com,http://www.asconorfolk.com,"QP1, QP3",QP1 (Certification Expires: 2027-03-31) QP3 (Certification Expires: 2027-03-31),2,Painting Contractor,1,0,0,0,2027-03-31,2027-03-31,Active,ampp_qp_contractors,https://core.ampp.org/Accreditations/Search,2026-03-25T15:56:16.120038+00:00,20260325_155551,16deef5a120fac84544e0d3a7a47709a,2026-03-25 15:56:16,2026-03-25 15:56:16,1
41,"ASI Services, Inc.","Clint Bolton ASI Services, Inc. 2212 Verus Street San Diego CA 92154 United States 2212 Verus Street",San Diego,CA,92154,United States,(619) 474-2600,,cbolton@asiservicesinc.com,,QP1,QP1 (Certification Expires: 2027-03-31),1,Painting Contractor,1,0,0,0,2027-03-31,2027-03-31,Active,ampp_qp_contractors,https://core.ampp.org/Accreditations/Search,2026-03-25T15:56:16.120038+00:00,20260325_155551,0f26124f928618a15efb5373dcbfa9b8,2026-03-25 15:56:16,2026-03-25 15:56:16,1
42,"Astron General Contracting Co., Inc.",P.O. BOX 1100,Dallas,NC,28034,United States,(704) 923-0644,,admin@astrongeneralcontracting.biz,,"QP1, QP2",QP1 (Certification Expires: 2027-03-31) QP2 (Certification Expires: 2027-03-31),2,Painting Contractor,1,0,0,0,2027-03-31,2027-03-31,Active,ampp_qp_contractors,https://core.ampp.org/Accreditations/Search,2026-03-25T15:56:16.120038+00:00,20260325_155551,153eae3b82a40d59b47840d628f6db2c,2026-03-25 15:56:16,2026-03-25 15:56:16,1
43,"Atlantic Painting Co., Inc.",10019 Southwest Highway,Oak Lawn,IL,60453,United States,(708) 636-2040,,akavouris@atlanticpainting.com,,"QP1, QP2",QP1 (Certification Expires: 2027-03-31) QP2 (Certification Expires: 2027-03-31),2,Painting Contractor,1,0,0,0,2027-03-31,2027-03-31,Active,ampp_qp_contractors,https://core.ampp.org/Accreditations/Search,2026-03-25T15:56:16.120038+00:00,20260325_155551,0af5fc11ececc9d9eae2465c30f9f4c8,2026-03-25 15:56:16,2026-03-25 15:56:16,1
44,Atlas Painting and Sheeting Corp.,465 Creekside Drive,Amherst,NY,14228,United States,(716) 564-0490,,rcohan@atlas-painting.com,,"QP1, QP2",QP1 (Certification Expires: 2027-03-31) QP1 (Certification Expires: 2026-03-31) QP2 (Certification Expires: 2026-03-31) QP2 (Certification Expires: 2027-03-31),2,Painting Contractor,1,0,0,0,2026-03-31,2027-03-31,Expiring Soon,ampp_qp_contractors,https://core.ampp.org/Accreditations/Search,2026-03-25T15:56:16.120038+00:00,20260325_155551,5198ab1297a4b340c6265952060340a2,2026-03-25 15:56:16,2026-03-25 15:56:16,1
45,Atsalis Brothers Painting Co.,22189 E. 14 Mile Rd.,Clinton Township,MI,48035,United States,(586) 790-0123,,gatsalakis@atsalisbros.com,,"QP1, QP2",QP1 (Certification Expires: 2026-03-31) QP2 (Certification Expires: 2026-03-31),2,Painting Contractor,1,0,0,0,2026-03-31,2026-03-31,Expiring Soon,ampp_qp_contractors,https://core.ampp.org/Accreditations/Search,2026-03-25T15:56:16.120038+00:00,20260325_155551,7cb3f5d06c987e757d4b130a8494f489,2026-03-25 15:56:16,2026-03-25 15:56:16,1
46,Automatic Coating Limited USA,1013 Obici Industrial Boulevard,Suffolk,VA,23434,United States,416-575-0091,,jocelyn@automaticcoating.com,,QP3,QP3 (Certification Expires: 2027-03-31),1,Painting Contractor,1,0,0,0,2027-03-31,2027-03-31,Active,ampp_qp_contractors,https://core.ampp.org/Accreditations/Search,2026-03-25T15:56:16.120038+00:00,20260325_155551,055d1bd5e8e3cd74eeefaa2e8423d306,2026-03-25 15:56:16,2026-03-25 15:56:16,1
47,Automatic Coating Ltd.,211 Nugget Ave,Toronto,ON,M1S 3B1,United States,(416) 335-7500,,brad@automaticcoating.com,,QP3,QP3 (Certification Expires: 2026-03-31),1,Painting Contractor,1,0,0,0,2026-03-31,2026-03-31,Expiring Soon,ampp_qp_contractors,https://core.ampp.org/Accreditations/Search,2026-03-25T15:56:16.120038+00:00,20260325_155551,8b840c3062a5a3925cfdb7f6173905cd,2026-03-25 15:56:16,2026-03-25 15:56:16,1
48,Avalotis Corporation,400 Jones St.,Verona,PA,15147,United States,(412) 828-9666,,mgaynor@avalotis.com,https://www.avalotis.com,"QP1, QP2, QP6, QS1",QP1 (Certification Expires: 2027-03-31) QP2 (Certification Expires: 2027-03-31) QP6 (Certification Expires: 2027-03-31) QS1 (Certification Expires: 2027-03-31),4,Multiple,1,1,0,0,2027-03-31,2027-03-31,Active,ampp_qp_contractors,https://core.ampp.org/Accreditations/Search,2026-03-25T15:56:16.120038+00:00,20260325_155551,7d92c803f1531463bfb5cc74c6957711,2026-03-25 15:56:16,2026-03-25 15:56:16,1
49,Avalotis Industrial Services (AIS),500 Woodlawn Road,Aliquippa,PA,15001,United States,(412) 828-9666,,mgaynor@avalotis.com,https://avalotisindustrialservices.com,"QP3, QP6",QP3 (Certification Expires: 2027-03-31) QP6 (Certification Expires: 2027-03-31),2,Painting Contractor,1,0,0,0,2027-03-31,2027-03-31,Active,ampp_qp_contractors,https://core.ampp.org/Accreditations/Search,2026-03-25T15:56:16.121042+00:00,20260325_155551,06bdfad81a15436f9aef0f497fbfc8aa,2026-03-25 15:56:16,2026-03-25 15:56:16,1
50,"Axis Industries Holdings, Inc.",101 Old Underwood Road,La Porte,TX,77571,United States,(314) 220-4764,,clayton.guidry@axisindustries.com,,"QP1, QP3",QP1 (Certification Expires: 2027-03-31) QP3 (Certification Expires: 2027-03-31),2,Painting Contractor,1,0,0,0,2027-03-31,2027-03-31,Active,ampp_qp_contractors,https://core.ampp.org/Accreditations/Search,2026-03-25T15:56:16.121042+00:00,20260325_155551,c7f88c01aa35e277bd40d273d501653c,2026-03-25 15:56:16,2026-03-25 15:56:16,1
51,AXS Painting LLC DBA AXS Preservation,601 Bryan Street,Jacksonville,FL,32202,United States,9049239708,,jeff@axspres.com,,QP1,QP1 (Certification Expires: 2027-03-31),1,Painting Contractor,1,0,0,0,2027-03-31,2027-03-31,Active,ampp_qp_contractors,https://core.ampp.org/Accreditations/Search,2026-03-25T15:56:16.121042+00:00,20260325_155551,da5bb26eb2e15917fa4b38f38ee7e9ad,2026-03-25 15:56:16,2026-03-25 15:56:16,1
52,B&N Inspection and Supply,Derek Goff B&N Inspection and Supply 287 N. Lindbergh Blvd. Saint Louis MO 63141 United States 287 N. Lindbergh Blvd.,Saint Louis,MO,63141,United States,(636) 336-2908,,,,QP5,QP5 (Certification Expires: 2026-03-31),1,Painting Contractor,1,0,0,0,2026-03-31,2026-03-31,Expiring Soon,ampp_qp_contractors,https://core.ampp.org/Accreditations/Search,2026-03-25T15:56:16.121042+00:00,20260325_155551,d30ff2154ec69eda3d3fc4bff6b4f889,2026-03-25 15:56:16,2026-03-25 15:56:16,1
53,BAE Systems Maritime Solutions Jacksonville (JMS),8500 Heckscher Dr.,Jacksonville,FL,32226,United States,(904) 251-1573,(904) 251-3200,pat.kitchel@baesystems.us,https://BAESystems.com,QP1,QP1 (Certification Expires: 2027-03-31),1,Painting Contractor,1,0,0,0,2027-03-31,2027-03-31,Active,ampp_qp_contractors,https://core.ampp.org/Accreditations/Search,2026-03-25T15:56:16.121042+00:00,20260325_155551,4a2ff5f0a0fb06c009d962f2c074d5ea,2026-03-25 15:56:16,2026-03-25 15:56:16,1
54,BAE Systems Maritime Solutions Norfolk,750 West Berkeley Avenue,Norfolk,VA,23523,United States,(757) 494-4418,(757) 494-4430,,,QP1,QP1 (Certification Expires: 2026-03-31),1,Painting Contractor,1,0,0,0,2026-03-31,2026-03-31,Expiring Soon,ampp_qp_contractors,https://core.ampp.org/Accreditations/Search,2026-03-25T15:56:16.121042+00:00,20260325_155551,40bed45c41181b5a9f0337d666cb4c06,2026-03-25 15:56:16,2026-03-25 15:56:16,1
55,BAE Systems Maritime Solutions San Diego,,,,,United States,619-238-1000,619-849-1427,,,QP1,QP1 (Certification Expires: 2027-03-31),1,Painting Contractor,1,0,0,0,2027-03-31,2027-03-31,Active,ampp_qp_contractors,https://core.ampp.org/Accreditations/Search,2026-03-25T15:56:16.121042+00:00,20260325_155551,692ff55c2e6612d57105ffb5ac0b5134,2026-03-25 15:56:16,2026-03-25 15:56:16,1
56,Bay Area Coatings Consultants,,,,,United States,(888) 384-6839,(209) 669-3633,baccs@msn.com,http://www.bayareacoating.com,QP5,QP5 (Certification Expires: 2026-03-31),1,Painting Contractor,1,0,0,0,2026-03-31,2026-03-31,Expiring Soon,ampp_qp_contractors,https://core.ampp.org/Accreditations/Search,2026-03-25T15:56:16.121042+00:00,20260325_155551,687540f512d15416d15969ae58b42043,2026-03-25 15:56:16,2026-03-25 15:56:16,1
57,Bay Ship & Yacht Co.,2900 Main Street #2100,Alameda,CA,94501,United States,(510) 337-9122,(510) 337-0154,mvega@bay-ship.com,,QP1,QP1 (Certification Expires: 2026-03-31),1,Painting Contractor,1,0,0,0,2026-03-31,2026-03-31,Expiring Soon,ampp_qp_contractors,https://core.ampp.org/Accreditations/Search,2026-03-25T15:56:16.121042+00:00,20260325_155551,23cb36265794bd4839241a9de2210b1d,2026-03-25 15:56:16,2026-03-25 15:56:16,1
58,"B-C Industries, Inc.",Donna Zanauskas B C Industries 12 Hawksley Road Oxford MA 01540 United States 12 Hawksley Road,Oxford,MA,01540,United States,(508) 987-3042,(508) 987-6346,jsimas@bcblast.com,,QP3,QP3 (Certification Expires: 2026-03-31),1,Painting Contractor,1,0,0,0,2026-03-31,2026-03-31,Expiring Soon,ampp_qp_contractors,https://core.ampp.org/Accreditations/Search,2026-03-25T15:56:16.121042+00:00,20260325_155551,298045ebe0bb8e4fb9af1fb13e60f321,2026-03-25 15:56:16,2026-03-25 15:56:16,1
59,"Bella Contractors, LLC",390 South Van Avenue,Houma,LA,70363,United States,(985) 870-7667,,al@bellacontractor.com,https://www.bellacontractor.com,"QP1, QP3, QS1",QP1 (Certification Expires: 2027-03-31) QP3 (Certification Expires: 2027-03-31) QS1 (Certification Expires: 2027-03-31),3,Multiple,1,1,0,0,2027-03-31,2027-03-31,Active,ampp_qp_contractors,https://core.ampp.org/Accreditations/Search,2026-03-25T15:56:16.121042+00:00,20260325_155551,4bfe8aa38ab236744a038eebd319c730,2026-03-25 15:56:16,2026-03-25 15:56:16,1
60,Bilton Welding & Manufacturing Ltd.,5815 37 St.,Innisfail,AB,T4G 1S8,United States,(405) 227-7799,1 403-227-7796,brittany.grant@bilton.ca,,QP3,QP3 (Certification Expires: 2026-03-31),1,Painting Contractor,1,0,0,0,2026-03-31,2026-03-31,Expiring Soon,ampp_qp_contractors,https://core.ampp.org/Accreditations/Search,2026-03-25T15:56:16.121042+00:00,20260325_155551,bcca4c9356992f7a5c78eebbc67d3557,2026-03-25 15:56:16,2026-03-25 15:56:16,1
61,Birikim Muhendislik ve Endustriyel Yuklenim A.S.,Başkent OSB Malıköy Mah. 51. Cad. No:3,Ankara,Ankara,06909,United States,+90 312 394 46 91,+90 312 394 46 92,a.akay@birikimmuhendislik.com.tr,https://birikimmuhendislik.com.tr/,QP3,QP3 (Certification Expires: 2027-03-31),1,Painting Contractor,1,0,0,0,2027-03-31,2027-03-31,Active,ampp_qp_contractors,https://core.ampp.org/Accreditations/Search,2026-03-25T15:56:16.122046+00:00,20260325_155551,a2b56f847da08627381a96408a802072,2026-03-25 15:56:16,2026-03-25 15:56:16,1
62,Blast All Inc.,148 Mill Rock Road East,Old Saybrook,CT,06475,United States,(860) 388-5464,,davenport@ecsone.com,http://blastallinc.com,"QP1, QP2, QP6",QP1 (Certification Expires: 2027-03-31) QP2 (Certification Expires: 2027-03-31) QP6 (Certification Expires: 2027-03-31),3,Painting Contractor,1,0,0,0,2027-03-31,2027-03-31,Active,ampp_qp_contractors,https://core.ampp.org/Accreditations/Search,2026-03-25T15:56:16.122046+00:00,20260325_155551,1d33edece1f205d89f6764b2db090a17,2026-03-25 15:56:16,2026-03-25 15:56:16,1
63,Blastco Incorporated,,,,,United States,281-590-3200,281-590-3234,,,"QP1, QP2, QS1",QP1 (Certification Expires: 2027-03-31) QP2 (Certification Expires: 2027-03-31) QS1 (Certification Expires: 2027-03-31),3,Multiple,1,1,0,0,2027-03-31,2027-03-31,Active,ampp_qp_contractors,https://core.ampp.org/Accreditations/Search,2026-03-25T15:56:16.122046+00:00,20260325_155551,40d7104f5e7ecd72c30a63dba64c97c9,2026-03-25 15:56:16,2026-03-25 15:56:16,1
64,Blastco Texas Inc,Steve Wissing Blastco TX 16201 Wood Dr. Channelview TX 77530 United States 16201 Wood Dr.,Channelview,TX,77530,United States,(281) 590-3200,,swissing81@hotmail.com,,"QP1, QP2, QS1",QP1 (Certification Expires: 2027-03-31) QP2 (Certification Expires: 2027-03-31) QS1 (Certification Expires: 2027-03-31),3,Multiple,1,1,0,0,2027-03-31,2027-03-31,Active,ampp_qp_contractors,https://core.ampp.org/Accreditations/Search,2026-03-25T15:56:16.122046+00:00,20260325_155551,615ba94d7526b207c436b4dfac2a76e3,2026-03-25 15:56:16,2026-03-25 15:56:16,1
65,"Blastech Enterprises, Inc.",2200 Van Deman St. Suite 100,Baltimore,MD,21224,United States,(410) 633-7070,(410) 633-5855,gerrys@blastechenterprises.com,https://www.blastechenterprises.com,"QP1, QP2",QP1 (Certification Expires: 2026-03-31) QP2 (Certification Expires: 2026-03-31),2,Painting Contractor,1,0,0,0,2026-03-31,2026-03-31,Expiring Soon,ampp_qp_contractors,https://core.ampp.org/Accreditations/Search,2026-03-25T15:56:16.122046+00:00,20260325_155551,8fd9eb26c29c0468cb211f87b7c5bfc5,2026-03-25 15:56:16,2026-03-25 15:56:16,1
66,Bollinger Shipyards,8365 Hwy 308,Lockport,LA,70374,United States,(985) 532-2554,,artm@bollingershipyards.com,,QP1,QP1 (Certification Expires: 2027-03-31),1,Painting Contractor,1,0,0,0,2027-03-31,2027-03-31,Active,ampp_qp_contractors,https://core.ampp.org/Accreditations/Search,2026-03-25T15:56:16.122046+00:00,20260325_155551,50c8f9e1eb9479c992fa57f7625aa8c1,2026-03-25 15:56:16,2026-03-25 15:56:16,1
67,Bollinger Shipyards Bollinger Mississippi Shipbuilding LLC,Bollinger Shipyards â€“ Bollinger Mississippi Shipbuilding LLC 900 Bayou Casotte Parkway Pascagoula MS 39581 United States 900 Bayou Casotte Parkway,Pascagoula,MS,39581,United States,(228) 696-6836,,katied@bollingershipyards.com,,QP1,QP1 (Certification Expires: 2027-03-31),1,Painting Contractor,1,0,0,0,2027-03-31,2027-03-31,Active,ampp_qp_contractors,https://core.ampp.org/Accreditations/Search,2026-03-25T15:56:16.122046+00:00,20260325_155551,c9c9b17e33baf02cf01e5d794ad8a9a3,2026-03-25 15:56:16,2026-03-25 15:56:16,1
68,"Brand Energy Services of California, Inc.",,,,,United States,,,tfrederic@brandsafway.com,,QP1,QP1 (Certification Expires: 2027-03-31),1,Painting Contractor,1,0,0,0,2027-03-31,2027-03-31,Active,ampp_qp_contractors,https://core.ampp.org/Accreditations/Search,2026-03-25T15:56:16.122046+00:00,20260325_155551,d34b6529433bc24cdfc9e5fba9f38255,2026-03-25 15:56:16,2026-03-25 15:56:16,1
69,BrandSafway OS Operations,600 Galleria Parkway,Atlanta,GA,30339,United States,(800) 558-4772,,tfederic@brandsafway.com,https://www.brandsafway.com,"QP1, QP2",QP1 (Certification Expires: 2026-03-31) QP2 (Certification Expires: 2026-03-31),2,Painting Contractor,1,0,0,0,2026-03-31,2026-03-31,Expiring Soon,ampp_qp_contractors,https://core.ampp.org/Accreditations/Search,2026-03-25T15:56:16.122046+00:00,20260325_155551,0c443e93ea9e03d53b5efcf609645b0e,2026-03-25 15:56:16,2026-03-25 15:56:16,1
70,BrandSafway Union Operations,,,,,United States,815-464-3053,,tfrederic@brandsafway.com,,"QP1, QP2",QP1 (Certification Expires: 2027-03-31) QP2 (Certification Expires: 2027-03-31),2,Painting Contractor,1,0,0,0,2027-03-31,2027-03-31,Active,ampp_qp_contractors,https://core.ampp.org/Accreditations/Search,2026-03-25T15:56:16.122046+00:00,20260325_155551,f04939fbfeb7b355f69f6f7db06ab9e1,2026-03-25 15:56:16,2026-03-25 15:56:16,1
71,Brave Industrial Paint LLC,177 Elmwood Avenue,Long Branch,NJ,07740,United States,(732) 483-6403,(848) 303-8660,lucy@bravepainting.com,,"QP1, QP2",QP1 (Certification Expires: 2026-03-31) QP2 (Certification Expires: 2026-03-31),2,Painting Contractor,1,0,0,0,2026-03-31,2026-03-31,Expiring Soon,ampp_qp_contractors,https://core.ampp.org/Accreditations/Search,2026-03-25T15:56:16.122046+00:00,20260325_155551,6e5325227fc65b93dcebcef82384f24a,2026-03-25 15:56:16,2026-03-25 15:56:16,1
72,"Brock Industrial Services, LLC","Tony Meintanis Brock Industrial Services, LLC 2210 Oak Leaf Street Joliet IL 60436 United States 2210 Oak Leaf Street",Joliet,IL,60436,United States,(815) 730-3350,(281) 807-8295,tony.meintanis@brockgroup.com,,"QP1, QP2, QP3",QP1 (Certification Expires: 2026-03-31) QP2 (Certification Expires: 2026-03-31) QP3 (Certification Expires: 2026-03-31),3,Painting Contractor,1,0,0,0,2026-03-31,2026-03-31,Expiring Soon,ampp_qp_contractors,https://core.ampp.org/Accreditations/Search,2026-03-25T15:56:16.122046+00:00,20260325_155551,3f2349c99c3cae1e614982eb864bb62e,2026-03-25 15:56:16,2026-03-25 15:56:16,1
73,"Brock Services, LLC",316 Georgia Avenue,Deer Park,TX,77536,United States,,,,,"QP1, QP2",QP1 (Certification Expires: 2027-03-31) QP2 (Certification Expires: 2027-03-31),2,Painting Contractor,1,0,0,0,2027-03-31,2027-03-31,Active,ampp_qp_contractors,https://core.ampp.org/Accreditations/Search,2026-03-25T15:56:16.122046+00:00,20260325_155551,08af1332ed0d27e38588fda86b03f81c,2026-03-25 15:56:16,2026-03-25 15:56:16,1
74,Burnco Mfg. Inc.,40 Citron Court,Vaughan,ON,L4K 2P5,United States,(905) 761-7731,,,,QP3,QP3 (Certification Expires: 2027-03-31),1,Painting Contractor,1,0,0,0,2027-03-31,2027-03-31,Active,ampp_qp_contractors,https://core.ampp.org/Accreditations/Search,2026-03-25T15:56:16.122046+00:00,20260325_155551,af1fb08180dc10b2121a7af4f8221726,2026-03-25 15:56:16,2026-03-25 15:56:16,1
75,C.A. Hull,8177 Goldie Rd,Walled Lake,MI,49390,United States,(248) 330-7674,(248) 363-2399,mdoolin@cahull.com,http://cahull.com,"QP1, QP2",QP1 (Certification Expires: 2027-03-31) QP2 (Certification Expires: 2027-03-31),2,Painting Contractor,1,0,0,0,2027-03-31,2027-03-31,Active,ampp_qp_contractors,https://core.ampp.org/Accreditations/Search,2026-03-25T15:56:16.122046+00:00,20260325_155551,18574110bc7693731b7f7a76235b5920,2026-03-25 15:56:16,2026-03-25 15:56:16,1
76,"C.W. Beal, Inc.",7051 Edinboro Rd,Erie,PA,16509,United States,(814) 868-0861,(814) 868-0864,martybeal@cwbeal.net,,QP3,QP3 (Certification Expires: 2027-03-31),1,Painting Contractor,1,0,0,0,2027-03-31,2027-03-31,Active,ampp_qp_contractors,https://core.ampp.org/Accreditations/Search,2026-03-25T15:56:16.122046+00:00,20260325_155551,d4dc2e4f3bedc3b8e46b943f9e93516d,2026-03-25 15:56:16,2026-03-25 15:56:16,1
77,"Cabrillo Enterprises, Inc. Dba-R.W. Little Company","Sonia Torres Cabrillo Enterprises, Inc. dba-R.W. Little Company 3923 Pacific Hwy San Diego CA 92110 United States 3923 Pacific Hwy",San Diego,CA,92110,United States,(619) 297-3705,(619) 692-0418,jhloza@sbcglobal.net,,QP1,QP1 (Certification Expires: 2026-03-31),1,Painting Contractor,1,0,0,0,2026-03-31,2026-03-31,Expiring Soon,ampp_qp_contractors,https://core.ampp.org/Accreditations/Search,2026-03-25T15:56:16.122046+00:00,20260325_155551,3d1b33c6ff7a192691f9d3e8bc7bd5da,2026-03-25 15:56:16,2026-03-25 15:56:16,1
78,"California Engineering Contractors, Inc.",20 Happy Valley Rd,Pleasanton,CA,94566,United States,(925) 461-1500,,ssandkohl@cecmain.com,https://www.cecmain.com,"QP1, QP2",QP1 (Certification Expires: 2027-03-31) QP2 (Certification Expires: 2027-03-31),2,Painting Contractor,1,0,0,0,2027-03-31,2027-03-31,Active,ampp_qp_contractors,https://core.ampp.org/Accreditations/Search,2026-03-25T15:56:16.123043+00:00,20260325_155551,517f4585cdcac1168347c738fcc6b1ff,2026-03-25 15:56:16,2026-03-25 15:56:16,1
79,"Caligari Gerloff Painting, Inc. (CGP)",2421 Florida Avenue,Norfolk,VA,23513,United States,(757) 216-7147,(757) 216-7149,john@cgp-inc.com,https://www.CGP-INC.com,QP1,QP1 (Certification Expires: 2027-03-31),1,Painting Contractor,1,0,0,0,2027-03-31,2027-03-31,Active,ampp_qp_contractors,https://core.ampp.org/Accreditations/Search,2026-03-25T15:56:16.123043+00:00,20260325_155551,8d37222797b0ece57577fa737d9d3f2a,2026-03-25 15:56:16,2026-03-25 15:56:16,1
80,"Campbell Consulting Services, Inc.",70 Horseblock Rd. #5,Yaphank,NY,11980,United States,(631) 357-6366,,info@ccsconsultingservices.com,,QP5,QP5 (Certification Expires: 2027-03-31),1,Painting Contractor,1,0,0,0,2027-03-31,2027-03-31,Active,ampp_qp_contractors,https://core.ampp.org/Accreditations/Search,2026-03-25T15:56:16.123043+00:00,20260325_155551,0c9964a7c0da682f72820d1728e128b8,2026-03-25 15:56:16,2026-03-25 15:56:16,1
81,Cape Fear Iron Works Inc,4101 Blue Clay Road,Castle Hayne,NC,28429,United States,(910) 675-9795,,stan@capefeariron.com,https://www.capefeariron.com,QP3,QP3 (Certification Expires: 2026-03-31),1,Painting Contractor,1,0,0,0,2026-03-31,2026-03-31,Expiring Soon,ampp_qp_contractors,https://core.ampp.org/Accreditations/Search,2026-03-25T15:56:16.123043+00:00,20260325_155551,186b3fd9fc250dc82cea1071a57cd299,2026-03-25 15:56:16,2026-03-25 15:56:16,1
82,"Capital Industrial Coatings, LLC",17200 Palmer Blvd,Homewood,IL,60430,United States,(312) 508-5085,,a.archambeault@capital-ic.com,,"QP1, QP2, QS1",QP1 (Certification Expires: 2027-03-31) QP2 (Certification Expires: 2027-03-31) QS1 (Certification Expires: 2027-03-31),3,Multiple,1,1,0,0,2027-03-31,2027-03-31,Active,ampp_qp_contractors,https://core.ampp.org/Accreditations/Search,2026-03-25T15:56:16.123043+00:00,20260325_155551,1689a89fdc0e6b49015483a89990008e,2026-03-25 15:56:16,2026-03-25 15:56:16,1
83,"Capitol Finishes, Inc.",2506 Colley Avenue,Norfolk,VA,23517,United States,(757) 622-3700,(757) 622-3775,rnpulley@capitolfinishes.com,,QP1,QP1 (Certification Expires: 2026-03-31),1,Painting Contractor,1,0,0,0,2026-03-31,2026-03-31,Expiring Soon,ampp_qp_contractors,https://core.ampp.org/Accreditations/Search,2026-03-25T15:56:16.123043+00:00,20260325_155551,8d6ba66ca290417de5c70498d8558f32,2026-03-25 15:56:16,2026-03-25 15:56:16,1
84,"Carneys Point Metal Processing, Inc.",351 N. Virginia Ave,Carneys Point,NJ,08069,United States,(856) 351-9570,(856) 351-9571,sales@cpmp.net,https://www.cpmp.net,QP3,QP3 (Certification Expires: 2027-03-31),1,Painting Contractor,1,0,0,0,2027-03-31,2027-03-31,Active,ampp_qp_contractors,https://core.ampp.org/Accreditations/Search,2026-03-25T15:56:16.123043+00:00,20260325_155551,0c87a945b21830613b0a1d6ca0972f1e,2026-03-25 15:56:16,2026-03-25 15:56:16,1
85,"CB Tech Services, Inc.",1728 Kalani St.,Honolulu,HI,96819,United States,(808) 848-0060,(808) 848-7344,cbtsi@cbtechservice.com,,QP1,QP1 (Certification Expires: 2027-03-31),1,Painting Contractor,1,0,0,0,2027-03-31,2027-03-31,Active,ampp_qp_contractors,https://core.ampp.org/Accreditations/Search,2026-03-25T15:56:16.123043+00:00,20260325_155551,c4e972bb9f2caddcd1c5a83cec937ecc,2026-03-25 15:56:16,2026-03-25 15:56:16,1
86,CCI Inspection Services Inc.,"3750 FM 1488, Suite D-108, Box 8",Conroe,TX,77384,United States,(281) 367-6740,(281)-367-6740,michael.stone62@hotmail.com,http://www.cci-inspection.com,QP5,QP5 (Certification Expires: 2027-03-31),1,Painting Contractor,1,0,0,0,2027-03-31,2027-03-31,Active,ampp_qp_contractors,https://core.ampp.org/Accreditations/Search,2026-03-25T15:56:16.123043+00:00,20260325_155551,a4746c4ff6e638da1e5c51dddc1cd773,2026-03-25 15:56:16,2026-03-25 15:56:16,1
87,"Cekra, Inc",Po Box 7964,Wilmington,NC,28406,United States,(910) 338-3643,,caleb@cekra.com,,"QP1, QP2",QP1 (Certification Expires: 2027-03-31) QP2 (Certification Expires: 2027-03-31),2,Painting Contractor,1,0,0,0,2027-03-31,2027-03-31,Active,ampp_qp_contractors,https://core.ampp.org/Accreditations/Search,2026-03-25T15:56:16.123043+00:00,20260325_155551,4b0a87112ec48ae680c64bab72a715c1,2026-03-25 15:56:16,2026-03-25 15:56:16,1
88,"Cembell Industries, Inc.",740 CC Road,Montz,LA,70068,United States,(985) 652-1188,,kramer@cembell.com,,QP3,QP3 (Certification Expires: 2027-03-31),1,Painting Contractor,1,0,0,0,2027-03-31,2027-03-31,Active,ampp_qp_contractors,https://core.ampp.org/Accreditations/Search,2026-03-25T15:56:16.123043+00:00,20260325_155551,4c1f971f15c256116d4fbbf202cc63a4,2026-03-25 15:56:16,2026-03-25 15:56:16,1
89,"Central Painting, Inc.",13900 LIMERICK DRIVE,St. John,IN,46373,United States,(219) 942-3623,(219) 940-9464,fotisvardaros@gmail.com,,"QP1, QP2",QP1 (Certification Expires: 2027-03-31) QP2 (Certification Expires: 2027-03-31),2,Painting Contractor,1,0,0,0,2027-03-31,2027-03-31,Active,ampp_qp_contractors,https://core.ampp.org/Accreditations/Search,2026-03-25T15:56:16.123043+00:00,20260325_155551,039e30acc9a8c8c0e608492d584dfcaf,2026-03-25 15:56:16,2026-03-25 15:56:16,1
90,"Central Sandblasting Company, Inc.",2299 County Rd H,New Brighton,MN,55112,United States,(763) 786-9040,,jake@centralsandblast.com,http://www.centralsandblast.com,"QP3, QS1",QP3 (Certification Expires: 2027-03-31) QP3 (Certification Expires: 2026-03-31) QS1 (Certification Expires: 2026-03-31),2,Multiple,1,1,0,0,2026-03-31,2027-03-31,Expiring Soon,ampp_qp_contractors,https://core.ampp.org/Accreditations/Search,2026-03-25T15:56:16.123043+00:00,20260325_155551,e3d2b2052ae2ae51ff7a29502627b115,2026-03-25 15:56:16,2026-03-25 15:56:16,1
91,"Century Floor Coverings, Inc",9133 West Scotland Avenue,Peoria,AZ,85345,United States,(623) 412-8288,(623) 412-8322,lloyd@centuryfloors.com,,QP8,QP8 (Certification Expires: 2027-03-31),1,Painting Contractor,1,0,0,0,2027-03-31,2027-03-31,Active,ampp_qp_contractors,https://core.ampp.org/Accreditations/Search,2026-03-25T15:56:16.123043+00:00,20260325_155551,94edf1e9e8d202cd14f676bdbd3bcb0a,2026-03-25 15:56:16,2026-03-25 15:56:16,1
92,Certified Coatings Company,2320 Cordelia Road,Fairfield,CA,94534,United States,(707) 639-4414,,toms@muehlhan.com,,"QP1, QP2, QS1",QP1 (Certification Expires: 2027-03-31) QP2 (Certification Expires: 2027-03-31) QS1 (Certification Expires: 2027-03-31),3,Multiple,1,1,0,0,2027-03-31,2027-03-31,Active,ampp_qp_contractors,https://core.ampp.org/Accreditations/Search,2026-03-25T15:56:16.123043+00:00,20260325_155551,8308577c239cacc64cedba680e407670,2026-03-25 15:56:16,2026-03-25 15:56:16,1
93,"Certified Pipe Services Houston, Inc.",,,,,United States,(281) 864-7442,,kyle@cpshouston.net,http://www.cpshouston.net,"QP3, QP7",QP3 (Certification Expires: 2026-03-31) QP7 (Certification Expires: 2026-03-31),2,Painting Contractor,1,0,0,0,2026-03-31,2026-03-31,Expiring Soon,ampp_qp_contractors,https://core.ampp.org/Accreditations/Search,2026-03-25T15:56:16.123043+00:00,20260325_155551,bfebec1a9dd4562ec5afe75acc6fcd22,2026-03-25 15:56:16,2026-03-25 15:56:16,1
94,Champion Painting Specialty Services Corp.,910 Southeast 17th Street,Fort Lauderdale,FL,33316,United States,(954) 462-9079,(954) 462-9089,bmonteon@championssc.com,https://championssc.com,"QP1, QP2, QP6, QP8, QS1",QP1 (Certification Expires: 2027-03-31) QP2 (Certification Expires: 2027-03-31) QP6 (Certification Expires: 2027-03-31) QP8 (Certification Expires: 2027-03-31) QS1 (Certification Expires: 2027-03-31),5,Multiple,1,1,0,0,2027-03-31,2027-03-31,Active,ampp_qp_contractors,https://core.ampp.org/Accreditations/Search,2026-03-25T15:56:16.124042+00:00,20260325_155551,b99487a7059f04f55e6a6635a363fc40,2026-03-25 15:56:16,2026-03-25 15:56:16,1
95,"Chesapeake Mechanical & Coating, Inc.",6310 Cove Avenue,Baltimore,MD,21226,United States,(410) 354-0006,,tswick@chesapeakemechanical.com,https://www.chesapeakemechanical.com,QP1,QP1 (Certification Expires: 2026-03-31),1,Painting Contractor,1,0,0,0,2026-03-31,2026-03-31,Expiring Soon,ampp_qp_contractors,https://core.ampp.org/Accreditations/Search,2026-03-25T15:56:16.124042+00:00,20260325_155551,7769029682ea0ef1e84aa6e28d5eaf74,2026-03-25 15:56:16,2026-03-25 15:56:16,1
96,Cianbro Corporation,,,,,United States,(207) 487-3311,(207) 487-3354,senos@cianbro.com,,QP1,QP1 (Certification Expires: 2027-03-31),1,Painting Contractor,1,0,0,0,2027-03-31,2027-03-31,Active,ampp_qp_contractors,https://core.ampp.org/Accreditations/Search,2026-03-25T15:56:16.124042+00:00,20260325_155551,3fd18ce5701234793dcb9f19700d063e,2026-03-25 15:56:16,2026-03-25 15:56:16,1
97,Civil Coatings and Construction Inc.,1651 West Lincoln Way,Valparaiso,IN,46385,United States,(219) 531-5300,,jtsahas@civilcoatings.com,,"QP1, QP2",QP1 (Certification Expires: 2027-03-31) QP2 (Certification Expires: 2027-03-31),2,Painting Contractor,1,0,0,0,2027-03-31,2027-03-31,Active,ampp_qp_contractors,https://core.ampp.org/Accreditations/Search,2026-03-25T15:56:16.124042+00:00,20260325_155551,fcb459b6686d2395031dfd8526fdf3f5,2026-03-25 15:56:16,2026-03-25 15:56:16,1
98,"CMAX, LLC",2419 62nd AVE NW,Olympia,WA,98502,United States,(360) 878-9207,,rufus.price01@gmail.com,,"QP1, QS1",QP1 (Certification Expires: 2026-03-31) QS1 (Certification Expires: 2026-03-31),2,Multiple,1,1,0,0,2026-03-31,2026-03-31,Expiring Soon,ampp_qp_contractors,https://core.ampp.org/Accreditations/Search,2026-03-25T15:56:16.124042+00:00,20260325_155551,d0eba4ae58b3e552785063655f2517f0,2026-03-25 15:56:16,2026-03-25 15:56:16,1
99,Coastal Marine Construction LLC,630 Park Street,Stoughton,MA,02072,United States,(339) 502-8667,(339) 502-8669,sue@coastalmc.net,,QP1,QP1 (Certification Expires: 2026-03-31),1,Painting Contractor,1,0,0,0,2026-03-31,2026-03-31,Expiring Soon,ampp_qp_contractors,https://core.ampp.org/Accreditations/Search,2026-03-25T15:56:16.124042+00:00,20260325_155551,1494bacd4cc4775740f8cefbbe2c51cd,2026-03-25 15:56:16,2026-03-25 15:56:16,1
100,"Coating Services, Inc.",P O Box 1330,Gonzales,LA,70707,United States,(225) 644-3337,(225) 644-3339,ljoseph@foustgrp.com,,QP1,QP1 (Certification Expires: 2027-03-31),1,Painting Contractor,1,0,0,0,2027-03-31,2027-03-31,Active,ampp_qp_contractors,https://core.ampp.org/Accreditations/Search,2026-03-25T15:56:16.124042+00:00,20260325_155551,2d94ee4354ee50d7a87758feecb20fbe,2026-03-25 15:56:16,2026-03-25 15:56:16,1
