id,company_name,website,phone,email,hq_address,city,state,zip_code,lat,lng,tagline,practice_type,specialisations,contact_count,staff_names,description,firm_category,listing_url,listing_slug,dataset,source_url,crawl_date,crawl_session,dedup_hash,first_seen,last_seen,is_new
1,!melk Landscape Architecture & Urban Design,,,,"111 John St, New York, NY 10038",New York,NY,10038,40.707788337352,-74.005553244616,!melk Landscape Architecture & Urban Design,Landscape Architecture Firm,"Transportation/Streetscapes/Multimodal, Urban Design",1,Allyson Czechowi...,Transforming Urban Landscapes with Innovative Vision and Sustainable Excellence. Renowned for its expertise in landscape architecture and urban d,,https://connect.asla.org/listing/melk-landscape-architecture-urban-design,melk-landscape-architecture-urban-design,asla_firmfinder,https://connect.asla.org/search?ListingType=FirmFinder,2026-03-26T16:01:39.811511+00:00,20260326_143852,d34916c2ed94de127c9aed1ad195221f,2026-03-25 22:47:13,2026-03-26 16:01:40,0
2,10Fold Architecture,https://10foldarchitecture.com,,,"0 Followers About Contact 413 Kellogg Ave, Ames, IA 50010-6225, USA",Ames,IA,50010-6225,42.02573440132,-93.613973852999,,,,1,J. Mark Putney,Innovative Landscape Architects Crafting Sustainable and Inspiring Outdoor Masterpieces. This renowned firm in the landscape architecture industr,,https://connect.asla.org/listing/10fold-architecture,10fold-architecture,asla_firmfinder,https://connect.asla.org/search?ListingType=FirmFinder,2026-03-26T16:01:39.811511+00:00,20260326_143852,57a216c5e1e19e5d99a0918c76491796,2026-03-25 22:47:13,2026-03-26 16:01:40,0
3,2.Ink Studio Landscape Architecture,https://2inkstudio.com/,,,"350 SE Mill St, Portland, OR 97214",Portland,OR,97214,45.50989344507,-122.662392380956,,Landscape Architecture Firm,"Ecological Restoration, Sustainability",1,Melinda Graham,"Innovative Landscape Designs Harmonizing Nature and Urban Spaces with Environmental Stewardship. Based in Portland, Oregon, the firm is renowned",,https://connect.asla.org/listing/2ink-studio-landscape-architecture,2ink-studio-landscape-architecture,asla_firmfinder,https://connect.asla.org/search?ListingType=FirmFinder,2026-03-26T16:01:39.812515+00:00,20260326_143852,03225283cc0efb45c43862fc3dad117d,2026-03-25 22:47:13,2026-03-26 16:01:40,0
4,2B Design Group. LLC,,,,"166 E Valley View Dr, Bayfield, CO 81122-9296, USA",Bayfield,CO,81122-9296,37.330245970436,-107.589330564993,,Landscape Architecture Firm,"Green Infrastructure, Sustainability",,,"Transforming Urban Spaces with Innovative and Sustainable Landscape Solutions Specializing in the creation and enhancement of outdoor spaces, the",,https://connect.asla.org/listing/2b-design-group-llc,2b-design-group-llc,asla_firmfinder,https://connect.asla.org/search?ListingType=FirmFinder,2026-03-26T16:01:39.812515+00:00,20260326_143852,4c7e8ab5502a95fb34647f07404e69c2,2026-03-25 22:47:13,2026-03-26 16:01:40,0
5,"2GHO, Inc.",,,,"1907 Commerce Ln, Jupiter, FL 33458",Jupiter,FL,33458,26.930089516998,-80.125570511504,,,,5,George Gentile; Dylan Roden; Emily O'Mahoney; M. Brandon Hollo...,"Transforming Visions into Sustainable Reality with Award-Winning Landscape Expertise. Founded in 1988, this company stands as a prominent leader",,https://connect.asla.org/listing/2gho-inc,2gho-inc,asla_firmfinder,https://connect.asla.org/search?ListingType=FirmFinder,2026-03-26T16:01:39.812515+00:00,20260326_143852,2df066cc2513534a7f2527f8bc32bfe7,2026-03-25 22:47:13,2026-03-26 16:01:40,0
6,2M Associates,,,,"Station Pl, Landscape Station, Berkeley, CA 94707-1910, USA",Berkeley,CA,94707-1910,37.8921461004,-122.278547015243,,Landscape Architecture Firm,"Ecological Restoration, Sustainability",1,Patrick Miller,"Crafting Sustainable Landscapes for Tomorrow's World Specializing in the art and science of landscape architecture, this firm is dedicated to tra",,https://connect.asla.org/listing/2m-associates,2m-associates,asla_firmfinder,https://connect.asla.org/search?ListingType=FirmFinder,2026-03-26T16:01:39.812515+00:00,20260326_143852,0c8dd6976c7dd023a5edd2baede4bd70,2026-03-25 22:47:13,2026-03-26 16:01:40,0
7,3 North,https://www.3north.com/,,,"427 Bryant St, San Francisco, CA 94107-1302, USA",San Francisco,CA,94107-1302,37.782406186584,-122.394089001414,Elevating Communities Through Sustainable and Collaborative Design Excellence.,"Architecture, Engineering, or Multidisciplinary Firm",Sustainability,1,Morgan Pierce,"Elevating Communities Through Sustainable and Collaborative Design Excellence. Situated in Richmond, Virginia, with a presence in San Francisco,",,https://connect.asla.org/listing/3-north,3-north,asla_firmfinder,https://connect.asla.org/search?ListingType=FirmFinder,2026-03-26T16:01:39.812515+00:00,20260326_143852,1732fc3f2f3f7dabe8aead7aa3c55937,2026-03-25 22:47:13,2026-03-26 16:01:40,0
8,35° North Landscape Services,https://35-n.com/,,,"700 Old Hendersonville Hwy, Brevard, NC 28712-9418, USA",Brevard,NC,28712-9418,35.245855830259,-82.71288590632,,Landscape Architecture Firm,"Design/Build, Green Roof",1,Charles Landreth,"Transforming Vision into Stunning Landscapes Across Asheville and Greenville This enterprise thrives within the landscape architecture sphere, pr",,https://connect.asla.org/listing/35-north-landscape-services,35-north-landscape-services,asla_firmfinder,https://connect.asla.org/search?ListingType=FirmFinder,2026-03-26T16:01:39.812515+00:00,20260326_143852,54293fad4337374b49171df1b0756a59,2026-03-25 22:47:13,2026-03-26 16:01:40,0
9,3North,https://www.3north.com/,,,"4015 Fitzhugh Ave, Richmond, VA 23230-3921, USA",Richmond,VA,23230-3921,37.572463861468,-77.483785402721,"Transforming Spaces Globally: Inspired Design, Unmatched Expertise.",Landscape Architecture Firm,"Green Roof, Sustainability",2,Andrea Almond; John Hugo,"Transforming Spaces Globally: Inspired Design, Unmatched Expertise. Specializing in landscape architecture, this forward-thinking design firm is",,https://connect.asla.org/listing/3north,3north,asla_firmfinder,https://connect.asla.org/search?ListingType=FirmFinder,2026-03-26T16:01:39.812515+00:00,20260326_143852,b8c935cc18e77152affc60a93c14035d,2026-03-25 22:47:13,2026-03-26 16:01:40,0
10,4171 Design,,,,"10659 Cedarcrest Cir, Highlands Ranch, CO 80130-8939, USA",Highlands Ranch,CO,80130-8939,39.522554916107,-104.925827023073,,Landscape Architecture Firm,"Ecological Restoration, Sustainability",1,Timothy Nelson,"Innovative Landscape Architecture for Sustainable and Resilient Urban Spaces. Specializing in landscape architecture, this esteemed company dedic",,https://connect.asla.org/listing/4171-design,4171-design,asla_firmfinder,https://connect.asla.org/search?ListingType=FirmFinder,2026-03-26T16:01:39.812515+00:00,20260326_143852,161d45ce384683f760ccf44d394fef87,2026-03-25 22:47:13,2026-03-26 16:01:40,0
11,4N Projects,https://www.4nprojects.com/,,,"59 Park Avenue Ext, Arlington, MA 02474-2656, USA",Arlington,MA,02474-2656,42.427843298031,-71.179453773042,Transforming Urban Landscapes with Innovative and Sustainable Design.,Landscape Architecture Firm,"Campus Planning Design, Urban Design",1,,"Transforming Urban Landscapes with Innovative and Sustainable Design. Based in the Boston area, this emerging design studio specializes in landsc",,https://connect.asla.org/listing/4nprojects,4nprojects,asla_firmfinder,https://connect.asla.org/search?ListingType=FirmFinder,2026-03-26T16:01:39.812515+00:00,20260326_143852,74bc3aba06cf41de42eae43f94e51155,2026-03-25 22:47:13,2026-03-26 16:01:40,0
12,7gen Planning (KSA),,,,"4833 Spicewood Springs Rd, Austin, TX 78759",Austin,TX,78759,30.378662981269,-97.76541323297,Pioneering Sustainable Excellence in Landscape Architecture and Design.,Landscape Architecture Firm,"Sustainability, Urban Design",,,"Pioneering Sustainable Excellence in Landscape Architecture and Design. A distinguished entity within the landscape architecture sector, this fir",,https://connect.asla.org/listing/7gen-planning-ksa,7gen-planning-ksa,asla_firmfinder,https://connect.asla.org/search?ListingType=FirmFinder,2026-03-26T16:01:39.812515+00:00,20260326_143852,c06ff6706a3cb9f8df554d23e95f02b4,2026-03-25 22:47:13,2026-03-26 16:01:40,0
13,: Studio Terrain,,,,"18040 Des Moines Memorial Dr S, Seatac, WA 98148-1941, USA",Seatac,WA,98148-1941,47.441350355484,-122.325476166944,,,,2,Lauren Galante; Madelyn Speegle,"Crafting Visionary Landscapes for the Discerning Elite Since 1994. Established in 1994 in Seattle, this landscape architecture firm began with a",,https://connect.asla.org/listing/studio-terrain,studio-terrain,asla_firmfinder,https://connect.asla.org/search?ListingType=FirmFinder,2026-03-26T16:01:39.812515+00:00,20260326_143852,72cc4491b92713a959351a1b056af7cf,2026-03-25 22:47:13,2026-03-26 16:01:40,0
14,A Blade of Grass,http://www.abladeofgrass.com,,,"9 Old County Rd, Sudbury, MA 01776",Sudbury,MA,01776,42.364522042854,-71.390818046122,,,,1,Peter Cadieux,"Elevate Your Outdoors with Award-Winning Landscape Architecture in New England. Nestled in the picturesque town of Sudbury, Massachusetts, this e",,https://connect.asla.org/listing/a-blade-of-grass,a-blade-of-grass,asla_firmfinder,https://connect.asla.org/search?ListingType=FirmFinder,2026-03-26T16:01:39.812515+00:00,20260326_143852,021282b3e81c9fc74a0929e180777ee1,2026-03-25 22:47:13,2026-03-26 16:01:40,0
15,A Crescent Moon LLC,https://acrescentmoonllc.com/,,,"Broadalbin, NY 12025-0226, USA",Broadalbin,NY,12025-0226,43.07540801497,-74.142969015121,,Landscape Architecture Firm,"Green Roof, Sustainability",1,A Crescent Moon LLC; Craig Church,"Crafting Sustainable Dreamscapes with Ecological Excellence and Artistic Vision. This landscape architecture firm is a small, design-oriented wor",,https://connect.asla.org/listing/a-crescent-moon-llc,a-crescent-moon-llc,asla_firmfinder,https://connect.asla.org/search?ListingType=FirmFinder,2026-03-26T16:01:39.812515+00:00,20260326_143852,f4adb4fb4be72b08d8025ea80bd44da4,2026-03-25 22:47:13,2026-03-26 16:01:40,0
16,A Dye Design Inc,,,,"201 W Colorado Ave, 201 W. Colorado Avenue # 202, Telluride, CO 81435, USA",Telluride,CO,81435,38.998550562,-105.547816373,,Landscape Architecture Firm,"Design/Build, Urban Design",1,A Dye Design Inc; Angela Dye,"Pioneering Excellence in Sustainable Landscape Architecture Since 1998. Established in 1998, this distinguished firm specializes in landscape arc",,https://connect.asla.org/listing/a-dye-design-inc,a-dye-design-inc,asla_firmfinder,https://connect.asla.org/search?ListingType=FirmFinder,2026-03-26T16:01:39.812515+00:00,20260326_143852,d3516cf9214651d5a81870ea45d8ccbe,2026-03-25 22:47:13,2026-03-26 16:01:40,0
17,"A Touch of Green, Inc",,,,"12720 W 159th St, Homer Glen, IL 60491-8379, USA",Homer Glen,IL,60491-8379,41.600448285043,-87.928366906908,,Landscape Architecture Firm,"Green Infrastructure, Sustainability",1,Gregory Stevens,"Innovative Landscape Architecture for Sustainable Urban Transformation Specializing in landscape architecture, this company is dedicated to addre",,https://connect.asla.org/listing/a-touch-of-green-inc,a-touch-of-green-inc,asla_firmfinder,https://connect.asla.org/search?ListingType=FirmFinder,2026-03-26T16:01:39.812515+00:00,20260326_143852,9d70cbdcb3bba8a1911d79a7f54dcfd4,2026-03-25 22:47:13,2026-03-26 16:01:40,0
18,"A. John Harvey Golf Course Design, LLC",,,,"6630 N 43 Rd, Manton, MI 49663-9767, USA",Manton,MI,49663-9767,44.434801458584,-85.396024894619,"A. John Harvey Golf Course Design, LLC",Landscape Architecture Firm,Golf Course Design,1,A. John Harvey,"Crafting Sustainable Golf Courses That Elevate the Art of Landscape Architecture. Specializing in the art and science of landscape architecture,",,https://connect.asla.org/listing/a-john-harvey-golf-course-design-llc,a-john-harvey-golf-course-design-llc,asla_firmfinder,https://connect.asla.org/search?ListingType=FirmFinder,2026-03-26T16:01:39.812515+00:00,20260326_143852,c368f9db8a6469ddda9300b25c1a7f47,2026-03-25 22:47:13,2026-03-26 16:01:40,0
19,"A2 Land Consulting, PLLC",,,,"30 Rocky Hill Rd, New Fairfield, CT 06812-2707, USA",New Fairfield,CT,06812-2707,41.228202139599,-73.19170506354,,,,1,Abigail Adams,"Crafting Sustainable Landscapes that Harmonize Nature and Innovation Specializing in landscape architecture and land use consulting, this firm is",,https://connect.asla.org/listing/a2-land-consulting-pllc,a2-land-consulting-pllc,asla_firmfinder,https://connect.asla.org/search?ListingType=FirmFinder,2026-03-26T16:01:39.812515+00:00,20260326_143852,852ca6925436cf8cead0a9c7830b3e3f,2026-03-25 22:47:13,2026-03-26 16:01:40,0
20,A2H,https://a2h.com/,,,"3009 Davies Plantation Rd, Lakeland, TN 38002-8215, USA",Lakeland,TN,38002-8215,35.207852826085,-89.746601865509,Transforming Communities Through Collaborative and Innovative Design Excellence,"Architecture, Engineering, or Multidisciplinary Firm","Botanic Gardens/Arboreta, Green Roof",3,Chet Winstead; Joni Bailey; Marshal Eddleman,Transforming Communities Through Collaborative and Innovative Design Excellence The firm is distinguished by its collaborative approach to planni,,https://connect.asla.org/listing/a2h,a2h,asla_firmfinder,https://connect.asla.org/search?ListingType=FirmFinder,2026-03-26T16:01:39.812515+00:00,20260326_143852,9ede062757048db1db77babfa6025ebf,2026-03-25 22:47:13,2026-03-26 16:01:40,0
21,AAM Landscape Architect,,,,"3620 Mt Diablo Blvd, Lafayette, CA 94549",Lafayette,CA,94549,37.891751005264,-122.124846010527,Elevating Landscape Architecture with Innovative Design and Sustainable Solutions,Landscape Architecture Firm,"Sustainability, Urban Design",1,AAM Landscape Architect; Thomas Gregory A...,"Elevating Landscape Architecture with Innovative Design and Sustainable Solutions Renowned for its innovative approach in landscape architecture,",,https://connect.asla.org/listing/aam-landscape-architect,aam-landscape-architect,asla_firmfinder,https://connect.asla.org/search?ListingType=FirmFinder,2026-03-26T16:01:39.812515+00:00,20260326_143852,a1b6ee3332bece7dfdeee4f5e666c5b3,2026-03-25 22:47:13,2026-03-26 16:01:40,0
22,"AB Consultants, Inc.",,,,"9450 Annapolis Rd, Lanham, MD 20706-3004, USA",Lanham,MD,20706-3004,38.965260404612,-76.841685435195,,,,1,"AB Consultants, Inc.; Robert Boyd",Transforming Communities with Excellence in Multidisciplinary Engineering and Landscape Architecture. A premier multidisciplinary firm in the Bal,,https://connect.asla.org/listing/ab-consultants-inc,ab-consultants-inc,asla_firmfinder,https://connect.asla.org/search?ListingType=FirmFinder,2026-03-26T16:01:39.812515+00:00,20260326_143852,3b93342f78cdf309583890a7526ec522,2026-03-25 22:47:13,2026-03-26 16:01:40,0
23,"Abel Bainnson Butz, LLP",https://www.abbnyc.com/,,,"265 W 14th St, Ste 1105, New York, NY 10011-7166, USA",New York,NY,10011-7166,40.739832981834,-74.002054973506,,Landscape Architecture Firm,"Green Roof, Sustainability",1,"Abel Bainnson Butz, LLP; John Butz","Crafting Timeless Landscapes: Where Urban Elegance Meets Sustainable Innovation. Founded in 1968, this distinguished landscape architecture firm",,https://connect.asla.org/listing/abel-bainnson-butz-llp,abel-bainnson-butz-llp,asla_firmfinder,https://connect.asla.org/search?ListingType=FirmFinder,2026-03-26T16:01:39.812515+00:00,20260326_143852,8a67c41e8b922f52f5b3d44c3028c576,2026-03-25 22:47:13,2026-03-26 16:01:40,0
24,ABL Landscape Architecture,,,,"104 White St, Lexington, VA 24450-1912, USA",Lexington,VA,24450-1912,37.781457145597,-79.448120454069,"Preserving Heritage, Crafting Timeless Landscapes: Expert Garden Design for Enduring Elegance",,,2,ABL Landscape Architecture; Arthur Bartenste...; Amanda Merchant,"Preserving Heritage, Crafting Timeless Landscapes: Expert Garden Design for Enduring Elegance This award-winning firm is dedicated to transformin",,https://connect.asla.org/listing/abl-landscape-architecture,abl-landscape-architecture,asla_firmfinder,https://connect.asla.org/search?ListingType=FirmFinder,2026-03-26T16:01:39.812515+00:00,20260326_143852,a3ee5556971298eacd51603d03dfe638,2026-03-25 22:47:13,2026-03-26 16:01:40,0
25,"ABLA, LLC",https://ablastudio.com/,,,"310 E Rio Salado Pkwy, Tempe, AZ 85281-7817, USA",Tempe,AZ,85281-7817,33.430850963775,-111.933361353322,,,,4,"ABLA, LLC; Andrew Baron; Christopher Szab...; Davis Klassen; Veronica Luna",Transforming Communities with Sustainable and Innovative Landscape Solutions Established as a leading firm in the landscape architecture industry,,https://connect.asla.org/listing/abla-llc,abla-llc,asla_firmfinder,https://connect.asla.org/search?ListingType=FirmFinder,2026-03-26T16:01:39.812515+00:00,20260326_143852,44545ce57962f3ceb95fa61aac94c16a,2026-03-25 22:47:13,2026-03-26 16:01:40,0
26,ABLE,,,,"5101 14th Ave NW, Seattle, WA 98107",Seattle,WA,98107,47.665912982852,-122.373914011928,,,,2,Rebecca Klein; Ashley Ludwig,Transforming Communities Through Sustainable and Inclusive Landscape Architecture. This Seattle-based landscape architecture practice is dedicate,,https://connect.asla.org/listing/able,able,asla_firmfinder,https://connect.asla.org/search?ListingType=FirmFinder,2026-03-26T16:01:39.812515+00:00,20260326_143852,fc6a258654b5bf6f22b0d79d9b29c852,2026-03-25 22:47:13,2026-03-26 16:01:40,0
27,Ables Landscapes,https://www.ableslandscapes.com/,,,"4527 Highway 162, Hollywood, SC 29449-5769, USA",Hollywood,SC,29449-5769,32.772633937547,-80.155813256351,,Landscape Architecture Firm,"Residential - Single Family, Residential",1,Ables Landscapes; Candace Young,"Crafting Timeless Elegance: Transforming Residential Spaces into Stunning Landscapes. With a legacy spanning over five decades, this esteemed fir",,https://connect.asla.org/listing/ables-landscapes,ables-landscapes,asla_firmfinder,https://connect.asla.org/search?ListingType=FirmFinder,2026-03-26T16:01:39.812515+00:00,20260326_143852,f3283fca20a8e22ecef0573d123c8de1,2026-03-25 22:47:13,2026-03-26 16:01:40,0
28,Abonmarche Consultants,https://www.abonmarche.com/,,,"8 N 3rd St, Ste 301, Lafayette, IN 47901-1205, USA",Lafayette,IN,47901-1205,40.417454005413,-86.894572976462,,Landscape Architecture Firm,"Green Roof, Sustainability",1,Abonmarche Consultants; Eric Fisher,Transforming Communities with Sustainable and Innovative Landscape Architecture Solutions. Founded on a mission to enhance the appeal and functio,,https://connect.asla.org/listing/abonmarche-consultants,abonmarche-consultants,asla_firmfinder,https://connect.asla.org/search?ListingType=FirmFinder,2026-03-26T16:01:39.812515+00:00,20260326_143852,0e76dec42d5df1fde9c43dc63476c35e,2026-03-25 22:47:13,2026-03-26 16:01:40,0
29,"Abonmarche Consultants, Inc.",https://www.abonmarche.com/,,,"95 W Main St, Benton Harbor, MI 49022-3605, USA",Benton Harbor,MI,49022-3605,42.116135993095,-86.456246965777,,Landscape Architecture Firm,"Green Roof, Sustainability",1,"Abonmarche Consultants, Inc.; Kathy Burczak",Innovative Landscape Architecture: Creating Sustainable and Vibrant Community Spaces for Future Generations. In the landscape architecture indust,,https://connect.asla.org/listing/abonmarche-consultants-inc,abonmarche-consultants-inc,asla_firmfinder,https://connect.asla.org/search?ListingType=FirmFinder,2026-03-26T16:01:39.813517+00:00,20260326_143852,43f2ca2b1086072d44491b864fc82166,2026-03-25 22:47:13,2026-03-26 16:01:40,0
30,Acadia Design Studio,https://acadialandscape.me/,,,"Bar Harbor, ME 04609-0962, USA",Bar Harbor,ME,04609-0962,44.390460981238,-68.222818983823,,Landscape Architecture Firm,"Design/Build, Sustainability",1,Acadia Design Studio; Michael Gillis,"Crafting Sustainable and Resilient Landscapes Inspired by Nature's Beauty. Nestled in the scenic surroundings of Mount Desert Island, this employ",,https://connect.asla.org/listing/acadia-design-studio,acadia-design-studio,asla_firmfinder,https://connect.asla.org/search?ListingType=FirmFinder,2026-03-26T16:01:39.813517+00:00,20260326_143852,17cdb8148f96ce9e39630c8f83e367eb,2026-03-25 22:47:13,2026-03-26 16:01:40,0
31,"Accent Urban Design, Inc.",https://www.accenturbandesign.com/,,,"1655 Evergreen Rd, Homewood, IL 60430-3307, USA",Homewood,IL,60430-3307,41.556187938692,-87.657646270309,Elevating Landscapes with Elegance and Sustainable Vision in Urban Design.,Landscape Architecture Firm,"Sustainability, Urban Design",1,"Accent Urban Design, Inc.; José Magán","Elevating Landscapes with Elegance and Sustainable Vision in Urban Design. Located in the heart of Illinois, this distinguished firm excels in th",,https://connect.asla.org/listing/accent-urban-design-inc,accent-urban-design-inc,asla_firmfinder,https://connect.asla.org/search?ListingType=FirmFinder,2026-03-26T16:01:39.813517+00:00,20260326_143852,4ab89090acbc944c96f85176b8de9b78,2026-03-25 22:47:13,2026-03-26 16:01:40,0
32,Ace Tree Movers,,,,,,,,,,,Landscape Architecture Firm,"Ecological Restoration, Sustainability",,Ace Tree Movers,"Cultivating Sustainable Landscapes for Community and Ecological Harmony. In the expansive field of landscape architecture, this company stands as",,https://connect.asla.org/listing/ace-tree-movers,ace-tree-movers,asla_firmfinder,https://connect.asla.org/search?ListingType=FirmFinder,2026-03-26T16:01:39.813517+00:00,20260326_143852,7230c7632066286dc13e4ba8b76e36d1,2026-03-25 22:47:13,2026-03-26 16:01:40,0
33,Aceto Landscape Architects,https://acetola.com,,,"428 Fore St, Portland, ME 04101-5108, USA",Portland,ME,04101-5108,43.655808793221,-70.254290900312,Crafting Sustainable Landscapes that Harmonize Design and Community Growth.,Landscape Architecture Firm,"Green Roof, Urban Design",1,Aceto Landscape Architects; Caitlin Aceto,"Crafting Sustainable Landscapes that Harmonize Design and Community Growth. Based in Portland, the firm specializes in site planning and landscap",,https://connect.asla.org/listing/aceto-landscape-architects2,aceto-landscape-architects2,asla_firmfinder,https://connect.asla.org/search?ListingType=FirmFinder,2026-03-26T16:01:39.813517+00:00,20260326_143852,3a9cda74699cc6e523893358d98657a0,2026-03-25 22:47:13,2026-03-26 16:01:40,0
34,Acorn Landscapes,,,,"13 Forrester Dr, Manchester, MO 63011-4008, USA",Manchester,MO,63011-4008,38.604133608101,-90.517108482549,Elevate Your Landscape with Innovative and Sustainable Design Excellence.,Landscape Architecture Firm,"Ecological Restoration, Sustainability",1,Acorn Landscapes; Mary Deweese,Elevate Your Landscape with Innovative and Sustainable Design Excellence. This esteemed firm is a leading landscape architectural entity based in,,https://connect.asla.org/listing/acorn-landscapes,acorn-landscapes,asla_firmfinder,https://connect.asla.org/search?ListingType=FirmFinder,2026-03-26T16:01:39.813517+00:00,20260326_143852,f58d854b2acbf2ab34d2b2df930f670c,2026-03-25 22:47:13,2026-03-26 16:01:40,0
35,Activitas Inc,https://activitas.com/,,,"16 School St, Dedham, MA 02026-4310, USA",Dedham,MA,02026-4310,42.247044975984,-71.174563183996,,Landscape Architecture Firm,"Green Roof, Sustainability",1,Activitas Inc; Benjamin Gleason,"Crafting Sustainable Excellence in Landscape Architecture and Engineering Solutions. A specialized firm in landscape architecture, this company i",,https://connect.asla.org/listing/activitas-inc,activitas-inc,asla_firmfinder,https://connect.asla.org/search?ListingType=FirmFinder,2026-03-26T16:01:39.813517+00:00,20260326_143852,7333ccbac7ae465bc44eecf13807b8d4,2026-03-25 22:47:13,2026-03-26 16:01:40,0
36,"Adam L. Sutliff, RLA",,,,"11020 Meadow Rue St, Spring, TX 77380-1328, USA",Spring,TX,77380-1328,30.14304487507,-95.484086841105,,Landscape Architecture Firm,"Sustainability, Urban Design",1,"Adam L. Sutliff, RLA; Adam Sutliff","Innovative Landscape Architecture for Sustainable Urban Transformation. Specializing in innovative landscape architecture, this firm provides com",,https://connect.asla.org/listing/adam-l-sutliff-rla,adam-l-sutliff-rla,asla_firmfinder,https://connect.asla.org/search?ListingType=FirmFinder,2026-03-26T16:01:39.813517+00:00,20260326_143852,f67369cef5ea05f1d12ce78722a2315f,2026-03-25 22:47:13,2026-03-26 16:01:40,0
37,"ADC Engineering, Inc.",https://adcengineering.com/,,,"1226 Yeamans Hall Rd, Hanahan, SC 29410-2796, USA",Hanahan,SC,29410-2796,32.905318794262,-80.006912015382,,Landscape Architecture Firm,"Campus Planning Design, Sustainability",3,"ADC Engineering, Inc.; W. Warren Pruitt; Fredrick Guthier; Gerald Stowe",Crafting Distinctive and Functional Outdoor Spaces with Unparalleled Expertise and Innovation. With a renowned reputation in the field of landsca,,https://connect.asla.org/listing/adc-engineering-inc,adc-engineering-inc,asla_firmfinder,https://connect.asla.org/search?ListingType=FirmFinder,2026-03-26T16:01:39.813517+00:00,20260326_143852,b74064e02821f5177c15eca3ea41268d,2026-03-25 22:47:13,2026-03-26 16:01:40,0
38,ADG P.C.,,,,"920 W Main St, Oklahoma City, OK 73106-7823, USA",Oklahoma City,OK,73106-7823,35.992936997671,-94.57354997032,Transforming Spaces with Innovative Landscape Architecture Solutions for Seamless Integration of Nature and Design.,,,1,ADG P.C.; Nathan Clair,Transforming Spaces with Innovative Landscape Architecture Solutions for Seamless Integration of Nature and Design. Specializing in the artful int,,https://connect.asla.org/listing/adg-pc,adg-pc,asla_firmfinder,https://connect.asla.org/search?ListingType=FirmFinder,2026-03-26T16:01:39.813517+00:00,20260326_143852,cd0730a8477aba5a938bd42fddc101c3,2026-03-25 22:47:13,2026-03-26 16:01:40,0
39,ADJ Land Design,,,,"2418 Tioga Trl, Winter Park, FL 32789-1348, USA",Winter Park,FL,32789-1348,28.622090289659,-81.330353757986,,Landscape Architecture Firm,"Green Roof, Sustainability",1,ADJ Land Design; Adrienne Downey-...,"Crafting Tomorrow's Sustainable Landscapes Today. As leaders in the landscape architecture industry, the firm is dedicated to addressing the most",,https://connect.asla.org/listing/adj-land-design,adj-land-design,asla_firmfinder,https://connect.asla.org/search?ListingType=FirmFinder,2026-03-26T16:01:39.813517+00:00,20260326_143852,afd63cd28999a3d8e58e257c333a7260,2026-03-25 22:47:13,2026-03-26 16:01:40,0
40,ADL Planning Associates,,,,"2195 Basswood Ave, Carlsbad, CA 92008-1114, USA",Carlsbad,CA,92008-1114,33.169123019636,-117.327871842928,,Landscape Architecture Firm,"Sustainability, Urban Design",1,ADL Planning Associates; Anthony Lawson,Transforming Visions into Award-Winning Landscapes with Precision and Artistry. The company stands as a distinguished entity within the landscape,,https://connect.asla.org/listing/adl-planning-associates,adl-planning-associates,asla_firmfinder,https://connect.asla.org/search?ListingType=FirmFinder,2026-03-26T16:01:39.813517+00:00,20260326_143852,4545dd0607eca956dddae3fc66270fb5,2026-03-25 22:47:13,2026-03-26 16:01:40,0
41,Advanced signs,https://www.facebook.com/people/Advanced-Signs-inc/100066997171586/,,,,,,,,,,Landscape Architecture Firm,"Residential, Sustainability",,,Advanced Signs – Professional Custom Signage Solutions for Growing Businesses Advanced Signs is a trusted provider of custom signage solutions d,,https://connect.asla.org/listing/advanced-signs,advanced-signs,asla_firmfinder,https://connect.asla.org/search?ListingType=FirmFinder,2026-03-26T16:01:39.813517+00:00,20260326_143852,2b687d2c36a51543b4719b1463100e12,2026-03-25 22:47:13,2026-03-26 16:01:40,0
42,AECOM - Abu Dabi,,,,,,,,24.420799,54.441002,,Landscape Architecture Firm,"Ecological Restoration, Sustainability",3,Pingjun Chen; James Kirkpatric...; Terence Lee,"Pioneering Sustainable Urban Landscapes for a Resilient Future. Situated at the forefront of landscape architecture, this firm is dedicated to cr",,https://connect.asla.org/listing/aecom-abu-dabi,aecom-abu-dabi,asla_firmfinder,https://connect.asla.org/search?ListingType=FirmFinder,2026-03-26T16:01:39.813517+00:00,20260326_143852,ea04fba1afb45674ffe3f5e78890bada,2026-03-25 22:47:13,2026-03-26 16:01:40,0
43,AECOM - Alexandria,,,,"3101 Wilson Blvd, Ste 900, Arlington, VA 22201-4446, USA",Arlington,VA,22201-4446,38.887511337589,-77.095317215237,,Landscape Architecture Firm,"Green Roof, Sustainability",3,Khalid Almo; Jon Pearson; William Wilbert,"Pioneering Sustainable Landscape Architecture for Vibrant and Resilient Communities. Based in the vibrant city of Alexandria, this firm operates",,https://connect.asla.org/listing/aecom-alexandria,aecom-alexandria,asla_firmfinder,https://connect.asla.org/search?ListingType=FirmFinder,2026-03-26T16:01:39.813517+00:00,20260326_143852,df16341e74a8803a4e24dbc7c0072521,2026-03-25 22:47:13,2026-03-26 16:01:40,0
44,AECOM - Arlington,,,,"3101 Wilson Blvd, Ste 900, Arlington, VA 22201-4446, USA",Arlington,VA,22201-4446,38.887511337589,-77.095317215237,,Landscape Architecture Firm,"Ecological Restoration, Sustainability",5,Michael Arnold; Benjamin Jensen; Bradley Wellingt...; Chad Rinker,"Innovative Landscape Architecture Shaping Sustainable Urban Futures. Situated in the dynamic environment of Arlington, the company is a leader in",,https://connect.asla.org/listing/aecom-arlington,aecom-arlington,asla_firmfinder,https://connect.asla.org/search?ListingType=FirmFinder,2026-03-26T16:01:39.813517+00:00,20260326_143852,021421318f1be560649c2adcbf793f7d,2026-03-25 22:47:13,2026-03-26 16:01:40,0
45,AECOM - Beijing,,,,,,,,27.332728275719,128.567446772273,Transforming Urban Landscapes Through Visionary Landscape Architecture and Sustainable Design Solutions.,Landscape Architecture Firm,"Green Roof, Sustainability",1,Li Jing,Transforming Urban Landscapes Through Visionary Landscape Architecture and Sustainable Design Solutions. This prestigious organization is devoted,,https://connect.asla.org/listing/aecom-beijing,aecom-beijing,asla_firmfinder,https://connect.asla.org/search?ListingType=FirmFinder,2026-03-26T16:01:39.813517+00:00,20260326_143852,f4b44a880d57df1fe1a50440e6963832,2026-03-25 22:47:13,2026-03-26 16:01:40,0
46,AECOM - Boston,,,,"1 Federal St, Boston, MA 02110-2012, USA",Boston,MA,02110-2012,42.356108665632,-71.056950581752,,Landscape Architecture Firm,"Green Roof, Sustainability",2,Lorayne Black; Xue Zhou,"Pioneering Sustainable Landscape Architecture for Vibrant Urban Futures. Located in the heart of Boston, this company is at the forefront of the",,https://connect.asla.org/listing/aecom-boston,aecom-boston,asla_firmfinder,https://connect.asla.org/search?ListingType=FirmFinder,2026-03-26T16:01:39.813517+00:00,20260326_143852,707f42085a753f622fb37d26bcf38924,2026-03-25 22:47:13,2026-03-26 16:01:40,0
47,AECOM - Brooklyn,,,,"220 36th St, Unit 5F, Brooklyn, NY 11232-2405, USA",Brooklyn,NY,11232-2405,40.656634881467,-74.00843385328,,Landscape Architecture Firm,"Green Infrastructure, Sustainability",,,"Pioneering Sustainable and Elegant Landscape Architecture for Future-Ready Communities. Specializing in the field of landscape architecture, this",,https://connect.asla.org/listing/aecom-brooklyn,aecom-brooklyn,asla_firmfinder,https://connect.asla.org/search?ListingType=FirmFinder,2026-03-26T16:01:39.813517+00:00,20260326_143852,ef82ba2063c3d47915be8d5179133b05,2026-03-25 22:47:13,2026-03-26 16:01:40,0
48,AECOM - Chicago,,,,"130 E Randolph St, One Prudential Plaza, Chicago, IL 60601-6322, USA",Chicago,IL,60601-6322,41.884947513177,-87.623130179766,,Landscape Architecture Firm,"Green Roof, Sustainability",2,Michelle Inouye; Da Eun Lee,"Crafting Innovative Landscapes for a Sustainable Urban Future As a leader in the field of landscape architecture, this company is dedicated to ad",,https://connect.asla.org/listing/aecom-chicago,aecom-chicago,asla_firmfinder,https://connect.asla.org/search?ListingType=FirmFinder,2026-03-26T16:01:39.813517+00:00,20260326_143852,72c10368641b9ed7720e85e8d3d6611a,2026-03-25 22:47:13,2026-03-26 16:01:40,0
49,AECOM - Cleveland,,,,"1375 Euclid Ave, Ste 600, Cleveland, OH 44115-1826, USA",Cleveland,OH,44115-1826,41.501412997721,-81.681928998643,,Landscape Architecture Firm,"Green Roof, Sustainability",5,Matthew Busa; Erin Laffay; Katherine Kelleh...; Shannon Forry,"Crafting Innovative Landscapes for a Sustainable and Resilient Future. Based in Cleveland, this landscape architecture firm is dedicated to craft",,https://connect.asla.org/listing/aecom-cleveland,aecom-cleveland,asla_firmfinder,https://connect.asla.org/search?ListingType=FirmFinder,2026-03-26T16:01:39.813517+00:00,20260326_143852,52200605ae40eea27b1b6682632d51ea,2026-03-25 22:47:13,2026-03-26 16:01:40,0
50,AECOM - Englewood,,,,"6200 S Quebec St, Greenwood Village, CO 80111-4720, USA",Greenwood Village,CO,80111-4720,39.604531815091,-104.902730688873,Transforming Urban Landscapes with Sustainable Design Excellence,Landscape Architecture Firm,"Green Infrastructure, Sustainability",2,Xingjian Wang; William Bobzien,Transforming Urban Landscapes with Sustainable Design Excellence With a profound commitment to enhancing the health and sustainability of communi,,https://connect.asla.org/listing/aecom-englewood,aecom-englewood,asla_firmfinder,https://connect.asla.org/search?ListingType=FirmFinder,2026-03-26T16:01:39.813517+00:00,20260326_143852,e68ea288aead67422e7798be10110c89,2026-03-25 22:47:13,2026-03-26 16:01:40,0
51,AECOM - Guangzhou,,,,,,,,23.12,113.39083,,Landscape Architecture Firm,"Green Infrastructure, Sustainability",1,Kun Wu,"Innovative Strategies for Sustainable and Resilient Urban Landscapes. Located in the vibrant city of Guangzhou, this company specializes in the f",,https://connect.asla.org/listing/aecom-guangzhou,aecom-guangzhou,asla_firmfinder,https://connect.asla.org/search?ListingType=FirmFinder,2026-03-26T16:01:39.813517+00:00,20260326_143852,bb1d01dd3045c3c34088928cfdbcc6d3,2026-03-25 22:47:13,2026-03-26 16:01:40,0
52,AECOM - Hong Kong,,,,,,,,-12.86667,30.4,,Landscape Architecture Firm,"Green Infrastructure, Sustainability",2,David Jung; Yaping Chai,"Pioneering Sustainable Landscapes for a Resilient Future As a leader in the landscape architecture industry, this company is dedicated to shaping",,https://connect.asla.org/listing/aecom-hong-kong,aecom-hong-kong,asla_firmfinder,https://connect.asla.org/search?ListingType=FirmFinder,2026-03-26T16:01:39.813517+00:00,20260326_143852,d09e829562f74e2650ba19e791a7d9b1,2026-03-25 22:47:13,2026-03-26 16:01:40,0
53,AECOM - Irvine,,,,"2737 Campus Dr, Irvine, CA 92612-1602, USA",Irvine,CA,92612-1602,33.667495014922,-117.854321998476,,Landscape Architecture Firm,"Green Roof, Sustainability",2,J. Kelly Gillman; Lindsay Chiccone,"Pioneering Sustainable Landscape Architecture for Vibrant Urban Futures. Situated at the heart of innovation, this company operates within the la",,https://connect.asla.org/listing/aecom-irvine,aecom-irvine,asla_firmfinder,https://connect.asla.org/search?ListingType=FirmFinder,2026-03-26T16:01:39.813517+00:00,20260326_143852,1fa14dfb4767c02a320679e115a639e1,2026-03-25 22:47:13,2026-03-26 16:01:40,0
54,AECOM - Los Angeles,,,,"515 S Flower St, Los Angeles, CA 90071-2201, USA",Los Angeles,CA,90071-2201,34.051313006343,-118.257208735802,Pioneering Sustainable Landscapes Through Innovative Design and Multidisciplinary Excellence.,Landscape Architecture Firm,"Green Infrastructure, Sustainability",2,Adriane Truluck; ZHIYU WEI,Pioneering Sustainable Landscapes Through Innovative Design and Multidisciplinary Excellence. Located in the bustling heart of Southern Californi,,https://connect.asla.org/listing/aecom-los-angeles,aecom-los-angeles,asla_firmfinder,https://connect.asla.org/search?ListingType=FirmFinder,2026-03-26T16:01:39.813517+00:00,20260326_143852,00edba7be4500638d1c891f06bd03ca9,2026-03-25 22:47:13,2026-03-26 16:01:40,0
55,AECOM - Montreal,,,,,,,,45.509029983314,-73.564969987406,,Landscape Architecture Firm,"Green Infrastructure, Sustainability",2,Myriam Abou Chah...; Serge Poitras,"Innovative Landscape Solutions for a Sustainable Urban Future. Situated in the dynamic landscape architecture industry, this renowned firm is com",,https://connect.asla.org/listing/aecom-montreal,aecom-montreal,asla_firmfinder,https://connect.asla.org/search?ListingType=FirmFinder,2026-03-26T16:01:39.813517+00:00,20260326_143852,f605a81a686495121ef413b4733d08af,2026-03-25 22:47:13,2026-03-26 16:01:40,0
56,AECOM - New York,,,,"125 Broad St, New York, NY 10004-2400, USA",New York,NY,10004-2400,40.702282893798,-74.010893355129,,Landscape Architecture Firm,"Ecological Restoration, Sustainability",4,Garrett Avery; John Hartmann; Lauren Micir; Tristan Porto,"Pioneering Sustainable Urban Landscapes for a Resilient Future. In the heart of New York, this prestigious firm is acknowledged for its visionary",,https://connect.asla.org/listing/aecom-new-york2,aecom-new-york2,asla_firmfinder,https://connect.asla.org/search?ListingType=FirmFinder,2026-03-26T16:01:39.813517+00:00,20260326_143852,8f4143ff030cbda66523e76cc3d2ff8f,2026-03-25 22:47:13,2026-03-26 16:01:40,0
57,AECOM - New York City,,,,"100 Park Ave, New York, NY 10017-5516, USA",New York,NY,10017-5516,40.751262377366,-73.978615148914,,Landscape Architecture Firm,"Green Roof, Sustainability",1,Gonzalo Cruz,"Pioneering Sustainable Landscapes: Transforming Urban Spaces for a Resilient Future. Situated in the vibrant urban landscape, this dynamic compan",,https://connect.asla.org/listing/aecom-new-york-city,aecom-new-york-city,asla_firmfinder,https://connect.asla.org/search?ListingType=FirmFinder,2026-03-26T16:01:39.813517+00:00,20260326_143852,08d3dd7e8374a73c527dfed653855e3e,2026-03-25 22:47:13,2026-03-26 16:01:40,0
58,AECOM - Philadelphia,,,,"1700 Market St, Ste 1600, Philadelphia, PA 19103-3906, USA",Philadelphia,PA,19103-3906,39.952704505973,-75.169218310699,,Landscape Architecture Firm,"Green Infrastructure, Sustainability",1,Keyleigh Kern,"Pioneering Urban Harmony: Crafting Sustainable Landscapes for Future Generations Situated in the heart of a vibrant city, this company plays a pi",,https://connect.asla.org/listing/aecom-philadelphia,aecom-philadelphia,asla_firmfinder,https://connect.asla.org/search?ListingType=FirmFinder,2026-03-26T16:01:39.813517+00:00,20260326_143852,d9cd9e8d93bddf23f5a2a96bae85498d,2026-03-25 22:47:13,2026-03-26 16:01:40,0
59,AECOM - Phoenix,,,,"2325 E Camelback Rd, Ste 200, Phoenix, AZ 85016-3480, USA",Phoenix,AZ,85016-3480,33.508754006358,-112.03187151441,,Landscape Architecture Firm,"Green Roof, Sustainability",,,"Shaping Sustainable Futures Through Innovative Landscape Architecture Solutions. Situated in a dynamic urban environment, this company excels in",,https://connect.asla.org/listing/aecom-phoenix,aecom-phoenix,asla_firmfinder,https://connect.asla.org/search?ListingType=FirmFinder,2026-03-26T16:01:39.813517+00:00,20260326_143852,c1315268e23a488d41ca3efe38da4f73,2026-03-25 22:47:13,2026-03-26 16:01:40,0
60,AECOM - Raleigh,,,,"701 Corporate Center Dr, Ste 475, Raleigh, NC 27607-5238, USA",Raleigh,NC,27607-5238,35.792420960866,-78.74165845045,,Landscape Architecture Firm,"Ecological Restoration, Sustainability",1,Andrea Danchi,"Designing Sustainable Landscapes for a Resilient Future. Nestled in the heart of Raleigh, this organization operates within the landscape archite",,https://connect.asla.org/listing/aecom-raleigh,aecom-raleigh,asla_firmfinder,https://connect.asla.org/search?ListingType=FirmFinder,2026-03-26T16:01:39.813517+00:00,20260326_143852,5ef09a495524d7eacffee62e881862f5,2026-03-25 22:47:13,2026-03-26 16:01:40,0
61,AECOM - Sacramento,,,,"2020 L St, Ste 400, Sacramento, CA 95811-4267, USA",Sacramento,CA,95811-4267,38.574005988694,-121.480332557801,,Landscape Architecture Firm,"Green Roof, Sustainability",1,Carol Maxwell,"Pioneering Sustainable Landscapes for a Resilient Future. With a strong focus on landscape architecture, this company is at the forefront of desi",,https://connect.asla.org/listing/aecom-sacramento,aecom-sacramento,asla_firmfinder,https://connect.asla.org/search?ListingType=FirmFinder,2026-03-26T16:01:39.813517+00:00,20260326_143852,90bf0ffd02f9f7630487c92b8e8d34f7,2026-03-25 22:47:13,2026-03-26 16:01:40,0
62,AECOM - Shanghai,,,,,,,,34.06833,116.6,,Landscape Architecture Firm,"Sustainability, Urban Design",2,Lee Parks; Yi Lee,"Innovative Landscape Solutions for a Sustainable Urban Future in Shanghai. Based in the bustling city of Shanghai, this company is a pioneer in t",,https://connect.asla.org/listing/aecom-shanghai,aecom-shanghai,asla_firmfinder,https://connect.asla.org/search?ListingType=FirmFinder,2026-03-26T16:01:39.813517+00:00,20260326_143852,9f20eb73718f2c388ed641ab953b33a2,2026-03-25 22:47:13,2026-03-26 16:01:40,0
63,AECOM - Tampa,,,,"7650 W Courtney Campbell Cswy, Waterford Plaza Suite 700, Tampa, FL 33607-7218, USA",Tampa,FL,33607-7218,27.966865351408,-82.56745955095,,Landscape Architecture Firm,"Green Infrastructure, Sustainability",3,James Gilman; David Crawley; Jessica Dalisma,"Leading Innovations in Sustainable Landscape Architecture for Vibrant Urban Futures Located in the vibrant city of Tampa, this company is at the",,https://connect.asla.org/listing/aecom-tampa,aecom-tampa,asla_firmfinder,https://connect.asla.org/search?ListingType=FirmFinder,2026-03-26T16:01:39.813517+00:00,20260326_143852,3882bcf726f3505d82c63afbf61d6a9b,2026-03-25 22:47:13,2026-03-26 16:01:40,0
64,AES Consulting Engineers,https://aesva.com/,,,"5248 Olde Towne Rd, Ste 1, Williamsburg, VA 23188-1986, USA",Williamsburg,VA,23188-1986,37.307621076381,-76.749850202701,,Landscape Architecture Firm,"Green Roof, Sustainability",2,AES Consulting Engineers; Gavin Robey; Jordan Bristow,Crafting Innovative and Sustainable Landscapes for a Harmonious Future. Established as a distinguished player within the landscape architecture i,,https://connect.asla.org/listing/aes-consulting-engineers,aes-consulting-engineers,asla_firmfinder,https://connect.asla.org/search?ListingType=FirmFinder,2026-03-26T16:01:39.814516+00:00,20260326_143852,3bc3b7cee1c68ee1435a9015bd4b2e0c,2026-03-25 22:47:13,2026-03-26 16:01:40,0
65,AESTHETICS+DESIGN Landscape Architects,,,,,,,,43.472152200282,-79.729272033893,,Landscape Architecture Firm,"Green Roof, Urban Design",1,AESTHETICS+DESIGN Landscape Architects,"Innovative Landscape Architecture: Transforming Spaces with Sustainability and Vision. Specializing in sophisticated and sustainable designs, thi",,https://connect.asla.org/listing/aestheticsdesign-landscape-architects,aestheticsdesign-landscape-architects,asla_firmfinder,https://connect.asla.org/search?ListingType=FirmFinder,2026-03-26T16:01:39.814516+00:00,20260326_143852,56fdc4b5b36c5fce5c809c8bfeff6285,2026-03-25 22:47:13,2026-03-26 16:01:40,0
66,Agency Artifact,https://www.agencyartifact.com/,,,"5522 W Pico Blvd, Los Angeles, CA 90019-3916, USA",Los Angeles,CA,90019-3916,34.049128472828,-118.358733951281,Pioneering Equity and Innovation in Urban and Landscape Design.,Landscape Architecture Firm,"Sustainability, Urban Design",2,Agency Artifact; Chris Torres; Melanie Buffa,Pioneering Equity and Innovation in Urban and Landscape Design. This landscape architecture and urbanism studio is dedicated to mirroring visiona,,https://connect.asla.org/listing/agency-artifact,agency-artifact,asla_firmfinder,https://connect.asla.org/search?ListingType=FirmFinder,2026-03-26T16:01:39.814516+00:00,20260326_143852,f0e9c1b1285d15d984d09def1a64fb9d,2026-03-25 22:47:13,2026-03-26 16:01:40,0
67,Agency Landscape + Planning,https://agencylp.com/,,,"1430 Massachusetts Ave, Cambridge, MA 02138-3831, USA",Cambridge,MA,02138-3831,42.374142162676,-71.119221165366,Elevating Communities Through Inclusive Design and Strategic Innovation.,Landscape Architecture Firm,"Sustainability, Urban Design",4,Henry Moll; Gina Ford; Kate Tooke; Susannah Ross,Elevating Communities Through Inclusive Design and Strategic Innovation. This mission-driven practice is deeply committed to advancing social equ,,https://connect.asla.org/listing/agency-landscape-planning,agency-landscape-planning,asla_firmfinder,https://connect.asla.org/search?ListingType=FirmFinder,2026-03-26T16:01:39.814516+00:00,20260326_143852,629563c8231b365c28e2a5f4acac0b94,2026-03-25 22:47:13,2026-03-26 16:01:40,0
68,"AGL Landscape Architects, PC",https://agl-la.com/,,,"400 E Broadway Ave, Ste 308, Bismarck, ND 58501-4070, USA",Bismarck,ND,58501-4070,46.806618206579,-100.785735231259,,Landscape Architecture Firm,"Green Roof, Urban Design",3,"AGL Landscape Architects, PC; Bryan Leininger; Haley Lind; Jacob Axtman","Crafting Sustainable Landscapes for Thriving Communities Across North Dakota and Beyond. Situated in Bismarck and Fargo, North Dakota, this firm",,https://connect.asla.org/listing/agl-landscape-architects-pc,agl-landscape-architects-pc,asla_firmfinder,https://connect.asla.org/search?ListingType=FirmFinder,2026-03-26T16:01:39.814516+00:00,20260326_143852,8bbed14e5bb68e935e152a63cae84367,2026-03-25 22:47:13,2026-03-26 16:01:40,0
69,"Agrostis, Inc",https://www.agrostisinc.com/,,,"848 W Snow King Ave, 848 West Snow King Avenue, Jackson, WY 83001-8499, USA",Jackson,WY,83001-8499,43.470470622867,-110.780646824641,Innovative Landscape Design: Transforming Spaces with Sustainable Elegance.,Landscape Architecture Firm,"Green Roof, Sustainability",3,"Agrostis, Inc; Jared Gebauer; Heath Kuszak; Robert Snider","Innovative Landscape Design: Transforming Spaces with Sustainable Elegance. Founded in 2008 in Jackson Hole, Wyoming, this renowned landscape arc",,https://connect.asla.org/listing/agrostis-inc,agrostis-inc,asla_firmfinder,https://connect.asla.org/search?ListingType=FirmFinder,2026-03-26T16:01:39.814516+00:00,20260326_143852,94e40e0d9c1cc9c71560304c5b469a88,2026-03-25 22:47:13,2026-03-26 16:01:40,0
70,"AGTLAND, P.A",https://www.agtland.com/,,,"132 N Swinton Ave, Delray Beach, FL 33444-2634, USA",Delray Beach,FL,33444-2634,26.464729102545,-80.073402971063,,Landscape Architecture Firm,"Green Roof, Sustainability",2,"AGTLAND, P.A; Carol Perez; A. Grant Thornbr...","Pioneering Excellence in Sustainable Landscape Architecture Since 1975. Founded in 1975 with a commitment to innovative and sustainable design, t",,https://connect.asla.org/listing/agtland-pa,agtland-pa,asla_firmfinder,https://connect.asla.org/search?ListingType=FirmFinder,2026-03-26T16:01:39.814516+00:00,20260326_143852,4591ccca8ab5295fd834c35a1e889b50,2026-03-25 22:47:13,2026-03-26 16:01:40,0
71,AHBE Landscape Architects,https://www.migcom.com/news/ahbe-has-joined-mig,,,"617 W 7th St, Ste 304, Los Angeles, CA 90017-3830, USA",Los Angeles,CA,90017-3830,34.047796127409,-118.25711276301,,Landscape Architecture Firm,"Green Roof, Sustainability",1,AHBE Landscape Architects; Christina Lynch,Innovative Sustainable Landscapes: Transforming Urban Spaces for a Better Tomorrow This Los Angeles-based design firm specializes in creating sus,,https://connect.asla.org/listing/ahbe-landscape-architects,ahbe-landscape-architects,asla_firmfinder,https://connect.asla.org/search?ListingType=FirmFinder,2026-03-26T16:01:39.814516+00:00,20260326_143852,a3ea4b4f90db8326364c100a0e7cbc05,2026-03-25 22:47:13,2026-03-26 16:01:40,0
72,AHBL - Seattle,https://www.ahbl.com/,,,"1200 6th Ave, Ste 1620, Seattle, WA 98101-3117, USA",Seattle,WA,98101-3117,47.609090384845,-122.332017236544,,Landscape Architecture Firm,"Green Infrastructure, Sustainability",2,Craig Skipton; Jason Morse,"Transforming Communities Through Innovative and Sustainable Landscape Architecture Since 1969 Founded in 1969, this company leverages a collabora",,https://connect.asla.org/listing/ahbl-seattle,ahbl-seattle,asla_firmfinder,https://connect.asla.org/search?ListingType=FirmFinder,2026-03-26T16:01:39.814516+00:00,20260326_143852,3a76425876034c30aaec45e5ba1890ae,2026-03-25 22:47:13,2026-03-26 16:01:40,0
73,AHBL - Tacoma,https://www.ahbl.com/,,,"2215 N 30th St, Ste 300, Tacoma, WA 98403-3350, USA",Tacoma,WA,98403-3350,47.275023808365,-122.466219217734,Transforming Communities with Creative Design and Sustainable Solutions Since 1969.,Landscape Architecture Firm,"Green Roof, Sustainability",1,Sarah Singleton,"Transforming Communities with Creative Design and Sustainable Solutions Since 1969. Founded in 1969, this company is a distinguished entity withi",,https://connect.asla.org/listing/ahbl-tacoma,ahbl-tacoma,asla_firmfinder,https://connect.asla.org/search?ListingType=FirmFinder,2026-03-26T16:01:39.814516+00:00,20260326_143852,7965e30bd57df21087edfc66558d3ff4,2026-03-25 22:47:13,2026-03-26 16:01:40,0
74,"Ai Design Creative Studio, LLC",,,,"1839 Middle River Dr, Apt 103, Fort Lauderdale, FL 33305-3504, USA",Fort Lauderdale,FL,33305-3504,26.1516582296,-80.114547219181,"Ai Design Creative Studio, LLC",Landscape Architecture Firm,"Ecological Restoration, Sustainability",1,Akiko Iwata,"Transforming Outdoor Spaces into Vibrant and Sustainable Urban Landscapes As a leading entity in the landscape architecture sphere, this company",,https://connect.asla.org/listing/ai-design-creative-studio-llc,ai-design-creative-studio-llc,asla_firmfinder,https://connect.asla.org/search?ListingType=FirmFinder,2026-03-26T16:01:39.814516+00:00,20260326_143852,9530968e9dd5dad6abf3366e2db91a23,2026-03-25 22:47:13,2026-03-26 16:01:40,0
75,AJ Canfield LLC,https://www.ajcanfield.com/,,,"1973 Dracena Dr, Los Angeles, CA 90027-3126, USA",Los Angeles,CA,90027-3126,34.107489652982,-118.290477431515,Crafting Timeless Garden Narratives: Where Global Expertise Meets Innovative Design.,Landscape Architecture Firm,"Residential - Single Family, Residential",1,AJ Canfield LLC; Andrew Canfield,"Crafting Timeless Garden Narratives: Where Global Expertise Meets Innovative Design. Situated in the picturesque surroundings of Laurel Canyon, t",,https://connect.asla.org/listing/aj-canfield-llc,aj-canfield-llc,asla_firmfinder,https://connect.asla.org/search?ListingType=FirmFinder,2026-03-26T16:01:39.814516+00:00,20260326_143852,77c902b76021b3c18e8cb61cf0978f51,2026-03-25 22:47:13,2026-03-26 16:01:40,0
76,Akana,https://akana.us/,,,"6400 SE Lake Rd, Ste 270, Portland, OR 97222-2129, USA",Portland,OR,97222-2129,45.428012602696,-122.597899587172,,Landscape Architecture Firm,"Sustainability, Urban Design",1,Zachary Heupel,Designing Sustainable Futures with Cultural Integrity and Environmental Excellence. This distinguished firm stands as a testament to the integrat,,https://connect.asla.org/listing/akana,akana,asla_firmfinder,https://connect.asla.org/search?ListingType=FirmFinder,2026-03-26T16:01:39.814516+00:00,20260326_143852,49644f80bc6f88bac71f71a5ede85fc6,2026-03-25 22:47:13,2026-03-26 16:01:40,0
77,AKLA,https://akla.biz/index.html,,,"547 William D Fitch Pkwy, Ste 108, College Station, TX 77845-6161, USA",College Station,TX,77845-6161,30.553590366875,-96.275403460616,,Landscape Architecture Firm,"Green Roof, Master Planned Communities",1,William King,"Redefining Landscapes with Innovation and Excellence. Situated in College Station, Texas, this landscape architecture firm specializes in the sea",,https://connect.asla.org/listing/akla6,akla6,asla_firmfinder,https://connect.asla.org/search?ListingType=FirmFinder,2026-03-26T16:01:39.814516+00:00,20260326_143852,126e8a3a659f3ce58c903ff154f69796,2026-03-25 22:47:13,2026-03-26 16:01:40,0
78,"AKS Engineering & Forestry, LLC",https://www.aks-eng.com/,,,"12011 NE 99th St, Ste 1530, Vancouver, WA 98682-2458, USA",Vancouver,WA,98682-2458,45.69254835867,-122.549490827392,,Landscape Architecture Firm,"Parks/Recreation/Playgrounds, Sustainability",1,Nancy Pierce,"Elevating Community Spaces with Excellence, Innovation, and Sustainability Since 1996 As a premier multidisciplinary consulting firm serving the",,https://connect.asla.org/listing/aks-engineering-forestry-llc,aks-engineering-forestry-llc,asla_firmfinder,https://connect.asla.org/search?ListingType=FirmFinder,2026-03-26T16:01:39.814516+00:00,20260326_143852,a882f46c27ea5c7add3fb333091d9a4d,2026-03-25 22:47:13,2026-03-26 16:01:40,0
79,"Al Drap, Architect, Landscape Architect",,,,"Fort Smith, AR 72913-3669, USA",Fort Smith,AR,72913-3669,35.35115001041,-94.351074981667,,Landscape Architecture Firm,"Ecological Restoration, Sustainability",1,Albert Drap,Pioneering Sustainable Landscape Architecture for a Resilient Future. With a steadfast dedication to the principles of sustainability and innovat,,https://connect.asla.org/listing/al-drap-architect-landscape-architect,al-drap-architect-landscape-architect,asla_firmfinder,https://connect.asla.org/search?ListingType=FirmFinder,2026-03-26T16:01:39.814516+00:00,20260326_143852,834ced86769b8bde10c9ad939113c330,2026-03-25 22:47:13,2026-03-26 16:01:40,0
80,"Alaback Design Associates, Inc.",https://alabackdesign.com/,,,"3202 E 21st St, Ste 100, Tulsa, OK 74114-1856, USA",Tulsa,OK,74114-1856,36.132988164263,-95.942429507124,,Landscape Architecture Firm,"Sustainability, Urban Design",1,"Alaback Design Associates, Inc.; Daniel Alaback","Crafting Timeless Landscapes with Sustainability and Innovation. Founded in 1986, this landscape architecture firm has been dedicated to creating",,https://connect.asla.org/listing/alaback-design-associates-inc,alaback-design-associates-inc,asla_firmfinder,https://connect.asla.org/search?ListingType=FirmFinder,2026-03-26T16:01:39.814516+00:00,20260326_143852,4134392a1d30823aff35f988a34e4417,2026-03-25 22:47:13,2026-03-26 16:01:40,0
81,Albert A. Webb Associates,https://www.webbassociates.com/,,,"3788 McCray St, Riverside, CA 92506-2973, USA",Riverside,CA,92506-2973,33.94834069719,-117.39903570963,,Landscape Architecture Firm,"Green Roof, Sustainability",3,Albert A. Webb Associates; Nicole Volpe; Daniel Gonzalez; Jessie Corea,"Transforming Spaces with Innovative Landscape Architecture and Comprehensive Consulting Services With nearly 75 years of experience, the firm has",,https://connect.asla.org/listing/albert-a-webb-associates,albert-a-webb-associates,asla_firmfinder,https://connect.asla.org/search?ListingType=FirmFinder,2026-03-26T16:01:39.814516+00:00,20260326_143852,e87e0597eda39a796eafd6b0068dbe93,2026-03-25 22:47:13,2026-03-26 16:01:40,0
82,"Albert Kahn Associates, Inc.",https://albertkahn.com/,,,"7430 2nd Ave, Albert Kahn Building, Detroit, MI 48202-2704, USA",Detroit,MI,48202-2704,42.370534004816,-83.077126035037,,Landscape Architecture Firm,"Ecological Restoration, Sustainability",3,"Albert Kahn Associates, Inc.; Stephen White; Emma Weishuhn; Riccardo Pappini","Transforming Spaces with Timeless Innovation and Sustainable Elegance Established over a century ago, this esteemed landscape architecture firm h",,https://connect.asla.org/listing/albert-kahn-associates-inc,albert-kahn-associates-inc,asla_firmfinder,https://connect.asla.org/search?ListingType=FirmFinder,2026-03-26T16:01:39.814516+00:00,20260326_143852,221ebd733965730eda293eee7417c60d,2026-03-25 22:47:13,2026-03-26 16:01:40,0
83,Aldershot Landscape Contractors LTD,https://aldershotlandscape.com/,,,,,,,43.313324103743,-79.873444037453,,Landscape Architecture Firm,"Parks/Recreation/Playgrounds, Residential",1,Aldershot Landscape Contractors LTD; Iain David Soute...,"Transforming Visions into Elegant Landscapes Since 1952. Founded in 1952, this premier landscape architecture firm stands as a leader in the indu",,https://connect.asla.org/listing/aldershot-landscape-contractors-ltd,aldershot-landscape-contractors-ltd,asla_firmfinder,https://connect.asla.org/search?ListingType=FirmFinder,2026-03-26T16:01:39.814516+00:00,20260326_143852,99b3d4bac1bd11998de0ea05424d7127,2026-03-25 22:47:13,2026-03-26 16:01:40,0
84,Alesco Design Solutions,https://alescods.com/contact,,,"6610 S 7th St, Phoenix, AZ 85042-4215, USA",Phoenix,AZ,85042-4215,33.386797734251,-112.065058067471,,Landscape Architecture Firm,"Green Roof, Sustainability",2,Alesco Design Solutions; Amy Schuchert; Emily Olive,"Transforming Spaces with Excellence: Innovative Landscape Architecture and Environmental Planning Founded in 2023, this Phoenix-based firm is com",,https://connect.asla.org/listing/alesco-design-solutions,alesco-design-solutions,asla_firmfinder,https://connect.asla.org/search?ListingType=FirmFinder,2026-03-26T16:01:39.814516+00:00,20260326_143852,5ddc58aaf275af7bfcc144a65ca8fed7,2026-03-25 22:47:13,2026-03-26 16:01:40,0
85,"Alexander Budrevics and Assocs., Ltd.",https://www.budrevics.com/,,,,,,,43.727448207199,-79.339545471286,,Landscape Architecture Firm,"Sustainability, Urban Design",2,Arnis Budrevics; Eriks Kalvins,"Crafting Timeless Landscapes with Expertise and Sustainability Since 1960. Providing professional services in landscape architecture, site planni",,https://connect.asla.org/listing/alexander-budrevics-and-assocs-ltd,alexander-budrevics-and-assocs-ltd,asla_firmfinder,https://connect.asla.org/search?ListingType=FirmFinder,2026-03-26T16:01:39.814516+00:00,20260326_143852,2068df5c403bde5aa2d1e5f024f83ebf,2026-03-25 22:47:13,2026-03-26 16:01:40,0
86,Alexis Davis Millar Landscape Architecture,,,,"242 Ashbury Ave, El Cerrito, CA 94530-4104, USA",El Cerrito,CA,94530-4104,37.901907357342,-122.292984306017,,Landscape Architecture Firm,"Green Infrastructure, Sustainability",1,Alexis Davis Mil...,"Innovative Landscape Architecture: Crafting Sustainable, Resilient Spaces for a Brighter Future. Specializing in the art and science of landscape",,https://connect.asla.org/listing/alexis-davis-millar-landscape-architecture,alexis-davis-millar-landscape-architecture,asla_firmfinder,https://connect.asla.org/search?ListingType=FirmFinder,2026-03-26T16:01:39.814516+00:00,20260326_143852,29492d82d8e5dbc6262f4e855e64c0fa,2026-03-25 22:47:13,2026-03-26 16:01:40,0
87,"Alexis Joan Slafer, ASLA",,,,"6111 S Kings Rd, Los Angeles, CA 90056-1630, USA",Los Angeles,CA,90056-1630,33.983310039147,-118.368560475469,,Landscape Architecture Firm,"Green Infrastructure, Sustainability",1,"Alexis Joan Slafer, ASLA; Alexis Slafer","Crafting Sustainable Landscapes for Thriving Urban Communities. Specializing in the dynamic field of landscape architecture, this firm excels in",,https://connect.asla.org/listing/alexis-joan-slafer-asla,alexis-joan-slafer-asla,asla_firmfinder,https://connect.asla.org/search?ListingType=FirmFinder,2026-03-26T16:01:39.814516+00:00,20260326_143852,0079dd770c0124a870fe6ee1abd52bdf,2026-03-25 22:47:13,2026-03-26 16:01:40,0
88,Alice L Trowbridge,,,,"1351 Saint Davids Rd, Williamsport, PA 17701-4058, USA",Williamsport,PA,17701-4058,41.256054910485,-76.956045691369,,Landscape Architecture Firm,"Ecological Restoration, Sustainability",1,Alice L Trowbridge; Alice Trowbridge,"Crafting Sustainable Landscapes: Innovating Spaces for Healthier, Resilient Urban Living. Renowned for its innovative approach in landscape archi",,https://connect.asla.org/listing/alice-l-trowbridge,alice-l-trowbridge,asla_firmfinder,https://connect.asla.org/search?ListingType=FirmFinder,2026-03-26T16:01:39.814516+00:00,20260326_143852,b3138779b2418cb30279731487337cf9,2026-03-25 22:47:13,2026-03-26 16:01:40,0
89,"Alison A. Pockat, ASLA",http://alisonpockat.com/,,,"106 Steep Bank Dr, Cary, NC 27518-8954, USA",Cary,NC,27518-8954,35.720224401783,-78.788317487942,,Landscape Architecture Firm,"Green Roof, Sustainability",1,"Alison A. Pockat, ASLA; Alison Pockat","Crafting Timeless Landscapes with Sustainable Excellence Across the Southeast. Founded in 1989, this distinguished practice operates in the lands",,https://connect.asla.org/listing/alison-a-pockat-asla,alison-a-pockat-asla,asla_firmfinder,https://connect.asla.org/search?ListingType=FirmFinder,2026-03-26T16:01:39.814516+00:00,20260326_143852,d644ba9646a6fe4bc24d576952403faa,2026-03-25 22:47:13,2026-03-26 16:01:40,0
90,Alison Joseph-Dickinson,,,,"Ripton, VT 05766-0114, USA",Ripton,VT,05766-0114,43.974458996195,-73.015922975268,,Landscape Architecture Firm,"Ecological Restoration, Sustainability",1,Alison Joseph-Dickinson; Alison Joseph-Di...,"Crafting Sustainable Landscapes for a Resilient Future. Specializing in landscape architecture, this dynamic company is committed to creating spa",,https://connect.asla.org/listing/alison-josephdickinson,alison-josephdickinson,asla_firmfinder,https://connect.asla.org/search?ListingType=FirmFinder,2026-03-26T16:01:39.814516+00:00,20260326_143852,6f21bf32985734073432263b9aec1d5c,2026-03-25 22:47:13,2026-03-26 16:01:40,0
91,"Alliant Engineering, Inc.",https://www.alliant-inc.com/,,,"733 Marquette Ave, Ste 700, Minneapolis, MN 55402-2309, USA",Minneapolis,MN,55402-2309,44.975510446809,-93.271020740862,,Landscape Architecture Firm,"Green Roof, Urban Design",2,"Alliant Engineering, Inc.; John Gronhovd; Troy Muff",Innovative Landscape Architecture: Crafting Vibrant Urban Spaces for Stronger Communities Nationwide This distinguished company is renowned for i,,https://connect.asla.org/listing/alliant-engineering-inc,alliant-engineering-inc,asla_firmfinder,https://connect.asla.org/search?ListingType=FirmFinder,2026-03-26T16:01:39.814516+00:00,20260326_143852,8538d91b0017871a48e32abe5c0269fd,2026-03-25 22:47:13,2026-03-26 16:01:40,0
92,"ALP Engineering and Landscape Architecture, PLLC",,,,"205 Amity Rd, Bethany, CT 06524-3412, USA",Bethany,CT,06524-3412,41.404966796471,-73.002301544418,,Landscape Architecture Firm,"Green Roof, Sustainability",1,Alan Pilch,Innovative Landscape Architecture: Creating Sustainable and Aesthetic Outdoor Spaces for a Harmonious Future. Situated at the intersection of cre,,https://connect.asla.org/listing/alp-engineering-and-landscape-architecture-pllc,alp-engineering-and-landscape-architecture-pllc,asla_firmfinder,https://connect.asla.org/search?ListingType=FirmFinder,2026-03-26T16:01:39.814516+00:00,20260326_143852,adac5ede31361299685c8b7e25799ac8,2026-03-25 22:47:13,2026-03-26 16:01:40,0
93,Alpine Construction & Landscaping Corp.,https://alpineconstructioncorp.com/,,,"404 5th Ave, New York, NY 10018-2797, USA",New York,NY,10018-2797,40.670345453858,-73.985527033911,,Landscape Architecture Firm,"Green Roof, Sustainability",1,Derek Ryan,"Elevating Urban Landscapes with Integrity and Innovation Across the Tri-State Area. Based in New York City, this construction and landscaping fir",,https://connect.asla.org/listing/alpine-construction-landscaping-corp,alpine-construction-landscaping-corp,asla_firmfinder,https://connect.asla.org/search?ListingType=FirmFinder,2026-03-26T16:01:39.814516+00:00,20260326_143852,94e2dad2e5c0b542573d83f0390f3dcf,2026-03-25 22:47:13,2026-03-26 16:01:40,0
94,Alta Planning + Design - Durham,,,,"111 E Chapel Hill St, Ste 100, Durham, NC 27701-3253, USA",Durham,NC,27701-3253,35.997184485196,-78.90329373018,Alta Planning + Design - Durham,Landscape Architecture Firm,"Greenways/Trails, Transportation/Streetscapes/Multimodal",1,G. Walker,"Pioneering Sustainable Urban Landscapes for Active, Healthy Communities. Located in Durham, this company excels in the field of landscape archite",,https://connect.asla.org/listing/alta-planning-design-durham,alta-planning-design-durham,asla_firmfinder,https://connect.asla.org/search?ListingType=FirmFinder,2026-03-26T16:01:39.814516+00:00,20260326_143852,42471e451bf93482e945c677bd18a43f,2026-03-25 22:47:13,2026-03-26 16:01:40,0
95,Alta Planning + Design - Huntsville,https://altago.com/,,,"Huntsville, AL 35804-2614, USA",Huntsville,AL,35804-2614,34.727760001425,-86.593000985027,Alta Planning + Design - Huntsville,Landscape Architecture Firm,"Transportation/Streetscapes/Multimodal, Sustainability",1,Will Hargrove,"Pioneering Sustainable Landscapes and Transportation for a Greener Tomorrow. Located in Huntsville, Alabama, this firm is at the forefront of lan",,https://connect.asla.org/listing/alta-planning-design-huntsville,alta-planning-design-huntsville,asla_firmfinder,https://connect.asla.org/search?ListingType=FirmFinder,2026-03-26T16:01:39.814516+00:00,20260326_143852,7ce2a464cc4b45f9da68ee80cce12a53,2026-03-25 22:47:13,2026-03-26 16:01:40,0
96,Alta Planning + Design - Los Angeles CA,,,,"617 W 7th St, Ste 505, Los Angeles, CA 90017-3801, USA",Los Angeles,CA,90017-3801,34.047976003051,-118.257146961175,Alta Planning + Design - Los Angeles CA,Landscape Architecture Firm,"Sustainability, Urban Design",2,Ryan Booth; Katrina Ortiz,"Pioneering Sustainable Urban Landscapes for a Harmonious Future Situated in the bustling cityscape of Los Angeles, this company is a forward-thin",,https://connect.asla.org/listing/alta-planning-design-los-angeles-ca,alta-planning-design-los-angeles-ca,asla_firmfinder,https://connect.asla.org/search?ListingType=FirmFinder,2026-03-26T16:01:39.814516+00:00,20260326_143852,ffadf240e6b6dc96f8289eab511ba9e9,2026-03-25 22:47:13,2026-03-26 16:01:40,0
97,Alta Planning + Design - Portland,,,,"101 SW Main St, Ste 2000, Portland, OR 97204-3230, USA",Portland,OR,97204-3230,45.515534423997,-122.675346444675,Alta Planning + Design - Portland,Landscape Architecture Firm,"Ecological Restoration, Sustainability",3,Samuel Alig; Mary Stewart; Michael Rose,"Designing Sustainable Landscapes for a Healthier Future This firm is a prominent player in the landscape architecture industry, renowned for its",,https://connect.asla.org/listing/alta-planning-design-portland,alta-planning-design-portland,asla_firmfinder,https://connect.asla.org/search?ListingType=FirmFinder,2026-03-26T16:01:39.814516+00:00,20260326_143852,08f48b091f849118781c603264b08113,2026-03-25 22:47:13,2026-03-26 16:01:40,0
98,Alter Associates,,,,"715 G St SE, Washington, DC 20003-2853, USA",Washington,DC,20003-2853,38.881060541086,-76.99551104428,,Landscape Architecture Firm,"Ecological Restoration, Sustainability",1,Alter Associates; Robert Alter,"Transforming Environments with Innovative and Sustainable Landscape Architecture Solutions. Specializing in landscape architecture, this company",,https://connect.asla.org/listing/alter-associates,alter-associates,asla_firmfinder,https://connect.asla.org/search?ListingType=FirmFinder,2026-03-26T16:01:39.814516+00:00,20260326_143852,6dee43bc52fadfe21559b5cf772c1621,2026-03-25 22:47:13,2026-03-26 16:01:40,0
99,Amanda Barton Landscape Architect,,,,"304 Stono Dr, Charleston, SC 29412-2043, USA",Charleston,SC,29412-2043,32.762099393998,-80.000586695969,,Landscape Architecture Firm,"Green Infrastructure, Sustainability",1,Amanda Barton Landscape Architect; Amanda Barton,"Transforming Spaces: Innovating Sustainable Landscapes for a Harmonious Future Specializing in the field of landscape architecture, this company",,https://connect.asla.org/listing/amanda-barton-landscape-architect,amanda-barton-landscape-architect,asla_firmfinder,https://connect.asla.org/search?ListingType=FirmFinder,2026-03-26T16:01:39.814516+00:00,20260326_143852,5d515faf5e030dfaf668ac4f6430c322,2026-03-25 22:47:13,2026-03-26 16:01:40,0
100,American Association of Veterinary State Boards,https://www.aavsb.org/,,,"380 W 22nd St, Ste 101, Kansas City, MO 64108-2094, USA",Kansas City,MO,64108-2094,39.086523325688,-94.588738649426,,Landscape Architecture Firm,"Sustainability, Urban Design",1,James Penrod,"Shaping Timeless Landscapes Through Innovation and Sustainability. Renowned for its innovative approach in landscape architecture, this organizat",,https://connect.asla.org/listing/american-association-of-veterinary-state-boards,american-association-of-veterinary-state-boards,asla_firmfinder,https://connect.asla.org/search?ListingType=FirmFinder,2026-03-26T16:01:39.814516+00:00,20260326_143852,7bc21cdf268c7a65a9c80b2dd2d9b3c1,2026-03-25 22:47:13,2026-03-26 16:01:40,0
