id,company_name,address,city,state,zip,phone,email,website,country,pwsid,pws_type,owner_type,primary_source,population_served,service_connections,cities_served,county,epa_region,gw_sw_code,dataset,source_url,crawl_date,crawl_session,dedup_hash,first_seen,last_seen,is_new
1,POARCH CREEK UTILITIES - WEST,Poarch Band of Creek Indians,ATMORE,AL,36502,251-446-1617,slivermore@pci-nsn.gov,,US,040000002,CWS,N,GW,5961,310,,,04,GW,awwa_water_utilities,https://data.epa.gov/efservice/WATER_SYSTEM,2026-03-25T14:39:55.573928+00:00,20260325_143907,46132e58b7cf650069d3de685aa0c400,2026-03-25 14:39:55,2026-03-25 14:39:55,1
2,AUTAUGA CO WATER AUTHORITY,,PRATTVILLE,AL,36068,334-365-2804,lanar.phillips@att.net,,US,AL0000001,CWS,L,GW,7710,2570,,,04,GW,awwa_water_utilities,https://data.epa.gov/efservice/WATER_SYSTEM,2026-03-25T14:39:55.573928+00:00,20260325_143907,b1d2d21c9730d985e45e70533b1d9ff5,2026-03-25 14:39:55,2026-03-25 14:39:55,1
3,AUTAUGAVILLE WATER WORKS,,AUTAUGAVILLE,AL,36003,334-365-9563,curtis.stoudemire@autaugavilleal.com,,US,AL0000002,CWS,L,GW,1494,498,,,04,GW,awwa_water_utilities,https://data.epa.gov/efservice/WATER_SYSTEM,2026-03-25T14:39:55.573928+00:00,20260325_143907,668b1891b0e01c508bdd674b5d35e3af,2026-03-25 14:39:55,2026-03-25 14:39:55,1
4,BILLINGSLEY WATER SYSTEM,,BILLINGSLEY,AL,36006,205-755-9809,billingsleytown2021@yahoo.com,,US,AL0000003,CWS,L,GW,1440,475,,,04,GW,awwa_water_utilities,https://data.epa.gov/efservice/WATER_SYSTEM,2026-03-25T14:39:55.573928+00:00,20260325_143907,9826625a98d75bc07caf31b97d5ff4fe,2026-03-25 14:39:55,2026-03-25 14:39:55,1
5,"MARBURY WATER SYSTEM, INC.",JAMES ALLEN GUY,MARBURY,AL,36051,205-755-7949,linda@marburywater.com,,US,AL0000013,CWS,L,SWP,8670,2890,,,04,SW,awwa_water_utilities,https://data.epa.gov/efservice/WATER_SYSTEM,2026-03-25T14:39:55.573928+00:00,20260325_143907,74ddac232ae14edf5030cfdcd287bb09,2026-03-25 14:39:55,2026-03-25 14:39:55,1
6,"PRATTVILLE, THE WW BOARD OF THE CITY OF",,PRATTVILLE,AL,36068,334-365-6783,jnbuckner@pwwb.org,,US,AL0000017,CWS,L,SWP,46614,15538,,,04,SW,awwa_water_utilities,https://data.epa.gov/efservice/WATER_SYSTEM,2026-03-25T14:39:55.573928+00:00,20260325_143907,e32ce25a86bbc9c1fa0cc0fa3773666e,2026-03-25 14:39:55,2026-03-25 14:39:55,1
7,NORTH BALDWIN UTILITIES,,BAY MINETTE,AL,36507,251-580-1626,jpadgett@nbumail.com,,US,AL0000023,CWS,L,GW,28713,12755,,,04,GW,awwa_water_utilities,https://data.epa.gov/efservice/WATER_SYSTEM,2026-03-25T14:39:55.573928+00:00,20260325_143907,2759b462d788ef037b7c0b259470ace6,2026-03-25 14:39:55,2026-03-25 14:39:55,1
8,BELFOREST WATER SYSTEM,,DAPHNE,AL,36526,251-626-5554,board@belforestwater.com,,US,AL0000025,CWS,L,GW,17268,5756,,,04,GW,awwa_water_utilities,https://data.epa.gov/efservice/WATER_SYSTEM,2026-03-25T14:39:55.573928+00:00,20260325_143907,9fec471386c806967d0f31363feb7b22,2026-03-25 14:39:55,2026-03-25 14:39:55,1
9,"PARK CITY WATER AUTHORITY, INC",,DAPHNE,AL,36526,251-626-5981,parkcitywater@aol.com,,US,AL0000028,CWS,L,GWP,1281,427,,,04,GW,awwa_water_utilities,https://data.epa.gov/efservice/WATER_SYSTEM,2026-03-25T14:39:55.574925+00:00,20260325_143907,91952af96c6a7b603d465c8ea795241c,2026-03-25 14:39:55,2026-03-25 14:39:55,1
10,"DAPHNE, UTILITIES BOARD OF THE CITY OF",,DAPHNE,AL,36526,251-626-2628,scott@daphneutilities.com,,US,AL0000029,CWS,L,GW,33372,11124,,,04,GW,awwa_water_utilities,https://data.epa.gov/efservice/WATER_SYSTEM,2026-03-25T14:39:55.574925+00:00,20260325_143907,85bc6c07a6017c178fbf755c044a039f,2026-03-25 14:39:55,2026-03-25 14:39:55,1
11,"FAIRHOPE, CITY OF",P O BOX 429,FAIRHOPE,AL,36533,,,,US,AL0000035,CWS,L,GW,59484,19828,,,04,GW,awwa_water_utilities,https://data.epa.gov/efservice/WATER_SYSTEM,2026-03-25T14:39:55.574925+00:00,20260325_143907,d907ddb0eca3381a1896ed6b4f29058a,2026-03-25 14:39:55,2026-03-25 14:39:55,1
12,"FOLEY, UTILITIES BOARD OF THE CITY OF",P.O. BOX 2050,FOLEY,AL,36536,251-943-5001,jwallace@rivierautilities.com,,US,AL0000036,CWS,L,GW,50919,16973,,,04,GW,awwa_water_utilities,https://data.epa.gov/efservice/WATER_SYSTEM,2026-03-25T14:39:55.574925+00:00,20260325_143907,5a41989a19ef29845cd2874691d0a4f7,2026-03-25 14:39:55,2026-03-25 14:39:55,1
13,"GULF SHORES, THE UB OF THE CITY OF",,GULF SHORES,AL,36542,251-968-6323,gsuwtp1@gmail.com,,US,AL0000038,CWS,L,GW,36798,12266,,,04,GW,awwa_water_utilities,https://data.epa.gov/efservice/WATER_SYSTEM,2026-03-25T14:39:55.574925+00:00,20260325_143907,b935a50e34c74a0c673ad798513f9235,2026-03-25 14:39:55,2026-03-25 14:39:55,1
14,"LOXLEY, CITY OF",1089 S. Hickory Street,LOXLEY,AL,36551,251-964-5162,"loxleypud@townofloxley,org",,US,AL0000048,CWS,L,GW,10104,3368,,,04,GW,awwa_water_utilities,https://data.epa.gov/efservice/WATER_SYSTEM,2026-03-25T14:39:55.574925+00:00,20260325_143907,38f41b7a7f43fc3f0cc2df4d1e3fb619,2026-03-25 14:39:55,2026-03-25 14:39:55,1
15,"ORANGE BEACH WATER, SEWER AND F.P.A.",P.O. Box 247,ORANGE BEACH,AL,36561,251-381-4233,tsmith@obwaterauthority.com,,US,AL0000053,CWS,L,GW,17796,5932,,,04,GW,awwa_water_utilities,https://data.epa.gov/efservice/WATER_SYSTEM,2026-03-25T14:39:55.574925+00:00,20260325_143907,133e6a7a8f6cc5eb26aaeb5661decf63,2026-03-25 14:39:55,2026-03-25 14:39:55,1
16,"ROBERTSDALE, CITY OF",,ROBERTSDALE,AL,36567,251-947-5772,,,US,AL0000061,CWS,L,GW,13242,4414,,,04,GW,awwa_water_utilities,https://data.epa.gov/efservice/WATER_SYSTEM,2026-03-25T14:39:55.574925+00:00,20260325_143907,380eaccaf36699010fb025cefc795ee2,2026-03-25 14:39:55,2026-03-25 14:39:55,1
17,"SILVERHILL, TOWN OF",,SILVERHILL,AL,36576,251-945-5198,waterdept@townofsilverhill.org,,US,AL0000065,CWS,L,GW,2058,686,,,04,GW,awwa_water_utilities,https://data.epa.gov/efservice/WATER_SYSTEM,2026-03-25T14:39:55.574925+00:00,20260325_143907,b6994f61043f463e4129469cdc825e85,2026-03-25 14:39:55,2026-03-25 14:39:55,1
18,SPANISH FORT WATER SYSTEM,30686 DRIFTWOOD LANE,SPANISH FORT,AL,36527,,,,US,AL0000068,CWS,L,SWP,10161,3387,,,04,SW,awwa_water_utilities,https://data.epa.gov/efservice/WATER_SYSTEM,2026-03-25T14:39:55.574925+00:00,20260325_143907,5bfce8045759bc9d577c2f589027a957,2026-03-25 14:39:55,2026-03-25 14:39:55,1
19,"SUMMERDALE, WW BOARD OF THE TOWN OF",,SUMMERDALE,AL,36580,251-989-6202,,,US,AL0000073,CWS,L,GW,1800,600,,,04,GW,awwa_water_utilities,https://data.epa.gov/efservice/WATER_SYSTEM,2026-03-25T14:39:55.574925+00:00,20260325_143907,f0a869698091ae916b44608d6524046b,2026-03-25 14:39:55,2026-03-25 14:39:55,1
20,BAKERHILL WATER AUTHORITY,,BAKERHILL,AL,36027,334-687-6444,,,US,AL0000079,CWS,L,GW,7056,2376,,,04,GW,awwa_water_utilities,https://data.epa.gov/efservice/WATER_SYSTEM,2026-03-25T14:39:55.575928+00:00,20260325_143907,89c3e4492144af41fc3567bfb9da5dfa,2026-03-25 14:39:55,2026-03-25 14:39:55,1
21,BLUE SPRINGS WATER WORKS,,CLIO,AL,36017,,,,US,AL0000081,CWS,L,GW,636,200,,,04,GW,awwa_water_utilities,https://data.epa.gov/efservice/WATER_SYSTEM,2026-03-25T14:39:55.575928+00:00,20260325_143907,b1f96c204efee80195689615760b2638,2026-03-25 14:39:55,2026-03-25 14:39:55,1
22,CLAYTON WATER WORKS & SEWER,,CLAYTON,AL,36016,334-775-8495,,,US,AL0000082,CWS,L,GW,2064,712,,,04,GW,awwa_water_utilities,https://data.epa.gov/efservice/WATER_SYSTEM,2026-03-25T14:39:55.575928+00:00,20260325_143907,36f273082aba66b0212478c3b0d8b0d7,2026-03-25 14:39:55,2026-03-25 14:39:55,1
23,CLIO WATER WORKS,,CLIO,AL,36017,334-397-2723,joeyphillips1234@gmail.com,,US,AL0000083,CWS,L,GW,2832,910,,,04,GW,awwa_water_utilities,https://data.epa.gov/efservice/WATER_SYSTEM,2026-03-25T14:39:55.575928+00:00,20260325_143907,7514fc8a66d4089985a79e4bf287b8af,2026-03-25 14:39:55,2026-03-25 14:39:55,1
24,EUFAULA WATER WORKS,P.O. Box,EUFAULA,AL,36072,334-687-1225,,,US,AL0000085,CWS,L,GW,17970,5990,,,04,GW,awwa_water_utilities,https://data.epa.gov/efservice/WATER_SYSTEM,2026-03-25T14:39:55.575928+00:00,20260325_143907,66120b6480f30d5b8e8a29fbcd8659df,2026-03-25 14:39:55,2026-03-25 14:39:55,1
25,WEST BARBOUR COUNTY WATER AUTHORITY,P.O. Box 116,LOUISVILLE,AL,36048,334-266-5091,,,US,AL0000087,CWS,L,GW,1395,469,,,04,GW,awwa_water_utilities,https://data.epa.gov/efservice/WATER_SYSTEM,2026-03-25T14:39:55.575928+00:00,20260325_143907,473e006c1eeed29ab1346e396523bb67,2026-03-25 14:39:55,2026-03-25 14:39:55,1
26,LOUISVILLE WATER WORKS,,LOUISVILLE,AL,36048,334-266-5210,,,US,AL0000088,CWS,L,GW,1350,460,,,04,GW,awwa_water_utilities,https://data.epa.gov/efservice/WATER_SYSTEM,2026-03-25T14:39:55.575928+00:00,20260325_143907,79e7bb2fbcf81b8f123f2148ed39968e,2026-03-25 14:39:55,2026-03-25 14:39:55,1
27,MT ANDREW WATER AUTHORITY,,MIDWAY,AL,36053,334-529-3122,mountandrew_water@yahoo.com,,US,AL0000089,CWS,L,GWP,660,220,,,04,GW,awwa_water_utilities,https://data.epa.gov/efservice/WATER_SYSTEM,2026-03-25T14:39:55.575928+00:00,20260325_143907,7111c70e496026ce1261d1b7dc60cec5,2026-03-25 14:39:55,2026-03-25 14:39:55,1
28,BRENT UTILITIES BOARD,,BRENT,AL,36034,205-926-4643,brentutilities@bellsouth.net,,US,AL0000091,CWS,L,GW,6750,2250,,,04,GW,awwa_water_utilities,https://data.epa.gov/efservice/WATER_SYSTEM,2026-03-25T14:39:55.575928+00:00,20260325_143907,100afe201eacb73eb0101d9aca0e748a,2026-03-25 14:39:55,2026-03-25 14:39:55,1
29,CENTREVILLE WATER & SEWER,,CENTREVILLE,AL,35042,205-974-0773,mayormike@cityofcentreville.com,,US,AL0000092,CWS,L,GW,5985,1995,,,04,GW,awwa_water_utilities,https://data.epa.gov/efservice/WATER_SYSTEM,2026-03-25T14:39:55.575928+00:00,20260325_143907,454a8f6fdf35abd83369356f759bbee7,2026-03-25 14:39:55,2026-03-25 14:39:55,1
30,GREEN POND WATER SYSTEM,,GREEN POND,AL,35074,205-938-9367,k.boyd@greenpondwater.org,,US,AL0000093,CWS,L,GW,8631,3050,,,04,GW,awwa_water_utilities,https://data.epa.gov/efservice/WATER_SYSTEM,2026-03-25T14:39:55.575928+00:00,20260325_143907,d0742a6a162d0a83a7429b7f53d6381a,2026-03-25 14:39:55,2026-03-25 14:39:55,1
31,RANDOLPH WATER SYSTEM,,RANDOLPH,AL,36792,334-366-2907,screel55@gmail.com,,US,AL0000095,CWS,L,GWP,1308,436,,,04,GW,awwa_water_utilities,https://data.epa.gov/efservice/WATER_SYSTEM,2026-03-25T14:39:55.575928+00:00,20260325_143907,8056ae0f3bd0bd3da240d8dd1ea22fe0,2026-03-25 14:39:55,2026-03-25 14:39:55,1
32,"WEST BLOCTON, TOWN OF",,WEST BLOCTON,AL,35184,205-938-7622,jonathanlawley8@gmail.com,,US,AL0000097,CWS,L,GW,4629,1543,,,04,GW,awwa_water_utilities,https://data.epa.gov/efservice/WATER_SYSTEM,2026-03-25T14:39:55.575928+00:00,20260325_143907,c0b9480dc1a1639bb4fe3fdfe98ffa3a,2026-03-25 14:39:55,2026-03-25 14:39:55,1
33,"ALLGOOD WATER WORKS, TOWN OF",,ALLGOOD,AL,35013,205-274-7138,sta72chief@yahoo.com,,US,AL0000098,CWS,L,GW,861,287,,,04,GW,awwa_water_utilities,https://data.epa.gov/efservice/WATER_SYSTEM,2026-03-25T14:39:55.575928+00:00,20260325_143907,72c5d3f07d6cac5eda06db5051f5b332,2026-03-25 14:39:55,2026-03-25 14:39:55,1
34,"BLOUNTSVILLE, THE UB OF THE TOWN OF",69145 Main St.,BLOUNTSVILLE,AL,35031,256-429-2495,,,US,AL0000100,CWS,L,GW,4266,1422,,,04,GW,awwa_water_utilities,https://data.epa.gov/efservice/WATER_SYSTEM,2026-03-25T14:39:55.576924+00:00,20260325_143907,1b62ce994f16c57d6f1a0c5dd655fa9c,2026-03-25 14:39:55,2026-03-25 14:39:55,1
35,CLEVELAND WATER WORKS,"HONORABLE JERRY JONES, MAYOR",CLEVELAND,AL,35049,205-274-9640,,,US,AL0000101,CWS,L,SWP,3516,1172,,,04,SW,awwa_water_utilities,https://data.epa.gov/efservice/WATER_SYSTEM,2026-03-25T14:39:55.576924+00:00,20260325_143907,28b01c49fda284f69c82e43c70f0c7b8,2026-03-25 14:39:55,2026-03-25 14:39:55,1
36,HAYDEN WATER WORKS,,HAYDEN,AL,35079,205-543-6882,waterdepartment@haydenal.gov,,US,AL0000102,CWS,L,SWP,2589,863,,,04,SW,awwa_water_utilities,https://data.epa.gov/efservice/WATER_SYSTEM,2026-03-25T14:39:55.576924+00:00,20260325_143907,31155ce7d42184569a8825eb9d4da7d4,2026-03-25 14:39:55,2026-03-25 14:39:55,1
37,ONEONTA (UB OF THE CITY OF),,ONEONTA,AL,35121,205-274-2159,mgargus@ubon.us,,US,AL0000103,CWS,L,SW,19971,6657,,,04,SW,awwa_water_utilities,https://data.epa.gov/efservice/WATER_SYSTEM,2026-03-25T14:39:55.576924+00:00,20260325_143907,f2185a45884f883a6b1daeb097b42776,2026-03-25 14:39:55,2026-03-25 14:39:55,1
38,PINE BLUFF WATER AUTHORITY,5501 County Road 15,CLEVELAND,AL,35049,205-681-8871,pbwakv@gmail.com,,US,AL0000104,CWS,L,SWP,6255,2085,,,04,SW,awwa_water_utilities,https://data.epa.gov/efservice/WATER_SYSTEM,2026-03-25T14:39:55.576924+00:00,20260325_143907,3b98f8b68688f21213d18cc1ca43db8e,2026-03-25 14:39:55,2026-03-25 14:39:55,1
39,"SNEAD WATER WORKS, TOWN OF",,SNEAD,AL,35952,205-459-0059,,,US,AL0000108,CWS,L,GW,6111,2037,,,04,GW,awwa_water_utilities,https://data.epa.gov/efservice/WATER_SYSTEM,2026-03-25T14:39:55.576924+00:00,20260325_143907,038d06a01cba2617aa5fe1457e91f4b3,2026-03-25 14:39:55,2026-03-25 14:39:55,1
40,MIDWAY WATER WORKS,32868 HWY 82,MIDWAY,AL,36053-0036,334-529-3261,townofmidway@gmail.com,,US,AL0000116,CWS,L,GW,867,289,,,04,GW,awwa_water_utilities,https://data.epa.gov/efservice/WATER_SYSTEM,2026-03-25T14:39:55.576924+00:00,20260325_143907,9faf931e97562411968921bdfa419c2d,2026-03-25 14:39:55,2026-03-25 14:39:55,1
41,SOUTH BULLOCK COUNTY WATER AUTHORITY,,MONTGOMERY,AL,36124,,brent.moffett@dixie.coop,,US,AL0000117,CWS,L,GW,8601,2825,,,04,GW,awwa_water_utilities,https://data.epa.gov/efservice/WATER_SYSTEM,2026-03-25T14:39:55.576924+00:00,20260325_143907,df2a0a19c84ea59ced4af10272d95d7e,2026-03-25 14:39:55,2026-03-25 14:39:55,1
42,UNION SPRINGS UTIL BOARD,,UNION SPRINGS,AL,36089,,justin.smith@inframark.com,,US,AL0000118,CWS,L,GW,3945,1315,,,04,GW,awwa_water_utilities,https://data.epa.gov/efservice/WATER_SYSTEM,2026-03-25T14:39:55.576924+00:00,20260325_143907,c14cd70b7cfe9175819a906c0d7183bb,2026-03-25 14:39:55,2026-03-25 14:39:55,1
43,"NECTAR, TOWN OF",,CLEVELAND,AL,35049,,,,US,AL0000122,CWS,L,SWP,3288,1096,,,04,SW,awwa_water_utilities,https://data.epa.gov/efservice/WATER_SYSTEM,2026-03-25T14:39:55.576924+00:00,20260325_143907,48727de7a9f2645352827b8c059f163f,2026-03-25 14:39:55,2026-03-25 14:39:55,1
44,"GEORGIANA, THE WW&SB OF THE CITY OF",,GEORGIANA,AL,36033,334-376-2555,,,US,AL0000123,CWS,L,GW,2889,963,,,04,GW,awwa_water_utilities,https://data.epa.gov/efservice/WATER_SYSTEM,2026-03-25T14:39:55.576924+00:00,20260325_143907,4104716549e055b3ad025da2083b2a58,2026-03-25 14:39:55,2026-03-25 14:39:55,1
45,GREENVILLE WATER WORKS,"HON. DEXTER MCCLENDON, MAYOR",GREENVILLE,AL,36037,334-382-6661,mayor@cityofgreenville.com,,US,AL0000125,CWS,L,GW,9336,3112,,,04,GW,awwa_water_utilities,https://data.epa.gov/efservice/WATER_SYSTEM,2026-03-25T14:39:55.576924+00:00,20260325_143907,cb2cd75ab7f1f68cf95cd9787ab80472,2026-03-25 14:39:55,2026-03-25 14:39:55,1
46,MCKENZIE WATER BOARD,,MCKENZIE,AL,36456,334-374-2311,lodomjr@hotmail.com,,US,AL0000128,CWS,L,GW,1170,390,,,04,GW,awwa_water_utilities,https://data.epa.gov/efservice/WATER_SYSTEM,2026-03-25T14:39:55.577929+00:00,20260325_143907,3254013fd9aade9766e9ee3de8943a8b,2026-03-25 14:39:55,2026-03-25 14:39:55,1
47,CALHOUN COUNTY WATER AUTHORITY,,ALEXANDRIA,AL,36250,256-820-3940,,,US,AL0000131,CWS,L,SWP,32796,10932,,,04,SW,awwa_water_utilities,https://data.epa.gov/efservice/WATER_SYSTEM,2026-03-25T14:39:55.577929+00:00,20260325_143907,a488a8ea09eb116b0fe136c3299e0f5b,2026-03-25 14:39:55,2026-03-25 14:39:55,1
48,"ANNISTON ALABAMA, THE WWSB OF THE CITY O",,ANNISTON,AL,36202,256-241-5005,eturner@awwsb.org,,US,AL0000133,CWS,L,SW,56646,18882,,,04,SW,awwa_water_utilities,https://data.epa.gov/efservice/WATER_SYSTEM,2026-03-25T14:39:55.577929+00:00,20260325_143907,037eb88cfbc8aa6d87122b8b32708c5b,2026-03-25 14:39:55,2026-03-25 14:39:55,1
49,HOBSON CITY WATER SYSTEM,715 Martin Luther King Jr. Drive,HOBSON CITY,AL,36201,256-831-4940,hobsoncityhall@bellsouth.net,,US,AL0000149,CWS,L,SWP,633,211,,,04,SW,awwa_water_utilities,https://data.epa.gov/efservice/WATER_SYSTEM,2026-03-25T14:39:55.577929+00:00,20260325_143907,c0822391426fef51cc7c88090c7d5027,2026-03-25 14:39:55,2026-03-25 14:39:55,1
50,"JACKSONVILLE WATER WORKS, GAS AND SEWER",,JACKSONVILLE,AL,36265-2914,256-435-7657,,,US,AL0000154,CWS,L,SWP,14217,4739,,,04,SW,awwa_water_utilities,https://data.epa.gov/efservice/WATER_SYSTEM,2026-03-25T14:39:55.577929+00:00,20260325_143907,eb0195ea30e22b1bf1571e1c524eaec2,2026-03-25 14:39:55,2026-03-25 14:39:55,1
51,OHATCHEE WATER SYSTEM,,OHATCHEE,AL,36271,256-892-3232,mayorbaswell@townofohatchee.com,,US,AL0000161,CWS,L,GWP,1680,560,,,04,GW,awwa_water_utilities,https://data.epa.gov/efservice/WATER_SYSTEM,2026-03-25T14:39:55.578929+00:00,20260325_143907,e20b08f90ff822388abc6ec374b23687,2026-03-25 14:39:55,2026-03-25 14:39:55,1
52,OXFORD WATER WORKS & SEWER BOARD,,OXFORD,AL,36203,256-831-5618,wlivingston@oxfordwater.com,,US,AL0000162,CWS,L,SW,29556,9852,,,04,SW,awwa_water_utilities,https://data.epa.gov/efservice/WATER_SYSTEM,2026-03-25T14:39:55.578929+00:00,20260325_143907,a8744d82009a7a7d44669097f711c6e6,2026-03-25 14:39:55,2026-03-25 14:39:55,1
53,PIEDMONT UTILITIES BOARD,109 North Center Ave,PIEDMONT,AL,36272,256-447-3560,abwatts@piedmontcity.org,,US,AL0000164,CWS,L,SW,8073,2691,,,04,SW,awwa_water_utilities,https://data.epa.gov/efservice/WATER_SYSTEM,2026-03-25T14:39:55.578929+00:00,20260325_143907,259068d204aada745018f683274b849a,2026-03-25 14:39:55,2026-03-25 14:39:55,1
54,"WEAVER, CITY 0F",,WEAVER,AL,36277,256-820-1121,jingram@weaveral.gov,,US,AL0000168,CWS,L,GW,6591,2197,,,04,GW,awwa_water_utilities,https://data.epa.gov/efservice/WATER_SYSTEM,2026-03-25T14:39:55.578929+00:00,20260325_143907,b5e2094b9e819496445fb8c3af78e0ed,2026-03-25 14:39:55,2026-03-25 14:39:55,1
55,EAST ALABAMA WATER & FIRE PRO DISTRICT,,VALLEY,AL,36854,334-756-7150,t.segrest@eawsfd.com,,US,AL0000174,CWS,L,SWP,17532,5844,,,04,SW,awwa_water_utilities,https://data.epa.gov/efservice/WATER_SYSTEM,2026-03-25T14:39:55.578929+00:00,20260325_143907,e14cfb589df5d83677214511d92c9161,2026-03-25 14:39:55,2026-03-25 14:39:55,1
56,HUGULEY WATER AUTHORITY,,LANETT,AL,36863,334-576-2126,swindsor@knology.net,,US,AL0000177,CWS,L,SWP,6795,2265,,,04,SW,awwa_water_utilities,https://data.epa.gov/efservice/WATER_SYSTEM,2026-03-25T14:39:55.578929+00:00,20260325_143907,0f36f315caa421bbef171073e707f58b,2026-03-25 14:39:55,2026-03-25 14:39:55,1
57,LAFAYETTE WATER WORKS,,LAFAYETTE,AL,36862,,,,US,AL0000178,CWS,L,SW,4047,1349,,,04,SW,awwa_water_utilities,https://data.epa.gov/efservice/WATER_SYSTEM,2026-03-25T14:39:55.578929+00:00,20260325_143907,90d88c8ceec7fb7dc9e91b4c006371c7,2026-03-25 14:39:55,2026-03-25 14:39:55,1
58,LANETT WATER WORKS,,LANETT,AL,36863,334-644-5200,,,US,AL0000179,CWS,L,SWP,7152,2384,,,04,SW,awwa_water_utilities,https://data.epa.gov/efservice/WATER_SYSTEM,2026-03-25T14:39:55.579924+00:00,20260325_143907,4a4e53b8de7f281ab9452bfd25444383,2026-03-25 14:39:55,2026-03-25 14:39:55,1
59,BEULAH UTILITIES DISTRICT,5320 Lee County Rd. 270,VALLEY,AL,36854,,,,US,AL0000180,CWS,L,SWP,10389,3463,,,04,SW,awwa_water_utilities,https://data.epa.gov/efservice/WATER_SYSTEM,2026-03-25T14:39:55.579924+00:00,20260325_143907,5eff2fe867fe932cc34269f339acbac7,2026-03-25 14:39:55,2026-03-25 14:39:55,1
60,CHATTAHOOCHEE VALLEY WATER SUPPLY DIST,,LANETT,AL,36863,334-644-3777,,,US,AL0000184,CWS,L,SW,32,3,,,04,SW,awwa_water_utilities,https://data.epa.gov/efservice/WATER_SYSTEM,2026-03-25T14:39:55.579924+00:00,20260325_143907,e41bc8dcedec46a4a9d38a3c2c0d66e9,2026-03-25 14:39:55,2026-03-25 14:39:55,1
61,CEDAR BLUFF UTILITIES BOARD,P O Box 306,CEDAR BLUFF,AL,35959,256-779-6359,mysis215@gmail.com,,US,AL0000187,CWS,L,SWP,4875,1625,,,04,SW,awwa_water_utilities,https://data.epa.gov/efservice/WATER_SYSTEM,2026-03-25T14:39:55.579924+00:00,20260325_143907,46d7c0c93277e6350e6f2b0b1912a15c,2026-03-25 14:39:55,2026-03-25 14:39:55,1
62,CENTRE WATER & SEWER BOARD,130 South River Street,CENTRE,AL,35960,256-927-3281,centrewaterplant@tds.net,,US,AL0000188,CWS,L,SW,7050,2350,,,04,SW,awwa_water_utilities,https://data.epa.gov/efservice/WATER_SYSTEM,2026-03-25T14:39:55.579924+00:00,20260325_143907,7fbfde3006d14b787e1e16f6aa452c21,2026-03-25 14:39:55,2026-03-25 14:39:55,1
63,CHEROKEE COUNTY WATER AUTHORITY,,CENTRE,AL,35960,256-927-8348,office@cherokeewateral.com,,US,AL0000189,CWS,L,GW,11013,3671,,,04,GW,awwa_water_utilities,https://data.epa.gov/efservice/WATER_SYSTEM,2026-03-25T14:39:55.579924+00:00,20260325_143907,bb45a8dca97307accac4303fb29925fa,2026-03-25 14:39:55,2026-03-25 14:39:55,1
64,CLANTON WATER DEPARTMENT,,CLANTON,AL,35045,205-755-6840,shiggins@clantonal.gov,,US,AL0000213,CWS,L,SW,13500,4500,,,04,SW,awwa_water_utilities,https://data.epa.gov/efservice/WATER_SYSTEM,2026-03-25T14:39:55.579924+00:00,20260325_143907,c33a45121fe526f8370806095352b835,2026-03-25 14:39:55,2026-03-25 14:39:55,1
65,JEMISON WATER WORKS,,JEMISON,AL,35085,205-688-4492,jemisonmaintenance@gmail.com,,US,AL0000219,CWS,L,GWP,4365,1455,,,04,GW,awwa_water_utilities,https://data.epa.gov/efservice/WATER_SYSTEM,2026-03-25T14:39:55.579924+00:00,20260325_143907,30ed126300514e9404fe785dbca6d042,2026-03-25 14:39:55,2026-03-25 14:39:55,1
66,MAPLESVILLE WATER WORKS,,MAPLESVILLE,AL,36750,334-366-2407,,,US,AL0000221,CWS,L,GWP,1119,373,,,04,GW,awwa_water_utilities,https://data.epa.gov/efservice/WATER_SYSTEM,2026-03-25T14:39:55.579924+00:00,20260325_143907,9b250bdf31da8bd70fa138e4398c3063,2026-03-25 14:39:55,2026-03-25 14:39:55,1
67,THORSBY WATER WORKS BOARD,PD=21060 US Hwy 31 / TH=20688 US Hwy 31,THORSBY,AL,35171,205-646-3575,rhhight@gmail.com,,US,AL0000229,CWS,L,GW,3579,1193,,,04,GW,awwa_water_utilities,https://data.epa.gov/efservice/WATER_SYSTEM,2026-03-25T14:39:55.579924+00:00,20260325_143907,70a084ba2c4de4be22b39a1da0078cdd,2026-03-25 14:39:55,2026-03-25 14:39:55,1
68,BUTLER WATER SYSTEM,P.O. Box 455,BUTLER,AL,36915,205-459-3795,: mayorwilliams@tds.net,,US,AL0000232,CWS,L,GW,4590,1532,,,04,GW,awwa_water_utilities,https://data.epa.gov/efservice/WATER_SYSTEM,2026-03-25T14:39:55.579924+00:00,20260325_143907,e417faa6f7048b571df473f78ae35c61,2026-03-25 14:39:55,2026-03-25 14:39:55,1
69,"CHOCTAW-EDNA WATER AUTHORITY, INC.",P.O. Box 220,PENNINGTON,AL,36916,205-654-2974,cewa2018@yahoo.com,,US,AL0000233,CWS,L,GWP,819,273,,,04,GW,awwa_water_utilities,https://data.epa.gov/efservice/WATER_SYSTEM,2026-03-25T14:39:55.579924+00:00,20260325_143907,0474b551ac522f10e42b39392be94aa1,2026-03-25 14:39:55,2026-03-25 14:39:55,1
70,CHILTON WATER AUTHORITY,,THORSBY,AL,35171,205-646-3300,jsmith@chiltonwater.org,,US,AL0000234,CWS,L,GW,27681,9227,,,04,GW,awwa_water_utilities,https://data.epa.gov/efservice/WATER_SYSTEM,2026-03-25T14:39:55.579924+00:00,20260325_143907,f4690a512995f53462e7f767dce66de1,2026-03-25 14:39:55,2026-03-25 14:39:55,1
71,"GILBERTOWN, UTILITIES BOARD OF TOWN OF",,GILBERTOWN,AL,36908,251-843-2477,,,US,AL0000237,CWS,L,GW,8157,1102,,,04,GW,awwa_water_utilities,https://data.epa.gov/efservice/WATER_SYSTEM,2026-03-25T14:39:55.579924+00:00,20260325_143907,3fc1b9fddb2a0e9ebc63917c498e9e2a,2026-03-25 14:39:55,2026-03-25 14:39:55,1
72,NORTH CHOCTAW WATER & SEWER AUTHORITY,,LISMAN,AL,36912,,,,US,AL0000243,CWS,L,GW,3450,1150,,,04,GW,awwa_water_utilities,https://data.epa.gov/efservice/WATER_SYSTEM,2026-03-25T14:39:55.579924+00:00,20260325_143907,3177875724817ef4c577ba86dbb94c79,2026-03-25 14:39:55,2026-03-25 14:39:55,1
73,"PENNINGTON, UTILITIES BOARD OF",,PENNINGTON,AL,36916,,,,US,AL0000244,CWS,L,GW,1080,360,,,04,GW,awwa_water_utilities,https://data.epa.gov/efservice/WATER_SYSTEM,2026-03-25T14:39:55.580920+00:00,20260325_143907,0ef44f479d9a5be858d08f6f6f1181b2,2026-03-25 14:39:55,2026-03-25 14:39:55,1
74,HOLLINS WATER AUTHORITY,,HOLLINS,AL,35082,256-249-4014,hollinswater@yahoo.com,,US,AL0000245,CWS,L,SWP,1269,423,,,04,SW,awwa_water_utilities,https://data.epa.gov/efservice/WATER_SYSTEM,2026-03-25T14:39:55.580920+00:00,20260325_143907,f23c250b320973098fd76048ee302c96,2026-03-25 14:39:55,2026-03-25 14:39:55,1
75,"COFFEEVILLE WATER WORKS, TOWN OF",P.O. BOX 88,COFFEEVILLE,AL,36524,251-276-3623,billtaylor1321@gmail.com,,US,AL0000252,CWS,L,GW,2730,910,,,04,GW,awwa_water_utilities,https://data.epa.gov/efservice/WATER_SYSTEM,2026-03-25T14:39:55.580920+00:00,20260325_143907,4d5f4ab337e4673de3389f8387029988,2026-03-25 14:39:55,2026-03-25 14:39:55,1
76,"FULTON, UTILITIES BOARD OF THE TOWN OF",,FULTON,AL,36446,334-636-9527,,,US,AL0000254,CWS,L,GW,534,178,,,04,GW,awwa_water_utilities,https://data.epa.gov/efservice/WATER_SYSTEM,2026-03-25T14:39:55.580920+00:00,20260325_143907,ea053c7ef3ea48e9ff4ca20f380489f6,2026-03-25 14:39:55,2026-03-25 14:39:55,1
77,GROVE HILL WATER WORKS,P.O. BOX 847,GROVE HILL,AL,36451,251-275-3153,pritchett@pinebelt.net,,US,AL0000255,CWS,L,GW,5280,1760,,,04,GW,awwa_water_utilities,https://data.epa.gov/efservice/WATER_SYSTEM,2026-03-25T14:39:55.580920+00:00,20260325_143907,468c7004666279ea2fe15258ae9962fc,2026-03-25 14:39:55,2026-03-25 14:39:55,1
78,JACKSON WATER WORKS & SEWER BOARD,,JACKSON,AL,36545,251-246-2900,,,US,AL0000256,CWS,L,SW,11715,3905,,,04,SW,awwa_water_utilities,https://data.epa.gov/efservice/WATER_SYSTEM,2026-03-25T14:39:55.580920+00:00,20260325_143907,3600d30c7cc81b51b7d8ec905bc74362,2026-03-25 14:39:55,2026-03-25 14:39:55,1
79,OLD LINE WATER SYSTEM,,JACKSON,AL,36545,251-246-9205,,,US,AL0000257,CWS,P,GW,5145,1715,,,04,GW,awwa_water_utilities,https://data.epa.gov/efservice/WATER_SYSTEM,2026-03-25T14:39:55.580920+00:00,20260325_143907,db50d8876e2ba66f48179f04a896c6ca,2026-03-25 14:39:55,2026-03-25 14:39:55,1
80,THOMASVILLE WATER WORKS & SEWER BOARD,P.O. Box 127,THOMASVILLE,AL,36784,334-636-3357,llong@thomasvilleal.com,,US,AL0000262,CWS,L,SW,6897,2299,,,04,SW,awwa_water_utilities,https://data.epa.gov/efservice/WATER_SYSTEM,2026-03-25T14:39:55.580920+00:00,20260325_143907,3a87fee4237b1d0fa87406d4452b04d7,2026-03-25 14:39:55,2026-03-25 14:39:55,1
81,ASHLAND WATER & SEWER BOARD,160 Rosewood Lane,ASHLAND,AL,36251,256-354-4036,awwsb@centurytel.net,,US,AL0000264,CWS,L,SWP,2925,975,,,04,SW,awwa_water_utilities,https://data.epa.gov/efservice/WATER_SYSTEM,2026-03-25T14:39:55.580920+00:00,20260325_143907,b67e80256e504699b9a310a290a7a0e9,2026-03-25 14:39:55,2026-03-25 14:39:55,1
82,CLAY COUNTY WATER AUTHORITY,,LINEVILLE,AL,36266,,glwwcw@gmail.com,,US,AL0000266,CWS,L,SW,2751,917,,,04,SW,awwa_water_utilities,https://data.epa.gov/efservice/WATER_SYSTEM,2026-03-25T14:39:55.580920+00:00,20260325_143907,623c9af2aa52d942804d323a12853abd,2026-03-25 14:39:55,2026-03-25 14:39:55,1
83,LINEVILLE WATER WORKS BOARD,,LINEVILLE,AL,36266,256-396-2063,cityhall@acs-isp.com,,US,AL0000268,CWS,L,SWP,3420,1140,,,04,SW,awwa_water_utilities,https://data.epa.gov/efservice/WATER_SYSTEM,2026-03-25T14:39:55.580920+00:00,20260325_143907,c81d5786953afe3c5222c695cb9f7847,2026-03-25 14:39:55,2026-03-25 14:39:55,1
84,MILLERVILLE WATER & FIRE PRO AUTHORITY,334 School House Road,MILLERVILLE,AL,36251,256-354-2359,millervilleauthority@yahoo.com,,US,AL0000270,CWS,L,SWP,1545,515,,,04,SW,awwa_water_utilities,https://data.epa.gov/efservice/WATER_SYSTEM,2026-03-25T14:39:55.580920+00:00,20260325_143907,dea78519506c2eaae82fde0ee0850a16,2026-03-25 14:39:55,2026-03-25 14:39:55,1
85,EDWARDSVILLE WATER & FIRE PRO AUTHORITY,P O Box 8,EDWARDSVILLE,AL,36261,,,,US,AL0000277,CWS,L,SWP,585,195,,,04,SW,awwa_water_utilities,https://data.epa.gov/efservice/WATER_SYSTEM,2026-03-25T14:39:55.580920+00:00,20260325_143907,371fd7ded426c057e98c057594abaced,2026-03-25 14:39:55,2026-03-25 14:39:55,1
86,HEFLIN WATER WORKS,1219 Almon Street Suite F,HEFLIN,AL,36264,256-463-2011,heflinwaterhyatt@wmconnect.com,,US,AL0000279,CWS,L,SW,4287,1429,,,04,SW,awwa_water_utilities,https://data.epa.gov/efservice/WATER_SYSTEM,2026-03-25T14:39:55.580920+00:00,20260325_143907,98e252e88e4b87d67dffd90c975b9784,2026-03-25 14:39:55,2026-03-25 14:39:55,1
87,RANBURNE WATER & SEWER DEPARTMENT,,RANBURNE,AL,36273,256-568-2337,ranburnewater@yahoo.com,,US,AL0000283,CWS,L,SWP,2010,670,,,04,SW,awwa_water_utilities,https://data.epa.gov/efservice/WATER_SYSTEM,2026-03-25T14:39:55.580920+00:00,20260325_143907,87c31081900c1fb1700e28f4b4a8c88e,2026-03-25 14:39:55,2026-03-25 14:39:55,1
88,ELBA (WW&EB OF THE CITY OF),Elba Water Works,ELBA,AL,36323,334-897-2333,,,US,AL0000295,CWS,L,GW,5361,1851,,,04,GW,awwa_water_utilities,https://data.epa.gov/efservice/WATER_SYSTEM,2026-03-25T14:39:55.580920+00:00,20260325_143907,21c29a962b98c60ff2572acaeb3f243c,2026-03-25 14:39:55,2026-03-25 14:39:55,1
89,ENTERPRISE WATER WORKS,,ENTERPRISE,AL,36330,,,,US,AL0000296,CWS,L,GW,48000,16000,,,04,GW,awwa_water_utilities,https://data.epa.gov/efservice/WATER_SYSTEM,2026-03-25T14:39:55.580920+00:00,20260325_143907,ab496ab2a39dc1cc8d2f93e5b5286c60,2026-03-25 14:39:55,2026-03-25 14:39:55,1
90,"JACK WATER SYSTEM, INC",,JACK,AL,36346,334-897-6738,,,US,AL0000298,CWS,L,GW,1335,445,,,04,GW,awwa_water_utilities,https://data.epa.gov/efservice/WATER_SYSTEM,2026-03-25T14:39:55.580920+00:00,20260325_143907,f597033f7ffc9bb958ab33e08c6f7c89,2026-03-25 14:39:55,2026-03-25 14:39:55,1
91,KINSTON WATER WORKS,,KINSTON,AL,36453,334-565-3188,,,US,AL0000299,CWS,L,GW,2235,800,,,04,GW,awwa_water_utilities,https://data.epa.gov/efservice/WATER_SYSTEM,2026-03-25T14:39:55.580920+00:00,20260325_143907,df3e3f092ad17804b2a6be050150bc96,2026-03-25 14:39:55,2026-03-25 14:39:55,1
92,NEW BROCKTON WATER DEPARTMENT,,NEW BROCKTON,AL,36351,334-894-5550,,,US,AL0000302,CWS,L,GW,4185,1395,,,04,GW,awwa_water_utilities,https://data.epa.gov/efservice/WATER_SYSTEM,2026-03-25T14:39:55.580920+00:00,20260325_143907,aafea5be617333cbdafa881128a042c3,2026-03-25 14:39:55,2026-03-25 14:39:55,1
93,CHEROKEE WATER & GAS DEPARTMENT,P.O. Box 273,CHEROKEE,AL,35616,938-214-9247,,,US,AL0000311,CWS,L,SW,1992,664,,,04,SW,awwa_water_utilities,https://data.epa.gov/efservice/WATER_SYSTEM,2026-03-25T14:39:55.580920+00:00,20260325_143907,d939d78fe694be71865f428b968471ad,2026-03-25 14:39:55,2026-03-25 14:39:55,1
94,COLBERT COUNTY RURAL WATER SYSTEM,2750 HWY 20,TUSCUMBIA,AL,35674,256-381-2120,jrobison@colbertco.org,,US,AL0000314,CWS,L,SW,13395,4465,,,04,SW,awwa_water_utilities,https://data.epa.gov/efservice/WATER_SYSTEM,2026-03-25T14:39:55.580920+00:00,20260325_143907,a7c8b83c9dc78b34936490c06b83b138,2026-03-25 14:39:55,2026-03-25 14:39:55,1
95,HAWK PRIDE MT WATER SYSTEM,"RANDY GARGIS, CHAIRPERSON",TUSCUMBIA,AL,35674,,,,US,AL0000316,CWS,L,GU,4035,1345,,,04,SW,awwa_water_utilities,https://data.epa.gov/efservice/WATER_SYSTEM,2026-03-25T14:39:55.580920+00:00,20260325_143907,f3fc0f14727e580dcc1c77bead65518d,2026-03-25 14:39:55,2026-03-25 14:39:55,1
96,LAGRANGE MOUNTAIN WATER AUTHORITY,,LEIGHTON,AL,35646,256-383-1666,,,US,AL0000318,CWS,L,GWP,1242,414,,,04,GW,awwa_water_utilities,https://data.epa.gov/efservice/WATER_SYSTEM,2026-03-25T14:39:55.581923+00:00,20260325_143907,003b0d10ffe2a0c37e945c513245573c,2026-03-25 14:39:55,2026-03-25 14:39:55,1
97,"LEIGHTON, WSB OF THE TOWN OF",MR. SHANE BURNEY,LEIGHTON,AL,35646,256-446-9330,mrburney@att.net,,US,AL0000319,CWS,L,GW,1203,401,,,04,GW,awwa_water_utilities,https://data.epa.gov/efservice/WATER_SYSTEM,2026-03-25T14:39:55.581923+00:00,20260325_143907,4ee9522340abe81d2e337da4e3ec2345,2026-03-25 14:39:55,2026-03-25 14:39:55,1
98,LITTLEVILLE WATERWORKS,,RUSSELLVILLE,AL,35654,256-332-3567,littlvwater@gmail.com,,US,AL0000320,CWS,L,SWP,3570,1190,,,04,SW,awwa_water_utilities,https://data.epa.gov/efservice/WATER_SYSTEM,2026-03-25T14:39:55.581923+00:00,20260325_143907,5b8e90c8d7e22944df1cc2fd3c9d81ef,2026-03-25 14:39:55,2026-03-25 14:39:55,1
99,MUSCLE SHOALS UTILITY BOARD,,MUSCLE SHOALS,AL,35662,256-386-9260,jvancemsub@comcast.net,,US,AL0000321,CWS,L,SW,22467,7489,,,04,SW,awwa_water_utilities,https://data.epa.gov/efservice/WATER_SYSTEM,2026-03-25T14:39:55.581923+00:00,20260325_143907,42e57f5a5d0804c2b6557f4336b244fb,2026-03-25 14:39:55,2026-03-25 14:39:55,1
100,"SHEFFIELD UTITLIES, CITY OF SHEFFIELD DB",P.O. Box 580,SHEFFIELD,AL,35660,256-389-2480,tjones@sheffieldutilities.org,,US,AL0000327,CWS,L,SW,13758,4586,,,04,SW,awwa_water_utilities,https://data.epa.gov/efservice/WATER_SYSTEM,2026-03-25T14:39:55.581923+00:00,20260325_143907,bcfb9cb9d48aaa67995ccbf83dac3799,2026-03-25 14:39:55,2026-03-25 14:39:55,1
