id,company_name,address,city,state,zip_code,country,phone,email,website,licence_number,doing_business_as,included_establishments,province,postal_code,dataset,source_url,crawl_date,crawl_session,dedup_hash,first_seen,last_seen,is_new
1,9500375 CANADA INC.,600 Serafini Cres,Milton,Ontario,L9T7P1,Canada,,,,3B367DMD,,,Ontario,L9T7P1,cfia_food_licences,https://apps.inspection.canada.ca/webapps/foodlicenceregistry/en/,2026-03-25T23:20:19.577734+00:00,20260325_232013,10f9a2278a6744e41657aa495d96b2cd,2026-03-25 23:20:20,2026-03-25 23:20:20,1
2,"NOVALIVE HEALTH, INC.",2087 Highway 2,Milford,Nova Scotia,B0N1Y0,Canada,,,,3B38RY4R,,"37 Hemlock Crt, Enfield, Nova Scotia, Canada, B2T1H9",Nova Scotia,B0N1Y0,cfia_food_licences,https://apps.inspection.canada.ca/webapps/foodlicenceregistry/en/,2026-03-25T23:20:19.577734+00:00,20260325_232013,ed4578596acb623536b94c1de1998334,2026-03-25 23:20:20,2026-03-25 23:20:20,1
3,Noble Bean Inc.,902-5333 av Casgrain,Montréal,Quebec,H2T1X3,Canada,,,,3B3J876N,Noble Bean Inc.,"902-5333 av Casgrain, Montréal, Quebec, Canada, H2T1X3",Quebec,H2T1X3,cfia_food_licences,https://apps.inspection.canada.ca/webapps/foodlicenceregistry/en/,2026-03-25T23:20:19.577734+00:00,20260325_232013,a503d1ccc7aaa57eba2414b0b86d6763,2026-03-25 23:20:20,2026-03-25 23:20:20,1
4,NATURE FRESH CANADA INC.,1685 55E Av,Dorval,Quebec,H9P2W3,Canada,,,,3B3PKKRX,,,Quebec,H9P2W3,cfia_food_licences,https://apps.inspection.canada.ca/webapps/foodlicenceregistry/en/,2026-03-25T23:20:19.577734+00:00,20260325_232013,29888272ba052ddcfe644d0ab449af67,2026-03-25 23:20:20,2026-03-25 23:20:20,1
5,PAGE MACMAN,194 Lalor drive,Red Deer,Alberta,T4R0R4,Canada,,,,3B3RNXL7,,,Alberta,T4R0R4,cfia_food_licences,https://apps.inspection.canada.ca/webapps/foodlicenceregistry/en/,2026-03-25T23:20:19.577734+00:00,20260325_232013,045aa09d7e381dc90952cb3f295491f8,2026-03-25 23:20:20,2026-03-25 23:20:20,1
6,JUAN MEAT MARKET LTD,40 Beverly Hills DR unit 52,TORONTO,Ontario,M3L1A1,Canada,,,,3B46GM88,,,Ontario,M3L1A1,cfia_food_licences,https://apps.inspection.canada.ca/webapps/foodlicenceregistry/en/,2026-03-25T23:20:19.577734+00:00,20260325_232013,0347f5e587a4139a579ace527dcad64f,2026-03-25 23:20:20,2026-03-25 23:20:20,1
7,Emballage Charbonneau inc.,830 rue Hervé N,Saint-Amable,Quebec,J0L1N0,Canada,,,,3B46XYLR,,"784 chemin Fer-à-Cheval, Ste-Julie, Quebec, Canada, J3E1Y2",Quebec,J0L1N0,cfia_food_licences,https://apps.inspection.canada.ca/webapps/foodlicenceregistry/en/,2026-03-25T23:20:19.577734+00:00,20260325_232013,e2cf35b6ba645e967575d472ae990b14,2026-03-25 23:20:20,2026-03-25 23:20:20,1
8,Pro-Amino International Inc,12 700 Boulevard Henri-Fabre Est,Mirabel,Quebec,J7N0A6,Canada,,,,3B4J9LYW,Pro-Amino International Inc.,"12700 boul Henri-Fabre E, Mirabel, Quebec, Canada, J7N0A6",Quebec,J7N0A6,cfia_food_licences,https://apps.inspection.canada.ca/webapps/foodlicenceregistry/en/,2026-03-25T23:20:19.577734+00:00,20260325_232013,ac07914634495721a032e8c20efb6357,2026-03-25 23:20:20,2026-03-25 23:20:20,1
9,Nisaka Trading Inc.,334-22359 Lougheed Hwy,Maple Ridge,British Columbia,V2X2T3,Canada,,,,3B4JCDY8,,,British Columbia,V2X2T3,cfia_food_licences,https://apps.inspection.canada.ca/webapps/foodlicenceregistry/en/,2026-03-25T23:20:19.577734+00:00,20260325_232013,8799cbc8d21855145610fe57878db8bb,2026-03-25 23:20:20,2026-03-25 23:20:20,1
10,ALIMENTATION SUNBEC INC./SUNBEC FOOD INC.,2279 A. des laurentides,Laval,Quebec,H7S1Z7,Canada,,,,3B4KB8H6,,"2279 Autoroute des Laurentides, Laval, Quebec, Canada, H7S1Z7",Quebec,H7S1Z7,cfia_food_licences,https://apps.inspection.canada.ca/webapps/foodlicenceregistry/en/,2026-03-25T23:20:19.577734+00:00,20260325_232013,313d4c1ef4f777c00e93f3f95f6ba746,2026-03-25 23:20:20,2026-03-25 23:20:20,1
11,Chicko Chicken LTD.,104-84 North Bend St,Coquitlam,British Columbia,V3K6H1,Canada,,,,3B4KWNJG,,,British Columbia,V3K6H1,cfia_food_licences,https://apps.inspection.canada.ca/webapps/foodlicenceregistry/en/,2026-03-25T23:20:19.577734+00:00,20260325_232013,fc9f08294a779a79ad68372ef2361858,2026-03-25 23:20:20,2026-03-25 23:20:20,1
12,Les Importations Via Firenze Inc.,7709 17E av,Montréal,Quebec,H2A2S4,Canada,,,,3B4M96R8,ALDO FOODS,,Quebec,H2A2S4,cfia_food_licences,https://apps.inspection.canada.ca/webapps/foodlicenceregistry/en/,2026-03-25T23:20:19.577734+00:00,20260325_232013,a88e5413a536b12db4c293da979c59ac,2026-03-25 23:20:20,2026-03-25 23:20:20,1
13,15444632 Canada Inc.,270 Spadina Rd E Suite 529,Kitchener,Ontario,N2M3X8,Canada,,,,3B4P93PV,,,Ontario,N2M3X8,cfia_food_licences,https://apps.inspection.canada.ca/webapps/foodlicenceregistry/en/,2026-03-25T23:20:19.577734+00:00,20260325_232013,50dab1df8d635a13cd6c0c732d029bc8,2026-03-25 23:20:20,2026-03-25 23:20:20,1
14,French Creek Seafood Ltd.,1097 Lee Rd,Parksville,British Columbia,V9P2E1,Canada,,,,3B4PV3NV,,"1097 Lee Rd, Parksville, British Columbia, Canada, V9P2E1",British Columbia,V9P2E1,cfia_food_licences,https://apps.inspection.canada.ca/webapps/foodlicenceregistry/en/,2026-03-25T23:20:19.577734+00:00,20260325_232013,a696946b64973f8126e8d554d9c6df67,2026-03-25 23:20:20,2026-03-25 23:20:20,1
15,Advocom Global Trading Inc.,24 Platt Street PO Box 116,Plattsville,Ontario,N0J1S0,Canada,,,,3B4Y83Y3,,,Ontario,N0J1S0,cfia_food_licences,https://apps.inspection.canada.ca/webapps/foodlicenceregistry/en/,2026-03-25T23:20:19.577734+00:00,20260325_232013,d732582df838bbe889b849633219a60f,2026-03-25 23:20:20,2026-03-25 23:20:20,1
16,Sonoma Creamery LLC,"21750 8th St E #1, Sonoma, California",United States,95476,,Canada,,,,3B67GWXN,,,95476,,cfia_food_licences,https://apps.inspection.canada.ca/webapps/foodlicenceregistry/en/,2026-03-25T23:20:19.577734+00:00,20260325_232013,552b5c1cc6674e1976e6de035841aa29,2026-03-25 23:20:20,2026-03-25 23:20:20,1
17,SEBGEO INTERNATIONAL INC.,2336 Verne Bowen St,Oshawa,Ontario,L1L0V6,Canada,,,,3B69BLF7,,,Ontario,L1L0V6,cfia_food_licences,https://apps.inspection.canada.ca/webapps/foodlicenceregistry/en/,2026-03-25T23:20:19.578737+00:00,20260325_232013,4b9e8996a0f36e517861892842d758d6,2026-03-25 23:20:20,2026-03-25 23:20:20,1
18,DBC Marine Safety Systems Ltd,1689 Cliveden Ave,Delta,British Columbia,V3M6V5,Canada,,,,3B69WFHW,,,British Columbia,V3M6V5,cfia_food_licences,https://apps.inspection.canada.ca/webapps/foodlicenceregistry/en/,2026-03-25T23:20:19.578737+00:00,20260325_232013,9e727fdcd8111a1f9b6ff434c3f7eb4f,2026-03-25 23:20:20,2026-03-25 23:20:20,1
19,1001294289 Ontario Incorporated,14-400 Finchdene Sq,Scarborough,Ontario,M1X1E2,Canada,,,,3B69WH8D,,,Ontario,M1X1E2,cfia_food_licences,https://apps.inspection.canada.ca/webapps/foodlicenceregistry/en/,2026-03-25T23:20:19.578737+00:00,20260325_232013,a88a3c5a9f19515ed87448f4c07c4870,2026-03-25 23:20:20,2026-03-25 23:20:20,1
20,North Hydration Ltd.,128-4925 Barlow Trail NE,Calgary,Alberta,T2E3J2,Canada,,,,3B6BW6R3,North Water,"128-4925 Barlow Trail NE, Calgary, Alberta, Canada, T2E3J2",Alberta,T2E3J2,cfia_food_licences,https://apps.inspection.canada.ca/webapps/foodlicenceregistry/en/,2026-03-25T23:20:19.578737+00:00,20260325_232013,98ca46713f2b9076cd9e6c821dfa9b90,2026-03-25 23:20:20,2026-03-25 23:20:20,1
21,Five Star Foods Inc.,1 Van Der Graaf Crt,Brampton,Ontario,L6T5E5,Canada,,,,3B6G476G,,"5655 Timberlea Blvd, Mississauga, Ontario, Canada, L4W2S4",Ontario,L6T5E5,cfia_food_licences,https://apps.inspection.canada.ca/webapps/foodlicenceregistry/en/,2026-03-25T23:20:19.578737+00:00,20260325_232013,51b3dbd0547e6c469330287a59d43f12,2026-03-25 23:20:20,2026-03-25 23:20:20,1
22,West Broadway Holdings Ltd.,2208-5113 Garden City Rd,Richmond,British Columbia,V6X4H5,Canada,,,,3B6HFHL7,,,British Columbia,V6X4H5,cfia_food_licences,https://apps.inspection.canada.ca/webapps/foodlicenceregistry/en/,2026-03-25T23:20:19.578737+00:00,20260325_232013,ad0ad893352a09bceb6f3a643b31e38a,2026-03-25 23:20:20,2026-03-25 23:20:20,1
23,Pure for Pets LLC,"4931 W 71st Pl, Westminster, Colorado",United States,80030,,Canada,,,,3B6LDY66,,,80030,,cfia_food_licences,https://apps.inspection.canada.ca/webapps/foodlicenceregistry/en/,2026-03-25T23:20:19.578737+00:00,20260325_232013,20d1e19259a7c255117f411b8068f50d,2026-03-25 23:20:20,2026-03-25 23:20:20,1
24,Dirty Laundry Vineyard Ltd.,"7311 Fiske St, Summerland, British Columbia",Canada,v0h1z2,,Canada,,,,3B76PYW3,,"7311 Fiske St, Summerland, British Columbia, Canada, V0H1z2",v0h1z2,,cfia_food_licences,https://apps.inspection.canada.ca/webapps/foodlicenceregistry/en/,2026-03-25T23:20:19.578737+00:00,20260325_232013,4e41fe047085cb0e681d6efbabed56d7,2026-03-25 23:20:20,2026-03-25 23:20:20,1
25,Oleh Zherebetskyi,6-35 Huron Heights Dr,Newmarket,Ontario,L3Y3J8,Canada,,,,3B79NMR4,,,Ontario,L3Y3J8,cfia_food_licences,https://apps.inspection.canada.ca/webapps/foodlicenceregistry/en/,2026-03-25T23:20:19.578737+00:00,20260325_232013,15a908432bdf498e4605544f67e3ec9e,2026-03-25 23:20:20,2026-03-25 23:20:20,1
26,Captain Little Seafood Ltd.,413 Central Port Mouton Rd,Port Mouton,Nova Scotia,B0T1T0,Canada,,,,3B7M3C47,,"413 Central Port Mouton Rd, Port Mouton, Nova Scotia, Canada, B0T1T0",Nova Scotia,B0T1T0,cfia_food_licences,https://apps.inspection.canada.ca/webapps/foodlicenceregistry/en/,2026-03-25T23:20:19.578737+00:00,20260325_232013,c26524b2309926a2e6529e99b69d3fdd,2026-03-25 23:20:20,2026-03-25 23:20:20,1
27,Vinaya Enterprise Inc.,911-123 10 Ave SW,Calgary,Alberta,T2R1K8,Canada,,,,3B7MMLWN,,,Alberta,T2R1K8,cfia_food_licences,https://apps.inspection.canada.ca/webapps/foodlicenceregistry/en/,2026-03-25T23:20:19.578737+00:00,20260325_232013,890f5689ad128ce2528af48aef12f937,2026-03-25 23:20:20,2026-03-25 23:20:20,1
28,Joseph Domenichiello,319 Hastings St W,Vancouver,British Columbia,V6B1H6,Canada,,,,3B7RVP3H,,,British Columbia,V6B1H6,cfia_food_licences,https://apps.inspection.canada.ca/webapps/foodlicenceregistry/en/,2026-03-25T23:20:19.578737+00:00,20260325_232013,8ad52df444944303dd676a3254e10b95,2026-03-25 23:20:20,2026-03-25 23:20:20,1
29,Birdal Electronics and Watchmaking Trade Ltd.,71 Woodgreen Dr,Woodbridge,Ontario,L4L3B2,Canada,,,,3B83PYMR,,,Ontario,L4L3B2,cfia_food_licences,https://apps.inspection.canada.ca/webapps/foodlicenceregistry/en/,2026-03-25T23:20:19.578737+00:00,20260325_232013,446c24d6f8394fd6ebd13ea08859fcf3,2026-03-25 23:20:20,2026-03-25 23:20:20,1
30,African Foodways Market Ltd.,1A-282 St Anne's Rd,Winnipeg,Manitoba,R2M3A7,Canada,,,,3B84YFL7,African Foodways Market Ltd.,,Manitoba,R2M3A7,cfia_food_licences,https://apps.inspection.canada.ca/webapps/foodlicenceregistry/en/,2026-03-25T23:20:19.578737+00:00,20260325_232013,97fca25f8d79f13eaf1fbe9e5084ea2f,2026-03-25 23:20:20,2026-03-25 23:20:20,1
31,AFRIFOODSCA INC.,201-2019 Simcoe St N,Oshawa,Ontario,L1G3Z2,Canada,,,,3B8B7N8R,,,Ontario,L1G3Z2,cfia_food_licences,https://apps.inspection.canada.ca/webapps/foodlicenceregistry/en/,2026-03-25T23:20:19.578737+00:00,20260325_232013,d984c1ac739dae64271fee7bc5b184c9,2026-03-25 23:20:20,2026-03-25 23:20:20,1
32,OLYMEL S.E.C./ OLYMEL L.P.,1620 Boul De Montarville,Boucherville,Quebec,J4B8P4,Canada,,,,3B8DKHJP,OLYMEL S.E.C./L.P.,"12500 boul Louis-Loranger, Trois-Rivières, Quebec, Canada, G9B0L9",Quebec,J4B8P4,cfia_food_licences,https://apps.inspection.canada.ca/webapps/foodlicenceregistry/en/,2026-03-25T23:20:19.578737+00:00,20260325_232013,4c0505b402bf9ad3f7f335570d049248,2026-03-25 23:20:20,2026-03-25 23:20:20,1
33,Focenco Limited,26 Caribou Rd PO Box 340 Stn Main,Corner Brook,Newfoundland and Labrador,A2H6E8,Canada,,,,3B8DXBCD,,,Newfoundland and Labrador,A2H6E8,cfia_food_licences,https://apps.inspection.canada.ca/webapps/foodlicenceregistry/en/,2026-03-25T23:20:19.578737+00:00,20260325_232013,708bacd46c20a8a826daf9ea94cf84cf,2026-03-25 23:20:20,2026-03-25 23:20:20,1
34,AMC Internationale Inc.,6758 28E Av,Montréal,Quebec,H1T3J4,Canada,,,,3B8HCNXX,,,Quebec,H1T3J4,cfia_food_licences,https://apps.inspection.canada.ca/webapps/foodlicenceregistry/en/,2026-03-25T23:20:19.578737+00:00,20260325_232013,3c84a893ba95f97f847d2f4aa2f60a78,2026-03-25 23:20:20,2026-03-25 23:20:20,1
35,Lemond Food Corp.,177 Crosby Ave,Richmond Hill,Ontario,L4C2R3,Canada,,,,3B8JKDYW,,,Ontario,L4C2R3,cfia_food_licences,https://apps.inspection.canada.ca/webapps/foodlicenceregistry/en/,2026-03-25T23:20:19.578737+00:00,20260325_232013,1766238e25a9103d4c86a5ad358b80fd,2026-03-25 23:20:20,2026-03-25 23:20:20,1
36,Apple Creek Golf Course Ltd.,4000-520 3 Ave SW,Calgary,Alberta,T2P0R3,Canada,,,,3B8LR87B,,,Alberta,T2P0R3,cfia_food_licences,https://apps.inspection.canada.ca/webapps/foodlicenceregistry/en/,2026-03-25T23:20:19.578737+00:00,20260325_232013,fdaabee74494532d49e7a11dc070956a,2026-03-25 23:20:20,2026-03-25 23:20:20,1
37,2291306 Ontario Inc.,F-120 Turnbull Crt,Cambridge,Ontario,N1T1H9,Canada,,,,3B8NHHBR,,,Ontario,N1T1H9,cfia_food_licences,https://apps.inspection.canada.ca/webapps/foodlicenceregistry/en/,2026-03-25T23:20:19.578737+00:00,20260325_232013,74da57cbf6e29465b7331ab70df07151,2026-03-25 23:20:20,2026-03-25 23:20:20,1
38,Ravin Enterprises Incorporated,2341 Leighton Rd,Nanaimo,British Columbia,V9R7C1,Canada,,,,3B8RDWHF,,,British Columbia,V9R7C1,cfia_food_licences,https://apps.inspection.canada.ca/webapps/foodlicenceregistry/en/,2026-03-25T23:20:19.578737+00:00,20260325_232013,a58f51a91975d9643cfa025c64ec4413,2026-03-25 23:20:20,2026-03-25 23:20:20,1
39,"Victor Dueck, Shirley Dueck",185 Ranch Road,Upper Kennetcook,Nova Scotia,B0N2L0,Canada,,,,3B94R9GT,Abram Dueck & Sons and Abram Dueck & Sons,"270 Lake Killarney Rd, Lake Killarney, Nova Scotia, Canada, B4H3Y2 221Ranch Road, Upper Kennetcook, Nova Scotia, Canada, B0N2L0",Nova Scotia,B0N2L0,cfia_food_licences,https://apps.inspection.canada.ca/webapps/foodlicenceregistry/en/,2026-03-25T23:20:19.578737+00:00,20260325_232013,2106868618310080fd310027053efb6b,2026-03-25 23:20:20,2026-03-25 23:20:20,1
40,Rx Modality Pharmaceuticals Ltd.,150-2450 161A St,Surrey,British Columbia,V3Z8K4,Canada,,,,3B973TDD,,,British Columbia,V3Z8K4,cfia_food_licences,https://apps.inspection.canada.ca/webapps/foodlicenceregistry/en/,2026-03-25T23:20:19.578737+00:00,20260325_232013,df8782e654f345794efad4dc10560fec,2026-03-25 23:20:20,2026-03-25 23:20:20,1
41,TRIMARK FOOD BRANDS INC.,102-204 St. George St,Toronto,Ontario,M5R2N5,Canada,,,,3B978CY7,Trimark Food Brands Inc.,,Ontario,M5R2N5,cfia_food_licences,https://apps.inspection.canada.ca/webapps/foodlicenceregistry/en/,2026-03-25T23:20:19.578737+00:00,20260325_232013,860e1005d4456801a35e80693f2927ce,2026-03-25 23:20:20,2026-03-25 23:20:20,1
42,9256-9672 Québec inc.,150 rang de la Rivière N,Saint-Lin-Laurentides,Quebec,J5M1Y6,Canada,,,,3B97BX9J,,"150 rang de la Rivière N, Saint-Lin-Laurentides, Quebec, Canada, J5M1Y6",Quebec,J5M1Y6,cfia_food_licences,https://apps.inspection.canada.ca/webapps/foodlicenceregistry/en/,2026-03-25T23:20:19.578737+00:00,20260325_232013,c07e0065a547ed35b69da201c311258e,2026-03-25 23:20:20,2026-03-25 23:20:20,1
43,STELLAR BAY SHELLFISH LTD.,7400 west island hwy,Bowser,British Columbia,V0R1G0,Canada,,,,3B99D98K,Stellar Bay Shellfish Ltd.,"7400 west island hwy, Bowser, British Columbia, Canada, V0R1G0",British Columbia,V0R1G0,cfia_food_licences,https://apps.inspection.canada.ca/webapps/foodlicenceregistry/en/,2026-03-25T23:20:19.578737+00:00,20260325_232013,dfc26fd6ecf9642b8229755e699f9152,2026-03-25 23:20:20,2026-03-25 23:20:20,1
44,KML Meat Processors Ltd.,6478 Kamloops Vernon Hwy,Westwold,British Columbia,V0E3B1,Canada,,,,3B9GW43H,KML Meat Processors Ltd.,"6478 Kamloops Vernon Hwy, Westwold, British Columbia, Canada, V0E3B1",British Columbia,V0E3B1,cfia_food_licences,https://apps.inspection.canada.ca/webapps/foodlicenceregistry/en/,2026-03-25T23:20:19.578737+00:00,20260325_232013,ef9b6fa9d64dafcd83d2304ad30bc26c,2026-03-25 23:20:20,2026-03-25 23:20:20,1
45,Agropur Cooperative Agropur Coopérative,995 rue Daniel-Johnson E,Saint-Hyacinthe,Quebec,J2S7V6,Canada,,,,3B9KF9NM,,"995 rue Daniel-Johnson E, Saint-Hyacinthe, Quebec, Canada, J2S7V6",Quebec,J2S7V6,cfia_food_licences,https://apps.inspection.canada.ca/webapps/foodlicenceregistry/en/,2026-03-25T23:20:19.578737+00:00,20260325_232013,73659efb1d5bce9c50f3d64146f3bb82,2026-03-25 23:20:20,2026-03-25 23:20:20,1
46,SANDY SHORE FARMS LIMITED,731 Lakeshore Rd,Port Burwell,Ontario,N0J1T0,Canada,,,,3B9L48B9,Sandy Shore Farms Limited,"731 Lakeshore Rd, Port Burwell, Ontario, Canada, N0J1T0",Ontario,N0J1T0,cfia_food_licences,https://apps.inspection.canada.ca/webapps/foodlicenceregistry/en/,2026-03-25T23:20:19.578737+00:00,20260325_232013,ada8dd404d08d7f8e00ba0e7a4f6d4b2,2026-03-25 23:20:20,2026-03-25 23:20:20,1
47,9470-6694 QUÉBEC INC.,2408 Rue Bourgoin,Saint-Laurent,Quebec,H4R1N2,Canada,,,,3B9LF9TH,,,Quebec,H4R1N2,cfia_food_licences,https://apps.inspection.canada.ca/webapps/foodlicenceregistry/en/,2026-03-25T23:20:19.578737+00:00,20260325_232013,a4d515cc99859158e7f8335a2e45f2cc,2026-03-25 23:20:20,2026-03-25 23:20:20,1
48,Spring Hollow Packaging,1024 JADE ROAD,MATHESON,Ontario,P0K1N0,Canada,,,,3B9VTLH8,Spring Hollow Packaging,"1024 JADE ROAD, MATHESON, Ontario, Canada, P0K1N0",Ontario,P0K1N0,cfia_food_licences,https://apps.inspection.canada.ca/webapps/foodlicenceregistry/en/,2026-03-25T23:20:19.578737+00:00,20260325_232013,2448adbde8f65cac6f1c6fd04857cd5e,2026-03-25 23:20:20,2026-03-25 23:20:20,1
49,2397566 Ontario Inc.,5988 Ambler Dr,Mississauga,Ontario,L4W2P2,Canada,,,,3BB4CDPW,COOL OCEAN IMPEX INC,,Ontario,L4W2P2,cfia_food_licences,https://apps.inspection.canada.ca/webapps/foodlicenceregistry/en/,2026-03-25T23:20:19.578737+00:00,20260325_232013,39f688a5d701dbf038a414862780a3ca,2026-03-25 23:20:20,2026-03-25 23:20:20,1
50,FRESHBURG CORP.,116 Lisgar Stree #613,Ottawa,Ontario,K2P0C2,Canada,,,,3BB6GTGX,,,Ontario,K2P0C2,cfia_food_licences,https://apps.inspection.canada.ca/webapps/foodlicenceregistry/en/,2026-03-25T23:20:19.578737+00:00,20260325_232013,249798357de72dbaa38aff3df7505d8b,2026-03-25 23:20:20,2026-03-25 23:20:20,1
51,CANADIAN BEAUTY SUPPLY INC.,3-9094 Leslie St,Richmond Hill,Ontario,L4B3L9,Canada,,,,3BBJKMGH,CBS,,Ontario,L4B3L9,cfia_food_licences,https://apps.inspection.canada.ca/webapps/foodlicenceregistry/en/,2026-03-25T23:20:19.578737+00:00,20260325_232013,c0271c91d121962c4bd2faae1a1852a4,2026-03-25 23:20:20,2026-03-25 23:20:20,1
52,Acecard Food Group Ltd.,2768 Rupert Street,Vancouver,British Columbia,V5M4H4,Canada,,,,3BBLBPWJ,Legends Haul,,British Columbia,V5M4H4,cfia_food_licences,https://apps.inspection.canada.ca/webapps/foodlicenceregistry/en/,2026-03-25T23:20:19.578737+00:00,20260325_232013,8a9eac26b579c7099da81c2e51bfa137,2026-03-25 23:20:20,2026-03-25 23:20:20,1
53,9436-6309 Quebec Inc.,614 boul Guimond,Longueuil,Quebec,J4G1P8,Canada,,,,3BBVCHDC,,"614 Boul Guimond, Longueuil, Quebec, Canada, J4G1P8",Quebec,J4G1P8,cfia_food_licences,https://apps.inspection.canada.ca/webapps/foodlicenceregistry/en/,2026-03-25T23:20:19.578737+00:00,20260325_232013,245d626938b33f522dadc07087b858c2,2026-03-25 23:20:20,2026-03-25 23:20:20,1
54,C & C Sandwiches & Pastry Inc.,686 Powell St,Vancouver,British Columbia,V6A1H4,Canada,,,,3BBYJRPM,,"686 Powell St, Vancouver, British Columbia, Canada, V6A1H4",British Columbia,V6A1H4,cfia_food_licences,https://apps.inspection.canada.ca/webapps/foodlicenceregistry/en/,2026-03-25T23:20:19.579736+00:00,20260325_232013,c559683b852be1d14ab0a557c3c2cbcd,2026-03-25 23:20:20,2026-03-25 23:20:20,1
55,FIJI Water of Canada Ltd.,100 King Street West,Toronto,Ontario,M5X1B8,Canada,,,,3BBYJWBC,,,Ontario,M5X1B8,cfia_food_licences,https://apps.inspection.canada.ca/webapps/foodlicenceregistry/en/,2026-03-25T23:20:19.579736+00:00,20260325_232013,e2a5b31f4cbfb522fa317779e209b33d,2026-03-25 23:20:20,2026-03-25 23:20:20,1
56,"Sysco Canada, Inc.",1570 Clarence Ave,Winnipeg,Manitoba,R3T1T6,Canada,,,,3BC44P9G,,,Manitoba,R3T1T6,cfia_food_licences,https://apps.inspection.canada.ca/webapps/foodlicenceregistry/en/,2026-03-25T23:20:19.579736+00:00,20260325_232013,b9378f321c9448df547e5bcbf769e47c,2026-03-25 23:20:20,2026-03-25 23:20:20,1
57,INTL ATLANTIC GLOBAL SERVICES INC.,165 RUE FRONTENAC,Saint-Jerome,Quebec,J7Y0H5,Canada,,,,3BC83XK9,,,Quebec,J7Y0H5,cfia_food_licences,https://apps.inspection.canada.ca/webapps/foodlicenceregistry/en/,2026-03-25T23:20:19.579736+00:00,20260325_232013,dac604fb1a00666cd2b30fd9326e14e2,2026-03-25 23:20:20,2026-03-25 23:20:20,1
58,LO-SONS FOODS INTERNATIONAL LTD.,5266 General Rd Unit#16,Mississauga,Ontario,L4W1Z8,Canada,,,,3BCKBPHP,,"5 Walker St, Sydney, Nova Scotia, Canada, B1P7G1 5266 General RdUnit#16, Mississauga, Ontario, Canada, L4W1Z8",Ontario,L4W1Z8,cfia_food_licences,https://apps.inspection.canada.ca/webapps/foodlicenceregistry/en/,2026-03-25T23:20:19.579736+00:00,20260325_232013,1e14a0b9cb0d1e18c2f8da394c273241,2026-03-25 23:20:20,2026-03-25 23:20:20,1
59,Richardson International Limited,2800-1 Lombard Pl,Winnipeg,Manitoba,R3B0X8,Canada,,,,3BCMPYR7,,,Manitoba,R3B0X8,cfia_food_licences,https://apps.inspection.canada.ca/webapps/foodlicenceregistry/en/,2026-03-25T23:20:19.579736+00:00,20260325_232013,fd9cdfdcd51ee80b368791ace16a20e8,2026-03-25 23:20:20,2026-03-25 23:20:20,1
60,MAXIM IMPEX INC.,2085 rue Fauteux,Laval,Quebec,H7T2R4,Canada,,,,3BCNC7MK,,,Quebec,H7T2R4,cfia_food_licences,https://apps.inspection.canada.ca/webapps/foodlicenceregistry/en/,2026-03-25T23:20:19.579736+00:00,20260325_232013,aeb6041397bbb6d8261c1d9b66c68211,2026-03-25 23:20:20,2026-03-25 23:20:20,1
61,16477411 Canada Inc.,76 baha crescent,Brampton,Ontario,L7A2J4,Canada,,,,3BCP8WCX,,,Ontario,L7A2J4,cfia_food_licences,https://apps.inspection.canada.ca/webapps/foodlicenceregistry/en/,2026-03-25T23:20:19.579736+00:00,20260325_232013,c1327e127c15b449223111291abb5632,2026-03-25 23:20:20,2026-03-25 23:20:20,1
62,1001308153 ONTARIO INC.,1288 Sunnybrae Cres Unit 1288,Oshawa,Ontario,L1H8E5,Canada,,,,3BCPBGY9,sweetunion stevia,,Ontario,L1H8E5,cfia_food_licences,https://apps.inspection.canada.ca/webapps/foodlicenceregistry/en/,2026-03-25T23:20:19.579736+00:00,20260325_232013,f5333f789d88534155b2c456de9c3b62,2026-03-25 23:20:20,2026-03-25 23:20:20,1
63,I Heart Boba Canada Inc.,3305 Trelawny Cir,Mississauga,Ontario,L5N5G9,Canada,,,,3BCRFBD7,,,Ontario,L5N5G9,cfia_food_licences,https://apps.inspection.canada.ca/webapps/foodlicenceregistry/en/,2026-03-25T23:20:19.579736+00:00,20260325_232013,fa0f60b20cae3b5ce38b2461ad554240,2026-03-25 23:20:20,2026-03-25 23:20:20,1
64,1834268 Alberta Ltd.,PO Box 5504 Stn Main,High River,Alberta,T1V1M6,Canada,,,,3BCVFFLR,Greidanus Honey Mill,"58065 530 Ave, High River, Alberta, Canada, T1V1M6",Alberta,T1V1M6,cfia_food_licences,https://apps.inspection.canada.ca/webapps/foodlicenceregistry/en/,2026-03-25T23:20:19.579736+00:00,20260325_232013,7bcd94347e6153ffb0f02ea7e42ff3ad,2026-03-25 23:20:20,2026-03-25 23:20:20,1
65,Z2 BEVERAGE LTD.,10309 102 Ave NW,Edmonton,Alberta,T5J0L1,Canada,,,,3BCW8FNK,,,Alberta,T5J0L1,cfia_food_licences,https://apps.inspection.canada.ca/webapps/foodlicenceregistry/en/,2026-03-25T23:20:19.579736+00:00,20260325_232013,55d42972e8207eb16605d13ea0345667,2026-03-25 23:20:20,2026-03-25 23:20:20,1
66,SWEET MAPLE CANDIES COMPANY LTD.,31 Penn Drive,Toronto,Ontario,M9L2A6,Canada,,,,3BCXNYKX,Sweet Maple Candies Company Ltd,"31 Penn Drive, Toronto, Ontario, Canada, M9L2A6",Ontario,M9L2A6,cfia_food_licences,https://apps.inspection.canada.ca/webapps/foodlicenceregistry/en/,2026-03-25T23:20:19.579736+00:00,20260325_232013,00063f3a2fae12524d99b99f579811b4,2026-03-25 23:20:20,2026-03-25 23:20:20,1
67,OCEANFOOD INDUSTRIES LIMITED,11520 Eburne Way,Richmond,British Columbia,V6V2G7,Canada,,,,3BCY73PY,OCEANFOOD INDUSTRIES LIMITED,"11520 Eburne Way, Richmond, British Columbia, Canada, V6V2G7",British Columbia,V6V2G7,cfia_food_licences,https://apps.inspection.canada.ca/webapps/foodlicenceregistry/en/,2026-03-25T23:20:19.579736+00:00,20260325_232013,4397b8defb503d1b035a15d1d4cb647d,2026-03-25 23:20:20,2026-03-25 23:20:20,1
68,Jodi Campbell,12535 188 St,Pitt Meadows,British Columbia,V3Y2G9,Canada,,,,3BD8GGTX,,"12535 188 Street, Pitt Meadows, British Columbia, Canada, V3Y2G9",British Columbia,V3Y2G9,cfia_food_licences,https://apps.inspection.canada.ca/webapps/foodlicenceregistry/en/,2026-03-25T23:20:19.579736+00:00,20260325_232013,42e98ad18e8beaf49f3e0f5a65f11011,2026-03-25 23:20:20,2026-03-25 23:20:20,1
69,ClearSolv Solvents Inc.,890 Clement Ave Unit 306,Kelowna,British Columbia,V1Y0H8,Canada,,,,3BD9BN63,,,British Columbia,V1Y0H8,cfia_food_licences,https://apps.inspection.canada.ca/webapps/foodlicenceregistry/en/,2026-03-25T23:20:19.579736+00:00,20260325_232013,da89b35c7d8a12295ef3f7100e42f390,2026-03-25 23:20:20,2026-03-25 23:20:20,1
70,Will's Food Inc.,1140 4 Ave SW,Salmon Arm,British Columbia,V1E1T1,Canada,,,,3BD9RRFK,,"1140 4 Ave SW, Salmon Arm, British Columbia, Canada, V1E1T1",British Columbia,V1E1T1,cfia_food_licences,https://apps.inspection.canada.ca/webapps/foodlicenceregistry/en/,2026-03-25T23:20:19.579736+00:00,20260325_232013,34fe0f148caab60d526b4997f56ab4f0,2026-03-25 23:20:20,2026-03-25 23:20:20,1
71,Versacold Logistics Services,316 Aviva Park Drive,Vaughan,Ontario,L4L9C7,Canada,,,,3BDCRLT9,"1026784 ONTARIO INC., VERSACOLD GROUP SERVICES ULC and VERSACOLD LOGISTICS CANADA INC.","1188 Derwent Way, Delta, British Columbia, Canada, V3M5R1",Ontario,L4L9C7,cfia_food_licences,https://apps.inspection.canada.ca/webapps/foodlicenceregistry/en/,2026-03-25T23:20:19.579736+00:00,20260325_232013,1d869c899ee98630badd71c3147fe26f,2026-03-25 23:20:20,2026-03-25 23:20:20,1
72,Lago Italian Bakery Inc.,12930 Yonge Street Unit Unit 1 P.O. Box 2914,Richmond Hill,Ontario,L4E1A8,Canada,,,,3BDGJCLF,,,Ontario,L4E1A8,cfia_food_licences,https://apps.inspection.canada.ca/webapps/foodlicenceregistry/en/,2026-03-25T23:20:19.579736+00:00,20260325_232013,95a39e1b6d78bd8e7545394c4aa646af,2026-03-25 23:20:20,2026-03-25 23:20:20,1
73,Les Aliments Lesters Limitée,2105 boul Industriel,Laval,Quebec,H7S1P7,Canada,,,,3BDKHRH4,,"2105 boul Industriel, Laval, Quebec, Canada, H7S1P7",Quebec,H7S1P7,cfia_food_licences,https://apps.inspection.canada.ca/webapps/foodlicenceregistry/en/,2026-03-25T23:20:19.579736+00:00,20260325_232013,748fb7514b4020fdc1d17262e5416ca8,2026-03-25 23:20:20,2026-03-25 23:20:20,1
74,Paul Collins Professional Corporation,199 Bay Street Suite 5300 Commerce Court West,Toronto,Ontario,M5L1B9,Canada,,,,3BDW7CMB,,,Ontario,M5L1B9,cfia_food_licences,https://apps.inspection.canada.ca/webapps/foodlicenceregistry/en/,2026-03-25T23:20:19.579736+00:00,20260325_232013,b0be5590be660986449c4cbc0afc2289,2026-03-25 23:20:20,2026-03-25 23:20:20,1
75,Pecherie Manicouagan inc,915 boul Laflèche,Baie-Comeau,Quebec,G5C1C7,Canada,,,,3BF94K3W,,,Quebec,G5C1C7,cfia_food_licences,https://apps.inspection.canada.ca/webapps/foodlicenceregistry/en/,2026-03-25T23:20:19.579736+00:00,20260325_232013,e7624dc7536a0de886cea31b576fa4a8,2026-03-25 23:20:20,2026-03-25 23:20:20,1
76,Bernice Trading Co. Ltd.,10 McNaughton Rd,Maple,Ontario,L6A5B6,Canada,,,,3BFJP7FL,,,Ontario,L6A5B6,cfia_food_licences,https://apps.inspection.canada.ca/webapps/foodlicenceregistry/en/,2026-03-25T23:20:19.579736+00:00,20260325_232013,1c48124a89e7ab705df95461b8519f59,2026-03-25 23:20:20,2026-03-25 23:20:20,1
77,"JUST NATURALS, NOURISH LIFE",353 Clarke St N,Woodstock,Ontario,N4S7N2,Canada,,,,3BFV3TXW,"JUST NATURALS, NOURISH LIFE","560 Dundas St, Woodstock, Ontario, Canada, N4S1C7",Ontario,N4S7N2,cfia_food_licences,https://apps.inspection.canada.ca/webapps/foodlicenceregistry/en/,2026-03-25T23:20:19.579736+00:00,20260325_232013,66e5d2b698b01be803da4f3da27542b6,2026-03-25 23:20:20,2026-03-25 23:20:20,1
78,Pacific Link Holdings Ltd.,12-4751 Shell Rd,Richmond,British Columbia,V6X3H4,Canada,,,,3BFW9LRC,,"12-4751 Shell Rd, Richmond, British Columbia, Canada, V6X3H4",British Columbia,V6X3H4,cfia_food_licences,https://apps.inspection.canada.ca/webapps/foodlicenceregistry/en/,2026-03-25T23:20:19.579736+00:00,20260325_232013,84759c681d70d8936ba55ea8bf792d57,2026-03-25 23:20:20,2026-03-25 23:20:20,1
79,Cedar Sweets Ltd.,10710 134 Ave NW,Edmonton,Alberta,T5E1J8,Canada,,,,3BFX3NBY,,,Alberta,T5E1J8,cfia_food_licences,https://apps.inspection.canada.ca/webapps/foodlicenceregistry/en/,2026-03-25T23:20:19.579736+00:00,20260325_232013,28e0407fa565f1814a083c301614512f,2026-03-25 23:20:20,2026-03-25 23:20:20,1
80,Sea Drift Fish Company Ltd.,248 Southside Dr,Nanaimo,British Columbia,V9R6Z5,Canada,,,,3BFXX9VL,,"248 Southside Dr, Nanaimo, British Columbia, Canada, V9R6Z5",British Columbia,V9R6Z5,cfia_food_licences,https://apps.inspection.canada.ca/webapps/foodlicenceregistry/en/,2026-03-25T23:20:19.579736+00:00,20260325_232013,473af324b0693b4b2b66a4bd7d95734c,2026-03-25 23:20:20,2026-03-25 23:20:20,1
81,9326-2285 Québec inc.,4783 boul Couture,Saint-Léonard,Quebec,H1R3H7,Canada,,,,3BFXXCW3,,"4783 boul Couture, Saint-Léonard, Quebec, Canada, H1R3H7",Quebec,H1R3H7,cfia_food_licences,https://apps.inspection.canada.ca/webapps/foodlicenceregistry/en/,2026-03-25T23:20:19.579736+00:00,20260325_232013,4c62b1d7a76f5ce3585f733138533cab,2026-03-25 23:20:20,2026-03-25 23:20:20,1
82,Echooo E-commerce Canada Ltd.,2911 Abbotwood Crt,Oakville,Ontario,L6J6V9,Canada,,,,3BFYVY9F,,,Ontario,L6J6V9,cfia_food_licences,https://apps.inspection.canada.ca/webapps/foodlicenceregistry/en/,2026-03-25T23:20:19.579736+00:00,20260325_232013,811f1590694160199d2402df0893285e,2026-03-25 23:20:20,2026-03-25 23:20:20,1
83,1941281 Alberta LTD.,23 Citadel Crest Green NW,Calgary,Alberta,T3G4W2,Canada,,,,3BG7PRC7,Grapes to Glass,,Alberta,T3G4W2,cfia_food_licences,https://apps.inspection.canada.ca/webapps/foodlicenceregistry/en/,2026-03-25T23:20:19.579736+00:00,20260325_232013,0361db4d9b9967b162cb84476ce11e5d,2026-03-25 23:20:20,2026-03-25 23:20:20,1
84,Kraft Heinz Canada ULC,700-207 Queens Quay W,Toronto,Ontario,M5J1A7,Canada,,,,3BG84PG6,Kraft Foods Group Exports LLC and Kraft Heinz Canada ULC,"8600 ch Devonshire, Mont-Royal, Quebec, Canada, H4P2K9 8600 ch Devonshire, Mont-Royal, Quebec, Canada, H4P2K9",Ontario,M5J1A7,cfia_food_licences,https://apps.inspection.canada.ca/webapps/foodlicenceregistry/en/,2026-03-25T23:20:19.579736+00:00,20260325_232013,6164013a366dde1d8dc33806e0cf2e4b,2026-03-25 23:20:20,2026-03-25 23:20:20,1
85,TIARA SHOP,18 roser cres 18 roser cres,Bowmanville,Ontario,L1C3N6,Canada,,,,3BGCP3TF,,"18 roser cres18 roser cres, Bowmanville, Ontario, Canada, L1C3N6",Ontario,L1C3N6,cfia_food_licences,https://apps.inspection.canada.ca/webapps/foodlicenceregistry/en/,2026-03-25T23:20:19.579736+00:00,20260325_232013,3f59cef005a84d9a081ea844e806c85c,2026-03-25 23:20:20,2026-03-25 23:20:20,1
86,Kalwood Farms Ltd.,16012 Oyama Rd,Oyama,British Columbia,V4V2E4,Canada,,,,3BGRWRH7,,"991 Salmon River Rd, Salmon Arm, British Columbia, Canada, V1E3G3",British Columbia,V4V2E4,cfia_food_licences,https://apps.inspection.canada.ca/webapps/foodlicenceregistry/en/,2026-03-25T23:20:19.580739+00:00,20260325_232013,0a2ddca2ab2c3a1a5400fcdb75478534,2026-03-25 23:20:20,2026-03-25 23:20:20,1
87,Burgess Enterprises (Sault) Ltd,21 Killarney Rd,Sault Ste. Marie,Ontario,P6B4N7,Canada,,,,3BGTBTFL,,,Ontario,P6B4N7,cfia_food_licences,https://apps.inspection.canada.ca/webapps/foodlicenceregistry/en/,2026-03-25T23:20:19.580739+00:00,20260325_232013,73abd548202a7d202fad3cd599496574,2026-03-25 23:20:20,2026-03-25 23:20:20,1
88,Kingsway Wise Diet Consultant Ltd.,5 McCaul St,Markham,Ontario,L6C2E5,Canada,,,,3BGY9RPD,,,Ontario,L6C2E5,cfia_food_licences,https://apps.inspection.canada.ca/webapps/foodlicenceregistry/en/,2026-03-25T23:20:19.580739+00:00,20260325_232013,06c7a63f0e7d07909346a476cb78ef90,2026-03-25 23:20:20,2026-03-25 23:20:20,1
89,Julie Pedersen,128 av Westminster N,Montréal-Ouest,Quebec,H4X1Z4,Canada,,,,3BH6KCMT,,,Quebec,H4X1Z4,cfia_food_licences,https://apps.inspection.canada.ca/webapps/foodlicenceregistry/en/,2026-03-25T23:20:19.580739+00:00,20260325_232013,aff18601cdf87acffd80f534e91d0eb3,2026-03-25 23:20:20,2026-03-25 23:20:20,1
90,Aliments N&S Inc./N&S Food Inc.,100-131 av Labrosse,Pointe-Claire,Quebec,H9R1A3,Canada,,,,3BHHDGMK,,,Quebec,H9R1A3,cfia_food_licences,https://apps.inspection.canada.ca/webapps/foodlicenceregistry/en/,2026-03-25T23:20:19.580739+00:00,20260325_232013,c233d94a33c28876a72edd23c44407db,2026-03-25 23:20:20,2026-03-25 23:20:20,1
91,KPGODIS LLC,"981 Beaver Creek Rd, Sheridan, Wyoming",United States,82801,,Canada,,,,3BHHR7DJ,,,82801,,cfia_food_licences,https://apps.inspection.canada.ca/webapps/foodlicenceregistry/en/,2026-03-25T23:20:19.580739+00:00,20260325_232013,cba88c739abdb6074ecd6f13639f533c,2026-03-25 23:20:20,2026-03-25 23:20:20,1
92,SHAKA ENTERPRISE LTD.,G1 - 888 NELSON STREET,VANCOUVER,British Columbia,V6Z2H1,Canada,,,,3BHK79Y9,,,British Columbia,V6Z2H1,cfia_food_licences,https://apps.inspection.canada.ca/webapps/foodlicenceregistry/en/,2026-03-25T23:20:19.580739+00:00,20260325_232013,c69cd887d2d2f117a9c6066c293678c3,2026-03-25 23:20:20,2026-03-25 23:20:20,1
93,Congébec Inc.,810 av Godin,Québec,Quebec,G1M2X9,Canada,,,,3BHKBCXR,,"225 Rexdale Blvd, Etobicoke, Ontario, Canada, M9W1P7",Quebec,G1M2X9,cfia_food_licences,https://apps.inspection.canada.ca/webapps/foodlicenceregistry/en/,2026-03-25T23:20:19.580739+00:00,20260325_232013,c2ff9f1f20960345081bff5150dacf04,2026-03-25 23:20:20,2026-03-25 23:20:20,1
94,Refresco Canada Inc.,4810 76 Ave SE,Calgary,Alberta,T2C2V2,Canada,,,,3BHXYJNF,Refresco Canada Inc - Surrey,"6525 Viscount Rd, Mississauga, Ontario, Canada, L4V1H6",Alberta,T2C2V2,cfia_food_licences,https://apps.inspection.canada.ca/webapps/foodlicenceregistry/en/,2026-03-25T23:20:19.580739+00:00,20260325_232013,1660c840df56357abbb9e69302d5e66f,2026-03-25 23:20:20,2026-03-25 23:20:20,1
95,Dobore Corporation,31 Loire Valley Ave,Thornhill,Ontario,L4J8T3,Canada,,,,3BHY433T,Dobore,,Ontario,L4J8T3,cfia_food_licences,https://apps.inspection.canada.ca/webapps/foodlicenceregistry/en/,2026-03-25T23:20:19.580739+00:00,20260325_232013,be1ff2dca70724e74c5f735ee580569f,2026-03-25 23:20:20,2026-03-25 23:20:20,1
96,West Grey Premium Beef Inc,Hwy 6 312706 RR 3,Durham,Ontario,N0G1R0,Canada,,,,3BJ37H74,,"312706 Hwy 6, Durham, Ontario, Canada, N0G1R0",Ontario,N0G1R0,cfia_food_licences,https://apps.inspection.canada.ca/webapps/foodlicenceregistry/en/,2026-03-25T23:20:19.580739+00:00,20260325_232013,531f6c9ff16a01aa45a6d726670bfa3d,2026-03-25 23:20:20,2026-03-25 23:20:20,1
97,C & H Enterprises Inc.,608 Queen St,Fredericton,New Brunswick,E3B1C2,Canada,,,,3BJ8LKMW,,,New Brunswick,E3B1C2,cfia_food_licences,https://apps.inspection.canada.ca/webapps/foodlicenceregistry/en/,2026-03-25T23:20:19.580739+00:00,20260325_232013,4c8c4c7352fde63a79ec2dcf1586d69e,2026-03-25 23:20:20,2026-03-25 23:20:20,1
98,Les Aliments Levitts (Canada) Inc.,7070 rue Saint-Patrick,Lasalle,Quebec,H8N1V2,Canada,,,,3BJ9VNWC,Levitts048 PR-05060,"7070 rue Saint-Patrick, Lasalle, Quebec, Canada, H8N1V2",Quebec,H8N1V2,cfia_food_licences,https://apps.inspection.canada.ca/webapps/foodlicenceregistry/en/,2026-03-25T23:20:19.580739+00:00,20260325_232013,e41b2bd04285534151387eb8362c6042,2026-03-25 23:20:20,2026-03-25 23:20:20,1
99,Lexunder Inc,"2769 W 15th St, Brooklyn, New York",United States,11224,,Canada,,,,3BJFYHWK,,,11224,,cfia_food_licences,https://apps.inspection.canada.ca/webapps/foodlicenceregistry/en/,2026-03-25T23:20:19.580739+00:00,20260325_232013,77bf3c273f8c121a87dbeb2b5380036e,2026-03-25 23:20:20,2026-03-25 23:20:20,1
100,9445-3347 Québec Inc.,1444 Rue Saint-Mathieu,Montréal,Quebec,H3H2H9,Canada,,,,3BJKDN8W,,,Quebec,H3H2H9,cfia_food_licences,https://apps.inspection.canada.ca/webapps/foodlicenceregistry/en/,2026-03-25T23:20:19.580739+00:00,20260325_232013,a16cae0d609d5d5b4cbf15099419bb38,2026-03-25 23:20:20,2026-03-25 23:20:20,1
