id,company_name,address,city,state,zip_code,country,phone,email,website,member_type,net_zero_qualified,renomark,province,local_hba,member_url,dataset,source_url,crawl_date,crawl_session,dedup_hash,first_seen,last_seen,is_new
1,Akash Homes,9811 34th Ave NW #302,Edmonton,MB,,Canada,(780) 461-5110,,,Builder,False,False,MB,,https://hub.chba.ca/member-directory/Details/akash-homes-4130683,chba_home_builders,https://hub.chba.ca/member-directory,2026-03-26T09:31:32.174553+00:00,20260326_092850,ad3c0930d983789dd86e5404a380faed,2026-03-26 09:31:32,2026-03-26 09:31:32,1
2,Alair Homes,10338 Wildrose Drive,Rosedale,BC,,Canada,,,,Builder,False,False,BC,,https://hub.chba.ca/member-directory/Details/alair-homes-3272536,chba_home_builders,https://hub.chba.ca/member-directory,2026-03-26T09:31:32.174553+00:00,20260326_092850,9434803df5b488b0c4efd12784cf2767,2026-03-26 09:31:32,2026-03-26 09:31:32,1
3,ACE Integrated Systems Ltd.,2323 Boundary Rd #118,Vancouver,BC,,Canada,(604) 565-1110,,,Trade Contractor,False,False,BC,,https://hub.chba.ca/member-directory/Details/ace-integrated-systems-ltd-3562764,chba_home_builders,https://hub.chba.ca/member-directory,2026-03-26T09:31:32.174553+00:00,20260326_092850,d7e1364d21904d42a4ad1abfe6c6ed44,2026-03-26 09:31:32,2026-03-26 09:31:32,1
4,ASSA ABLOY (Americas Residential),101 - 255 Longside Drive,Mississauga,ON,,Canada,(778) 584-1802,,,,False,False,ON,,https://hub.chba.ca/member-directory/Details/assa-abloy-americas-residential-3856946,chba_home_builders,https://hub.chba.ca/member-directory,2026-03-26T09:31:32.174553+00:00,20260326_092850,2d302fcfcbad6a86d6bcaa2e99670d9e,2026-03-26 09:31:32,2026-03-26 09:31:32,1
5,Arix Developments,3563 West 47 Avenue,Vancouver,BC,,Canada,(778) 887-6026,,,Builder,False,False,BC,,https://hub.chba.ca/member-directory/Details/arix-developments-4000951,chba_home_builders,https://hub.chba.ca/member-directory,2026-03-26T09:31:32.174553+00:00,20260326_092850,ac0bc40f3669f2916e09aa1cacdf7019,2026-03-26 09:31:32,2026-03-26 09:31:32,1
6,Am-Pri Construction Ltd.,9751 No. 6 Road,Richmond,BC,,Canada,(604) 277-8453,,,Builder,False,False,BC,,https://hub.chba.ca/member-directory/Details/am-pri-construction-ltd-3562590,chba_home_builders,https://hub.chba.ca/member-directory,2026-03-26T09:31:32.174553+00:00,20260326_092850,49fbf301ee1c4a8ce24e9c2ed93cbeb4,2026-03-26 09:31:32,2026-03-26 09:31:32,1
7,Airfoam Industries Ltd.,19402 56 Avenue,Surrey,BC,,Canada,,,,Supplier,False,False,BC,,https://hub.chba.ca/member-directory/Details/airfoam-industries-ltd-3272359,chba_home_builders,https://hub.chba.ca/member-directory,2026-03-26T09:31:32.174553+00:00,20260326_092850,b7396fb0dc8dd2b7dae9e6c10dd8df73,2026-03-26 09:31:32,2026-03-26 09:31:32,1
8,Amber Peak Developments,459 Princess St.,Kingston,ON,,Canada,(780) 263-6494,,,Builder,False,False,ON,,https://hub.chba.ca/member-directory/Details/amber-peak-developments-3968669,chba_home_builders,https://hub.chba.ca/member-directory,2026-03-26T09:31:32.174553+00:00,20260326_092850,af17413e70c172b1fdf423dd242f7cf5,2026-03-26 09:31:32,2026-03-26 09:31:32,1
9,Avestex Group,430 West 14 Street,North Vancouver,BC,,Canada,(604) 283-7839,,,Builder,False,False,BC,,https://hub.chba.ca/member-directory/Details/avestex-group-3273526,chba_home_builders,https://hub.chba.ca/member-directory,2026-03-26T09:31:32.174553+00:00,20260326_092850,9c0114f9b3afb448800b826b0d20732e,2026-03-26 09:31:32,2026-03-26 09:31:32,1
10,Angèle's Drafting & Design,10960 250 Road,Pineview,BC,,Canada,(250) 261-9787,,,,False,False,BC,,https://hub.chba.ca/member-directory/Details/ang-le-s-drafting-design-3272611,chba_home_builders,https://hub.chba.ca/member-directory,2026-03-26T09:31:32.174553+00:00,20260326_092850,4a18dd91e258a3805ed4f042dcc0c073,2026-03-26 09:31:32,2026-03-26 09:31:32,1
11,Automatic Switching Inc.,391 Edgeley Boulevard,Unit 12,ON,,Canada,(905) 669-6310,,,Trade Contractor,False,False,ON,,https://hub.chba.ca/member-directory/Details/automatic-switching-inc-2945708,chba_home_builders,https://hub.chba.ca/member-directory,2026-03-26T09:31:32.174553+00:00,20260326_092850,72281f09e5d0d465eb17e613e5a8d896,2026-03-26 09:31:32,2026-03-26 09:31:32,1
12,Acera Insurance,100-1500 Hardy Street,Kelowna,BC,,Canada,(250) 860-2426,,,,False,False,BC,,https://hub.chba.ca/member-directory/Details/acera-insurance-3272386,chba_home_builders,https://hub.chba.ca/member-directory,2026-03-26T09:31:32.174553+00:00,20260326_092850,3d70c77efe5f4508cf054bbce3f68417,2026-03-26 09:31:32,2026-03-26 09:31:32,1
13,Alterra Building Solutions,35 Oberon Street,St. John's,NL,,Canada,,,,Renovator,False,False,NL,,https://hub.chba.ca/member-directory/Details/alterra-building-solutions-3561454,chba_home_builders,https://hub.chba.ca/member-directory,2026-03-26T09:31:32.174553+00:00,20260326_092850,c5825027fc776895f158fc8b14bbfbc3,2026-03-26 09:31:32,2026-03-26 09:31:32,1
14,Artistic Stairs Ltd.,3504 80 Avenue SE,Calgary,AB,,Canada,(403) 279-5898,,,Trade Contractor,False,False,AB,,https://hub.chba.ca/member-directory/Details/artistic-stairs-ltd-2945759,chba_home_builders,https://hub.chba.ca/member-directory,2026-03-26T09:31:32.174553+00:00,20260326_092850,221376c4ccde967b9b055f2148dd565d,2026-03-26 09:31:32,2026-03-26 09:31:32,1
15,Able Concrete Ltd.,"PO Box 18 Grp 524 RR5, 986 Redonda Street",Winnipeg,MB,,Canada,(204) 223-5800,,,Supplier,False,False,MB,,https://hub.chba.ca/member-directory/Details/able-concrete-ltd-3197372,chba_home_builders,https://hub.chba.ca/member-directory,2026-03-26T09:31:32.174553+00:00,20260326_092850,dad3af9477cbc91a2ea82dd38d8e467b,2026-03-26 09:31:32,2026-03-26 09:31:32,1
16,Aspen Homes Ltd.,,Box 544,SK,,Canada,(306) 789-0088,,,Builder,False,False,SK,,https://hub.chba.ca/member-directory/Details/aspen-homes-ltd-3561442,chba_home_builders,https://hub.chba.ca/member-directory,2026-03-26T09:31:32.174553+00:00,20260326_092850,fdf454442688fb9c98bdc4deb1d9c683,2026-03-26 09:31:32,2026-03-26 09:31:32,1
17,A & G Construction Ltd.,253231 Range Road 282,Rocky View County,AB,,Canada,(403) 605-2074,,,Trade Contractor,False,False,AB,,https://hub.chba.ca/member-directory/Details/a-g-construction-ltd-2945994,chba_home_builders,https://hub.chba.ca/member-directory,2026-03-26T09:31:32.174553+00:00,20260326_092850,77f4da8922683932ed119de4d654d004,2026-03-26 09:31:32,2026-03-26 09:31:32,1
18,Andre's T.V. Sales & Service Ltd.,2153 Springfield Road,Kelowna,BC,,Canada,(250) 861-4101,,,Supplier,False,False,BC,,https://hub.chba.ca/member-directory/Details/andre-s-t-v-sales-service-ltd-3272725,chba_home_builders,https://hub.chba.ca/member-directory,2026-03-26T09:31:32.174553+00:00,20260326_092850,e73f3ab7ed1ee2ce65ae1165973d18ba,2026-03-26 09:31:32,2026-03-26 09:31:32,1
19,Alliance Renovations Ltd.,5149 Country Hills Boulevard NW,Box 424 234,AB,,Canada,(403) 228-2000,,,Renovator,False,True,AB,,https://hub.chba.ca/member-directory/Details/alliance-renovations-ltd-3561459,chba_home_builders,https://hub.chba.ca/member-directory,2026-03-26T09:31:32.175553+00:00,20260326_092850,97e62a27c8bf85986a3a0584c77a2825,2026-03-26 09:31:32,2026-03-26 09:31:32,1
20,AAA Doors Ltd.,135-6424 36 Street NE,Calgary,AB,,Canada,(403) 291-6711,,,Trade Contractor,False,False,AB,,https://hub.chba.ca/member-directory/Details/aaa-doors-ltd-2945975,chba_home_builders,https://hub.chba.ca/member-directory,2026-03-26T09:31:32.175553+00:00,20260326_092850,1d4c9f57dc23aeba17d5cedbf3c9bbda,2026-03-26 09:31:32,2026-03-26 09:31:32,1
21,Air-Direct Inc.,,Calgary,AB,,Canada,,,,Supplier,False,False,AB,,https://hub.chba.ca/member-directory/Details/air-direct-inc-4150585,chba_home_builders,https://hub.chba.ca/member-directory,2026-03-26T09:31:32.175553+00:00,20260326_092850,c3679e99169659a40c976fc4669c9755,2026-03-26 09:31:32,2026-03-26 09:31:32,1
22,Aardvark Builders,2127 St. George Avenue,Saskatoon,SK,,Canada,(306) 202-8480,,,,False,False,SK,,https://hub.chba.ca/member-directory/Details/aardvark-builders-3404870,chba_home_builders,https://hub.chba.ca/member-directory,2026-03-26T09:31:32.175553+00:00,20260326_092850,eba6adde4c3a13ef197efd6e16427791,2026-03-26 09:31:32,2026-03-26 09:31:32,1
23,ATI Construction Ltd.,"#107, 6180 Cooney Road",Richmond,BC,,Canada,(604) 207-0399,,,Builder,False,False,BC,,https://hub.chba.ca/member-directory/Details/ati-construction-ltd-3563677,chba_home_builders,https://hub.chba.ca/member-directory,2026-03-26T09:31:32.175553+00:00,20260326_092850,f02e2e85faa022ed871c013a367cf37c,2026-03-26 09:31:32,2026-03-26 09:31:32,1
24,Alyza Enterprises Inc.,"#1480, 885 West Georgia Street",Vancouver,BC,,Canada,(604) 630-1011,,,Builder,False,True,BC,,https://hub.chba.ca/member-directory/Details/alyza-enterprises-inc-3562725,chba_home_builders,https://hub.chba.ca/member-directory,2026-03-26T09:31:32.175553+00:00,20260326_092850,033355d4c81b93354477fb1809f067bb,2026-03-26 09:31:32,2026-03-26 09:31:32,1
25,ADEX - Architectural Coatings,"6900 - 54 Street SE, Suite 126",Calgary,AB,,Canada,(604) 202-8958,,,,False,False,AB,,https://hub.chba.ca/member-directory/Details/adex-architectural-coatings-3563510,chba_home_builders,https://hub.chba.ca/member-directory,2026-03-26T09:31:32.175553+00:00,20260326_092850,22d3f6c582cf5f44f29a1aeece7e0160,2026-03-26 09:31:32,2026-03-26 09:31:32,1
26,Ashtech Granite Ltd.,201 – 927 Brunette Avenue,Coquitlam,BC,,Canada,(604) 517-8051,,,,False,False,BC,,https://hub.chba.ca/member-directory/Details/ashtech-granite-ltd-3562774,chba_home_builders,https://hub.chba.ca/member-directory,2026-03-26T09:31:32.175553+00:00,20260326_092850,9cb39dfd79409f6a503c0c216c3987a3,2026-03-26 09:31:32,2026-03-26 09:31:32,1
27,Access Communications,2250 Park St.,Regina,SK,,Canada,(306) 569-2225,,,,False,False,SK,,https://hub.chba.ca/member-directory/Details/access-communications-2945956,chba_home_builders,https://hub.chba.ca/member-directory,2026-03-26T09:31:32.176554+00:00,20260326_092850,535df5a2dac9edf725637c116c559d3d,2026-03-26 09:31:32,2026-03-26 09:31:32,1
28,ARK Electrical,389 Paris Road,BRANTFORD,ON,,Canada,(519) 805-3200,,,Trade Contractor,False,False,ON,,https://hub.chba.ca/member-directory/Details/ark-electrical-4246907,chba_home_builders,https://hub.chba.ca/member-directory,2026-03-26T09:31:32.176554+00:00,20260326_092850,5698b4357e238cec7d280d22854ddfa6,2026-03-26 09:31:32,2026-03-26 09:31:32,1
29,Alair Homes - Toronto (Aurora),,360 Industrial Parkway S Unit 7,ON,,Canada,(416) 526-7710,,,Renovator,False,True,ON,,https://hub.chba.ca/member-directory/Details/alair-homes-toronto-aurora-3941844,chba_home_builders,https://hub.chba.ca/member-directory,2026-03-26T09:31:32.176554+00:00,20260326_092850,da66bf77fdc7049da69df86b9a0a94f6,2026-03-26 09:31:32,2026-03-26 09:31:32,1
30,Align West Homes,,PO Box 21139 Orchard Park,BC,,Canada,(250) 826-2821,,,Builder,False,True,BC,,https://hub.chba.ca/member-directory/Details/align-west-homes-3562497,chba_home_builders,https://hub.chba.ca/member-directory,2026-03-26T09:31:32.176554+00:00,20260326_092850,89dabed8f72965a923a29076981a7e6b,2026-03-26 09:31:32,2026-03-26 09:31:32,1
31,Averton Homes (Alberta) Inc.,"#204, 10420 - 122 Street",Edmonton,AB,,Canada,(780) 481-3700,,,Builder,False,False,AB,,https://hub.chba.ca/member-directory/Details/averton-homes-alberta-inc-2945700,chba_home_builders,https://hub.chba.ca/member-directory,2026-03-26T09:31:32.176554+00:00,20260326_092850,0252e2326417a374c69a6fd305d1071b,2026-03-26 09:31:32,2026-03-26 09:31:32,1
32,Al-Terra Group Ltd.,Suite 120 - 6807 Railway Street SE,Calgary,AB,,Canada,(403) 640-0900,,,,False,False,AB,,https://hub.chba.ca/member-directory/Details/al-terra-group-ltd-2947923,chba_home_builders,https://hub.chba.ca/member-directory,2026-03-26T09:31:32.176554+00:00,20260326_092850,1132da4a86071813dfc4c7dd4b1a9817,2026-03-26 09:31:32,2026-03-26 09:31:32,1
33,A.R.T. Construction,3315 Wells Ave,Saskatoon,SK,,Canada,,,,Builder,False,False,SK,,https://hub.chba.ca/member-directory/Details/a-r-t-construction-3323693,chba_home_builders,https://hub.chba.ca/member-directory,2026-03-26T09:31:32.176554+00:00,20260326_092850,303356296e8c4e5991fb44ca297de8eb,2026-03-26 09:31:32,2026-03-26 09:31:32,1
34,Anthem Properties Group Ltd.,1055 Dunsmuir Street,"Suite 1100, Bentall IV, Box 49200",BC,,Canada,(604) 689-3040,,,Builder,False,False,BC,,https://hub.chba.ca/member-directory/Details/anthem-properties-group-ltd-3562739,chba_home_builders,https://hub.chba.ca/member-directory,2026-03-26T09:31:32.176554+00:00,20260326_092850,1a65d63808f8695803f7e138672d158c,2026-03-26 09:31:32,2026-03-26 09:31:32,1
35,Autograph Group,10178 106 Street NW,Edmonton,AB,,Canada,(780) 784-5909,,,Developer,False,False,AB,,https://hub.chba.ca/member-directory/Details/autograph-group-2946746,chba_home_builders,https://hub.chba.ca/member-directory,2026-03-26T09:31:32.176554+00:00,20260326_092850,433f09b55e99fca686cb01a2a4c7440e,2026-03-26 09:31:32,2026-03-26 09:31:32,1
36,A.W. Kennedy Construction Inc. dba Kennedy Construction Inc.,,201 - 350 Esplanade East,BC,,Canada,(604) 986-3244,,,Builder,False,True,BC,,https://hub.chba.ca/member-directory/Details/a-w-kennedy-construction-inc-dba-kennedy-construction-inc-3562699,chba_home_builders,https://hub.chba.ca/member-directory,2026-03-26T09:31:32.176554+00:00,20260326_092850,288b53ff1796134033ed085409433bbc,2026-03-26 09:31:32,2026-03-26 09:31:32,1
37,ADS,,100 Gerald Parkway,ON,,Canada,(519) 465-9958,,,Supplier,False,False,ON,,https://hub.chba.ca/member-directory/Details/ads-4706390,chba_home_builders,https://hub.chba.ca/member-directory,2026-03-26T09:31:32.176554+00:00,20260326_092850,6292131a524517df4b3834bf1529e0cf,2026-03-26 09:31:32,2026-03-26 09:31:32,1
38,ACE Plumbing & Heating,2075 Pier Mac Way,Kelowna,BC,,Canada,(250) 861-6696,,,Trade Contractor,False,False,BC,,https://hub.chba.ca/member-directory/Details/ace-plumbing-heating-3272332,chba_home_builders,https://hub.chba.ca/member-directory,2026-03-26T09:31:32.176554+00:00,20260326_092850,feb49c602075eaa16bde83a85f76b9f0,2026-03-26 09:31:32,2026-03-26 09:31:32,1
39,A & B Bulat Homes Limited,"11 Gifford Street, Suite 202",Nepean,ON,,Canada,(613) 723-1008,,,Builder,False,False,ON,,https://hub.chba.ca/member-directory/Details/a-b-bulat-homes-limited-3562215,chba_home_builders,https://hub.chba.ca/member-directory,2026-03-26T09:31:32.176554+00:00,20260326_092850,1ce59554f610fe63460b6b820f4028c2,2026-03-26 09:31:32,2026-03-26 09:31:32,1
40,Auburn Homes Inc.,"700 Richmond St, Unit410",London,ON,,Canada,(519) 434-1808,,,Developer,False,False,ON,,https://hub.chba.ca/member-directory/Details/auburn-homes-inc-3274265,chba_home_builders,https://hub.chba.ca/member-directory,2026-03-26T09:31:32.176554+00:00,20260326_092850,6a5c3453b8fbbeabed4e47dff2595856,2026-03-26 09:31:32,2026-03-26 09:31:32,1
41,ADHOC STUDIO,23 Lesmill Road,Suite 412,ON,,Canada,,,,,False,False,ON,,https://hub.chba.ca/member-directory/Details/adhoc-studio-2945940,chba_home_builders,https://hub.chba.ca/member-directory,2026-03-26T09:31:32.176554+00:00,20260326_092850,92d3feeb256faa86fcb3576c180571fc,2026-03-26 09:31:32,2026-03-26 09:31:32,1
42,Avanti CPA,261A Victoria Street,Kamloops,BC,,Canada,(250) 372-7655,,,,False,False,BC,,https://hub.chba.ca/member-directory/Details/avanti-cpa-3271883,chba_home_builders,https://hub.chba.ca/member-directory,2026-03-26T09:31:32.176554+00:00,20260326_092850,a46f17aed59574b2b20aea381da93383,2026-03-26 09:31:32,2026-03-26 09:31:32,1
43,Alberta Roof Experts Ltd.,,37247 RR 264,AB,,Canada,(403) 872-7033,,,,False,False,AB,,https://hub.chba.ca/member-directory/Details/alberta-roof-experts-ltd-4144241,chba_home_builders,https://hub.chba.ca/member-directory,2026-03-26T09:31:32.176554+00:00,20260326_092850,4ac748ab29cc21a3d2bd4e53e9c643e2,2026-03-26 09:31:32,2026-03-26 09:31:32,1
44,Andrin Limited,26 Lesmill Road,Unit 3,ON,,Canada,(416) 733-3128,,,Developer,False,False,ON,,https://hub.chba.ca/member-directory/Details/andrin-limited-2945815,chba_home_builders,https://hub.chba.ca/member-directory,2026-03-26T09:31:32.176554+00:00,20260326_092850,f57cfa63a9274458ac202056c8a1bc01,2026-03-26 09:31:32,2026-03-26 09:31:32,1
45,Art-Metal Workshop Inc.,50 Paxman Road,Suite 17,ON,,Canada,(416) 848-4588,,,Supplier,False,False,ON,,https://hub.chba.ca/member-directory/Details/art-metal-workshop-inc-4067209,chba_home_builders,https://hub.chba.ca/member-directory,2026-03-26T09:31:32.176554+00:00,20260326_092850,0cfd90e218cd53b9e75a8778bfedc4a9,2026-03-26 09:31:32,2026-03-26 09:31:32,1
46,AcuTruss Industries Ltd.,1913 Kent Rd.,Kelowna,BC,,Canada,(250) 860-6667,,,Supplier,False,False,BC,,https://hub.chba.ca/member-directory/Details/acutruss-industries-ltd-3272354,chba_home_builders,https://hub.chba.ca/member-directory,2026-03-26T09:31:32.176554+00:00,20260326_092850,ea1d3e14a96bad887dab02b357cd7aa9,2026-03-26 09:31:32,2026-03-26 09:31:32,1
47,ARW Development Corporation,"199 Bay Street, Suite 2900 P.O. Box 459",Toronto,ON,,Canada,(416) 861-8800,,,Developer,False,False,ON,,https://hub.chba.ca/member-directory/Details/arw-development-corporation-2945755,chba_home_builders,https://hub.chba.ca/member-directory,2026-03-26T09:31:32.176554+00:00,20260326_092850,b9cfb28427af3a8eba081e67240bc478,2026-03-26 09:31:32,2026-03-26 09:31:32,1
48,Avid Ratings Canada,,P.O. Box 6212,ON,,Canada,(416) 619-4493,,,,False,False,ON,,https://hub.chba.ca/member-directory/Details/avid-ratings-canada-3323756,chba_home_builders,https://hub.chba.ca/member-directory,2026-03-26T09:31:32.176554+00:00,20260326_092850,9e9923ce0e9036ef055b2b9570f87a84,2026-03-26 09:31:32,2026-03-26 09:31:32,1
49,Autobox Garage Interiors Ltd,880 - 60th Street East,Saskatoon,SK,,Canada,(306) 933-4320,,,Supplier,False,False,SK,,https://hub.chba.ca/member-directory/Details/autobox-garage-interiors-ltd-3323805,chba_home_builders,https://hub.chba.ca/member-directory,2026-03-26T09:31:32.176554+00:00,20260326_092850,10dcc9413334ef4030411837f5fab384,2026-03-26 09:31:32,2026-03-26 09:31:32,1
50,AAG Services Construction,"#202, 828 Harbourside Drive",North Vancouver,BC,,Canada,(778) 872-1467,,,Builder,False,False,BC,,https://hub.chba.ca/member-directory/Details/aag-services-construction-3958252,chba_home_builders,https://hub.chba.ca/member-directory,2026-03-26T09:31:32.176554+00:00,20260326_092850,560456385ca23f1c6e44bc81824a9fc4,2026-03-26 09:31:32,2026-03-26 09:31:32,1
51,Aberdeen Interiors,76 Mountain Ave,Hamilton,ON,,Canada,(905) 520-9177,,,Renovator,False,False,ON,,https://hub.chba.ca/member-directory/Details/aberdeen-interiors-3198023,chba_home_builders,https://hub.chba.ca/member-directory,2026-03-26T09:31:32.176554+00:00,20260326_092850,3f5920c968cc7e8ef03e76919c64c2e1,2026-03-26 09:31:32,2026-03-26 09:31:32,1
52,Arriscraft -Canada Brick,875 Speedsville Road,Cambridge,ON,,Canada,(519) 494-0381,,,Supplier,False,False,ON,,https://hub.chba.ca/member-directory/Details/arriscraft-canada-brick-3198316,chba_home_builders,https://hub.chba.ca/member-directory,2026-03-26T09:31:32.176554+00:00,20260326_092850,14f9f0e9d50d4a45c398646b40ac8bf0,2026-03-26 09:31:32,2026-03-26 09:31:32,1
53,Asanti Development Ltd.,#121 - 1087 East Kent Avenue North,Vancouver,BC,,Canada,(604) 537-5688,,,Builder,False,False,BC,,https://hub.chba.ca/member-directory/Details/asanti-development-ltd-3562758,chba_home_builders,https://hub.chba.ca/member-directory,2026-03-26T09:31:32.176554+00:00,20260326_092850,13556556dd8e6c4d0da71fb2fc866a83,2026-03-26 09:31:32,2026-03-26 09:31:32,1
54,Acera Insurance,"#1 Tudor Village, 1315 Summit Drive",Kamloops,BC,,Canada,(250) 828-2135,,,,False,False,BC,,https://hub.chba.ca/member-directory/Details/acera-insurance-3271922,chba_home_builders,https://hub.chba.ca/member-directory,2026-03-26T09:31:32.177554+00:00,20260326_092850,4c12520b9721f7737619f92a9c09f488,2026-03-26 09:31:32,2026-03-26 09:31:32,1
55,Alloy Homes Incorporated,301 919 Centre Street N,Calgary,AB,,Canada,(403) 264-3667,,,Builder,False,False,AB,,https://hub.chba.ca/member-directory/Details/alloy-homes-incorporated-3561457,chba_home_builders,https://hub.chba.ca/member-directory,2026-03-26T09:31:32.177554+00:00,20260326_092850,e00e630aeb2e0207efb966c8e9eefb19,2026-03-26 09:31:32,2026-03-26 09:31:32,1
56,ATCO Gas,7590 Edgar Industrial Drive,Red Deer,AB,,Canada,(403) 357-5232,,,,False,False,AB,,https://hub.chba.ca/member-directory/Details/atco-gas-2945730,chba_home_builders,https://hub.chba.ca/member-directory,2026-03-26T09:31:32.177554+00:00,20260326_092850,34a69036584e2e2e5e907db6eb0bb277,2026-03-26 09:31:32,2026-03-26 09:31:32,1
57,Alair Enterprises BC Ltd.,96 Wallace St,Nanaimo,BC,,Canada,(250) 754-5500,,,Builder,False,False,BC,,https://hub.chba.ca/member-directory/Details/alair-enterprises-bc-ltd-3562572,chba_home_builders,https://hub.chba.ca/member-directory,2026-03-26T09:31:32.177554+00:00,20260326_092850,c3358ddf63abcbb25bb1171e4defbd2b,2026-03-26 09:31:32,2026-03-26 09:31:32,1
58,Andersen Smart Homes,7 O’Dea Place,St. John’s,NL,,Canada,(709) 771-2390,,,,False,False,NL,,https://hub.chba.ca/member-directory/Details/andersen-smart-homes-4012973,chba_home_builders,https://hub.chba.ca/member-directory,2026-03-26T09:31:32.177554+00:00,20260326_092850,37468584ab113338e4814fa6e057dda8,2026-03-26 09:31:32,2026-03-26 09:31:32,1
59,Altus Group,33 Yonge Street,Suite 500,ON,,Canada,(416) 641-9500,,,,False,False,ON,,https://hub.chba.ca/member-directory/Details/altus-group-2945835,chba_home_builders,https://hub.chba.ca/member-directory,2026-03-26T09:31:32.177554+00:00,20260326_092850,f853c107eb73c981f5cc736f904545c9,2026-03-26 09:31:32,2026-03-26 09:31:32,1
60,Abbey Road Construction Inc.,237 Arvin Avenue,Stoney Creek,ON,,Canada,(905) 547-9727,,,Builder,False,False,ON,,https://hub.chba.ca/member-directory/Details/abbey-road-construction-inc-3198019,chba_home_builders,https://hub.chba.ca/member-directory,2026-03-26T09:31:32.177554+00:00,20260326_092850,88d9ed8fbb9c7e3ad81183e5fe4aff02,2026-03-26 09:31:32,2026-03-26 09:31:32,1
61,AGM Surveying - Engineering,3515 White Oak Road,London,ON,,Canada,(519) 685-5300,,,,False,False,ON,,https://hub.chba.ca/member-directory/Details/agm-surveying-engineering-3274276,chba_home_builders,https://hub.chba.ca/member-directory,2026-03-26T09:31:32.177554+00:00,20260326_092850,110b3b82bcce502e28fe1b5aea41c915,2026-03-26 09:31:32,2026-03-26 09:31:32,1
62,Archway Developments Ltd.,3009 23 Street NE,Calgary,AB,,Canada,(403) 708-1546,,,Builder,False,False,AB,,https://hub.chba.ca/member-directory/Details/archway-developments-ltd-4416212,chba_home_builders,https://hub.chba.ca/member-directory,2026-03-26T09:31:32.177554+00:00,20260326_092850,0b9bcbf90eabd15914b32f01495594a4,2026-03-26 09:31:32,2026-03-26 09:31:32,1
63,Airfoam Industries Ltd.,19402 – 56 Avenue,Surrey,BC,,Canada,(604) 534-8626,,,Supplier,False,False,BC,,https://hub.chba.ca/member-directory/Details/airfoam-industries-ltd-3563022,chba_home_builders,https://hub.chba.ca/member-directory,2026-03-26T09:31:32.177554+00:00,20260326_092850,24bea31a22749e93c59190845583d3f8,2026-03-26 09:31:32,2026-03-26 09:31:32,1
64,As Good As New Painting Co,2049 Soyers Lake Rd.,Minden,ON,,Canada,(705) 935-1848,,,,False,False,ON,,https://hub.chba.ca/member-directory/Details/as-good-as-new-painting-co-3771902,chba_home_builders,https://hub.chba.ca/member-directory,2026-03-26T09:31:32.177554+00:00,20260326_092850,2b29ea62f899814cfd5a08290375c8a4,2026-03-26 09:31:32,2026-03-26 09:31:32,1
65,Armstrong Planning & Project Management,1600 Steeles Avenue West,Suite 318,ON,,Canada,(416) 444-3300,,,,False,False,ON,,https://hub.chba.ca/member-directory/Details/armstrong-planning-project-management-2945773,chba_home_builders,https://hub.chba.ca/member-directory,2026-03-26T09:31:32.177554+00:00,20260326_092850,b454e4150ddce0120cf2d64d7f2a5367,2026-03-26 09:31:32,2026-03-26 09:31:32,1
66,Artas Engineering & Associates Inc.,413 Hibernia Street,Stratford,ON,,Canada,(226) 880-1399,,,,False,False,ON,,https://hub.chba.ca/member-directory/Details/artas-engineering-associates-inc-3983080,chba_home_builders,https://hub.chba.ca/member-directory,2026-03-26T09:31:32.177554+00:00,20260326_092850,474efaa6321f77dd8eff5bc11a2f2232,2026-03-26 09:31:32,2026-03-26 09:31:32,1
67,Ambassador Dearie HVAC Inc.,,101 Innes Parkway,ON,,Canada,(613) 741-9595,,,Supplier,False,False,ON,,https://hub.chba.ca/member-directory/Details/ambassador-dearie-hvac-inc-3562288,chba_home_builders,https://hub.chba.ca/member-directory,2026-03-26T09:31:32.177554+00:00,20260326_092850,ac031383fd95ab7960db7254d9508877,2026-03-26 09:31:32,2026-03-26 09:31:32,1
68,Aluminium Depot Gatineau - Ottawa,,1623 Amtec,QC,,Canada,(819) 663-5002,,,,False,False,QC,,https://hub.chba.ca/member-directory/Details/aluminium-depot-gatineau-ottawa-3562081,chba_home_builders,https://hub.chba.ca/member-directory,2026-03-26T09:31:32.177554+00:00,20260326_092850,6f6f24f75713590bf8a56b251e0a850b,2026-03-26 09:31:32,2026-03-26 09:31:32,1
69,Allnorth Consultants Ltd.,,300 8 Manning Close NE,AB,,Canada,(403) 717-2370,,,,False,False,AB,,https://hub.chba.ca/member-directory/Details/allnorth-consultants-ltd-2945862,chba_home_builders,https://hub.chba.ca/member-directory,2026-03-26T09:31:32.177554+00:00,20260326_092850,7ef027604a48d142fb505a157276fd45,2026-03-26 09:31:32,2026-03-26 09:31:32,1
70,Agassiz Shore Developments,25 Penner Drive,Blumenort,MB,,Canada,(204) 326-1341,,,Builder,False,False,MB,,https://hub.chba.ca/member-directory/Details/agassiz-shore-developments-3404835,chba_home_builders,https://hub.chba.ca/member-directory,2026-03-26T09:31:32.177554+00:00,20260326_092850,4589bc87f5d4586ecd61217ff3275113,2026-03-26 09:31:32,2026-03-26 09:31:32,1
71,Alta Mira Professional Painting Services Inc.,7 MacEwan Glen Road NW,Calgary,AB,,Canada,(403) 615-7114,,,Trade Contractor,False,False,AB,,https://hub.chba.ca/member-directory/Details/alta-mira-professional-painting-services-inc-2945841,chba_home_builders,https://hub.chba.ca/member-directory,2026-03-26T09:31:32.177554+00:00,20260326_092850,3d620a325b07295932d8a7e094984314,2026-03-26 09:31:32,2026-03-26 09:31:32,1
72,ARTium Design Build Inc. & Just Basements,2853 Carp Road,Ottawa,ON,,Canada,(613) 836-0306,,,Renovator,False,True,ON,,https://hub.chba.ca/member-directory/Details/artium-design-build-inc-just-basements-3562172,chba_home_builders,https://hub.chba.ca/member-directory,2026-03-26T09:31:32.177554+00:00,20260326_092850,6b2b8a847b2e2a56c2f8130908a66354,2026-03-26 09:31:32,2026-03-26 09:31:32,1
73,Arriscraft Canada Inc.,P. O. Box 3190 875 Speedsville Rd.,Cambridge,ON,,Canada,,,,Supplier,False,False,ON,,https://hub.chba.ca/member-directory/Details/arriscraft-canada-inc-3198039,chba_home_builders,https://hub.chba.ca/member-directory,2026-03-26T09:31:32.177554+00:00,20260326_092850,04085550fefa6e308cdd9de09f43b7a6,2026-03-26 09:31:32,2026-03-26 09:31:32,1
74,Agius Builders Ltd.,3030 Kilpatrick Ave.,Unit 612,BC,,Canada,(250) 334-3061,,,Builder,False,False,BC,,https://hub.chba.ca/member-directory/Details/agius-builders-ltd-3272961,chba_home_builders,https://hub.chba.ca/member-directory,2026-03-26T09:31:32.177554+00:00,20260326_092850,934fc72831fb2aff335f08b6bdb9e555,2026-03-26 09:31:32,2026-03-26 09:31:32,1
75,Aable Construction Limited,2430 Delzotto Avenue,Gloucester,ON,,Canada,(613) 822-0731,,,Builder,False,False,ON,,https://hub.chba.ca/member-directory/Details/aable-construction-limited-3562087,chba_home_builders,https://hub.chba.ca/member-directory,2026-03-26T09:31:32.177554+00:00,20260326_092850,92b0564131a9c05bb3eb95a627a9e4db,2026-03-26 09:31:32,2026-03-26 09:31:32,1
76,Avon Maitland District School Board,62 Chalk Street North,Seaforth,ON,,Canada,(519) 949-8717,,,,False,False,ON,,https://hub.chba.ca/member-directory/Details/avon-maitland-district-school-board-3198261,chba_home_builders,https://hub.chba.ca/member-directory,2026-03-26T09:31:32.177554+00:00,20260326_092850,b6c630eedaf1e83f5af2bc96e70b9bbe,2026-03-26 09:31:32,2026-03-26 09:31:32,1
77,A & J Hanna Construction Ltd.,550 Alison Blvd.,Fredericton,NB,,Canada,(506) 452-8120,,,Builder,False,False,NB,,https://hub.chba.ca/member-directory/Details/a-j-hanna-construction-ltd-3563611,chba_home_builders,https://hub.chba.ca/member-directory,2026-03-26T09:31:32.177554+00:00,20260326_092850,5f00f9433f640d66aaa879456a006a76,2026-03-26 09:31:32,2026-03-26 09:31:32,1
78,Avenue 31 Capital Inc.,,250 City Centre,ON,,Canada,(833) 283-3131,,,Builder,False,False,ON,,https://hub.chba.ca/member-directory/Details/avenue-31-capital-inc-3197596,chba_home_builders,https://hub.chba.ca/member-directory,2026-03-26T09:31:32.177554+00:00,20260326_092850,f0d748cf3efb215addc1571e99bc62c6,2026-03-26 09:31:32,2026-03-26 09:31:32,1
79,Aaron Brown Construction,3800 Donnelly Drive,Kemptville,ON,,Canada,(613) 807-5606,,,Renovator,False,False,ON,,https://hub.chba.ca/member-directory/Details/aaron-brown-construction-2945969,chba_home_builders,https://hub.chba.ca/member-directory,2026-03-26T09:31:32.177554+00:00,20260326_092850,9b88bc63be86734a82ec77fcec72771c,2026-03-26 09:31:32,2026-03-26 09:31:32,1
80,Align Home Design Ltd.,5404 97 Street NW,Edmonton,AB,,Canada,(587) 772-1721,,,,False,False,AB,,https://hub.chba.ca/member-directory/Details/align-home-design-ltd-2945887,chba_home_builders,https://hub.chba.ca/member-directory,2026-03-26T09:31:32.177554+00:00,20260326_092850,c6f4d950d964fc7e57720d90665545e8,2026-03-26 09:31:32,2026-03-26 09:31:32,1
81,A-Top Roofing Ltd,10055 - 129 Street,Surrey,BC,,Canada,(778) 874-0421,,,Trade Contractor,False,False,BC,,https://hub.chba.ca/member-directory/Details/a-top-roofing-ltd-4472242,chba_home_builders,https://hub.chba.ca/member-directory,2026-03-26T09:31:32.177554+00:00,20260326_092850,459ab5a6e036fecf354dc9ca01b1c496,2026-03-26 09:31:32,2026-03-26 09:31:32,1
82,AM & Sons Construction Ltd.,1358 Connaught St.,Regina,SK,,Canada,(306) 596-3505,,,Trade Contractor,False,False,SK,,https://hub.chba.ca/member-directory/Details/am-sons-construction-ltd-3813390,chba_home_builders,https://hub.chba.ca/member-directory,2026-03-26T09:31:32.177554+00:00,20260326_092850,2faebad383d1463f6df3c17d68d2544e,2026-03-26 09:31:32,2026-03-26 09:31:32,1
83,Aalto Developments Inc.,185 Dunlop St. E. C4,Barrie,ON,,Canada,(705) 795-5116,,,Builder,False,False,ON,,https://hub.chba.ca/member-directory/Details/aalto-developments-inc-3197857,chba_home_builders,https://hub.chba.ca/member-directory,2026-03-26T09:31:32.177554+00:00,20260326_092850,1573ae67926af0ca4374b0bf30026a72,2026-03-26 09:31:32,2026-03-26 09:31:32,1
84,AM Group of Companies,9485 Beachwood Rd.,Collingwood,ON,,Canada,(705) 445-3540,,,Trade Contractor,False,False,ON,,https://hub.chba.ca/member-directory/Details/am-group-of-companies-3197850,chba_home_builders,https://hub.chba.ca/member-directory,2026-03-26T09:31:32.178557+00:00,20260326_092850,799e74e7e7c7b028163dfc098db714a8,2026-03-26 09:31:32,2026-03-26 09:31:32,1
85,Aspen Brick & Stone,9675-45 Avenue,Edmonton,AB,,Canada,(780) 907-6556,,,Supplier,False,False,AB,,https://hub.chba.ca/member-directory/Details/aspen-brick-stone-2945746,chba_home_builders,https://hub.chba.ca/member-directory,2026-03-26T09:31:32.178557+00:00,20260326_092850,500e1ff250f1babd849c266ffa7cc216,2026-03-26 09:31:32,2026-03-26 09:31:32,1
86,Amrik Land Development Corp,#200 10310 Jasper Ave,Edmonton,AB,,Canada,(780) 420-6868,,,Developer,False,False,AB,,https://hub.chba.ca/member-directory/Details/amrik-land-development-corp-2945823,chba_home_builders,https://hub.chba.ca/member-directory,2026-03-26T09:31:32.178557+00:00,20260326_092850,7e6b774f2f8d8d6dcad965aa56812ce1,2026-03-26 09:31:32,2026-03-26 09:31:32,1
87,API Building & Renovation,,,,,Canada,(778) 840-8728,,,Renovator,False,False,,,https://hub.chba.ca/member-directory/Details/api-building-renovation-3274146,chba_home_builders,https://hub.chba.ca/member-directory,2026-03-26T09:31:32.178557+00:00,20260326_092850,2ed28dad3da81057289350a586966cbf,2026-03-26 09:31:32,2026-03-26 09:31:32,1
88,Artista Homes Ltd.,114 - 305 Fort Whyte Way,Oak Bluff,MB,,Canada,(204) 415-6625,,,Builder,False,False,MB,,https://hub.chba.ca/member-directory/Details/artista-homes-ltd-3197254,chba_home_builders,https://hub.chba.ca/member-directory,2026-03-26T09:31:32.178557+00:00,20260326_092850,6616f3ab5264248693863b446cc9a463,2026-03-26 09:31:32,2026-03-26 09:31:32,1
89,Aspen Ridge Homes,,29 Floral Parkway,ON,,Canada,(905) 669-9292,,,Developer,False,False,ON,,https://hub.chba.ca/member-directory/Details/aspen-ridge-homes-2945743,chba_home_builders,https://hub.chba.ca/member-directory,2026-03-26T09:31:32.178557+00:00,20260326_092850,3cb466518f1e7fe771fb34029c093776,2026-03-26 09:31:32,2026-03-26 09:31:32,1
90,Advanced Insulation Inc.,2734 Day Street,Sunnyside,MB,,Canada,(204) 470-9797,,,,False,False,MB,,https://hub.chba.ca/member-directory/Details/advanced-insulation-inc-3197376,chba_home_builders,https://hub.chba.ca/member-directory,2026-03-26T09:31:32.178557+00:00,20260326_092850,3ce1594b03fe7dc5fbf3f048222603d1,2026-03-26 09:31:32,2026-03-26 09:31:32,1
91,Alba Home Services Inc,300 Earl Grey Dr,Suite 407,ON,,Canada,(613) 831-9802,,,Builder,False,False,ON,,https://hub.chba.ca/member-directory/Details/alba-home-services-inc-3563639,chba_home_builders,https://hub.chba.ca/member-directory,2026-03-26T09:31:32.178557+00:00,20260326_092850,02ca07f3475538bbba6e22f13d248578,2026-03-26 09:31:32,2026-03-26 09:31:32,1
92,Airmax Technologies,209 Citation Drive,Unit 5 & 6,ON,,Canada,(905) 264-1414,,,Supplier,False,False,ON,,https://hub.chba.ca/member-directory/Details/airmax-technologies-2945917,chba_home_builders,https://hub.chba.ca/member-directory,2026-03-26T09:31:32.181554+00:00,20260326_092850,ae8359e3589ca9ee882bf77ca92d542a,2026-03-26 09:31:32,2026-03-26 09:31:32,1
93,Aidan Homes Ltd.,111 Boyd Street,Saskatoon,SK,,Canada,(306) 221-3120,,,Builder,False,False,SK,,https://hub.chba.ca/member-directory/Details/aidan-homes-ltd-3323726,chba_home_builders,https://hub.chba.ca/member-directory,2026-03-26T09:31:32.181554+00:00,20260326_092850,f5df2e6e9d51c6067807aaaf4fb0da2b,2026-03-26 09:31:32,2026-03-26 09:31:32,1
94,Aeroseal GTA,230 Mackenzie Avenue,Ajax,ON,,Canada,(647) 367-6111,,,Trade Contractor,False,True,ON,,https://hub.chba.ca/member-directory/Details/aeroseal-gta-3561468,chba_home_builders,https://hub.chba.ca/member-directory,2026-03-26T09:31:32.181554+00:00,20260326_092850,a4e8f4362ae94e694a765397f8d96a56,2026-03-26 09:31:32,2026-03-26 09:31:32,1
95,Acera Insurance,690 Victoria Street,Prince George,BC,,Canada,(250) 564-4434,,,,False,False,BC,,https://hub.chba.ca/member-directory/Details/acera-insurance-3272575,chba_home_builders,https://hub.chba.ca/member-directory,2026-03-26T09:31:32.181554+00:00,20260326_092850,25f83bf8aab9e91d945128b81dc7e07d,2026-03-26 09:31:32,2026-03-26 09:31:32,1
96,Artcraft Kitchens,4417 Kent Avenue,Niagara Falls,ON,,Canada,(905) 354-5657,,,Supplier,False,False,ON,,https://hub.chba.ca/member-directory/Details/artcraft-kitchens-2945764,chba_home_builders,https://hub.chba.ca/member-directory,2026-03-26T09:31:32.181554+00:00,20260326_092850,eaa777fb1a607ee08dad0ba004fc36d9,2026-03-26 09:31:32,2026-03-26 09:31:32,1
97,Apcon Group,8158 128 ST #364,Surrey,BC,,Canada,,,,Builder,False,False,BC,,https://hub.chba.ca/member-directory/Details/apcon-group-3272411,chba_home_builders,https://hub.chba.ca/member-directory,2026-03-26T09:31:32.181554+00:00,20260326_092850,21fb11fb2c2a7a75accf028753180850,2026-03-26 09:31:32,2026-03-26 09:31:32,1
98,Appliance Canada a division of Leon's Furniture Limited,8701 Jane Street,Unit 1,ON,,Canada,,,,Supplier,False,False,ON,,https://hub.chba.ca/member-directory/Details/appliance-canada-a-division-of-leon-s-furniture-limited-2945800,chba_home_builders,https://hub.chba.ca/member-directory,2026-03-26T09:31:32.181554+00:00,20260326_092850,0daa1974094b2f575ae839e4b6054242,2026-03-26 09:31:32,2026-03-26 09:31:32,1
99,Arriscraft/Canada Brick,875 Speedsville Road,Cambridge,ON,,Canada,(519) 494-0381,,,Supplier,False,False,ON,,https://hub.chba.ca/member-directory/Details/arriscraft-canada-brick-3198270,chba_home_builders,https://hub.chba.ca/member-directory,2026-03-26T09:31:32.181554+00:00,20260326_092850,a3ce3c0ccc9411421f95e6966d80a0c0,2026-03-26 09:31:32,2026-03-26 09:31:32,1
100,Axis Insurance Managers Inc.,,100-1201 Glenmore Trail SW,AB,,Canada,(403) 462-2595,,,,False,False,AB,,https://hub.chba.ca/member-directory/Details/axis-insurance-managers-inc-3888746,chba_home_builders,https://hub.chba.ca/member-directory,2026-03-26T09:31:32.181554+00:00,20260326_092850,5a6feae5b4922de7e509b74608ab2d5a,2026-03-26 09:31:32,2026-03-26 09:31:32,1
