id,company_name,address,phone,website,email,registration_number,licence_type,licence_status,firm_name,consultant_name,active,dataset,source_url,crawl_date,crawl_session,dedup_hash,first_seen,last_seen,is_new
1,GALT IMMIGRATION SOLUTIONS INC.,,,,,R711474,RCIC,RCIC-IRB - L3,GALT IMMIGRATION SOLUTIONS INC.,Harpreet Kaur -,Yes,cicc_immigration_consultants,https://register.college-ic.ca/Public-Register-EN/Public-Register-EN/RCIC_Search.aspx,2026-03-25T23:39:52.355683+00:00,20260325_225913,94a300cede4411a36abb181d2cb8cf8a,2026-03-25 23:39:52,2026-03-25 23:39:52,1
2,VIRDI IMMIGRATION SERVICES,,,,,R710865,RCIC,RCIC - L2,VIRDI IMMIGRATION SERVICES,Parmjit Kaur -,No,cicc_immigration_consultants,https://register.college-ic.ca/Public-Register-EN/Public-Register-EN/RCIC_Search.aspx,2026-03-25T23:39:52.355683+00:00,20260325_225913,0e7e9443c80b70fb82208f76cba36f21,2026-03-25 23:39:52,2026-03-25 23:39:52,1
3,KUKREJA IMMIGRATION CONSULTANCY INC.,,,,,R709877,RCIC,RCIC - L2,KUKREJA IMMIGRATION CONSULTANCY INC.,Priya -,Yes,cicc_immigration_consultants,https://register.college-ic.ca/Public-Register-EN/Public-Register-EN/RCIC_Search.aspx,2026-03-25T23:39:52.355683+00:00,20260325_225913,604e95378d7e56a03f2fd6b60cd36a82,2026-03-25 23:39:52,2026-03-25 23:39:52,1
4,Visa Deck Immigration Services Inc.,,,,,R710469,RCIC,RCIC - L2,Visa Deck Immigration Services Inc.,Akashpreet Kaur .,Yes,cicc_immigration_consultants,https://register.college-ic.ca/Public-Register-EN/Public-Register-EN/RCIC_Search.aspx,2026-03-25T23:39:52.355683+00:00,20260325_225913,5832e1c01d18b9ac6b4d279cd70e3ac1,2026-03-25 23:39:52,2026-03-25 23:39:52,1
5,NSEW(NORTH SOUTH EAST WEST) IMMIGRATION INC.,,,,,R709878,RCIC,RCIC - L2,NSEW(NORTH SOUTH EAST WEST) IMMIGRATION INC.,Akriti .,Yes,cicc_immigration_consultants,https://register.college-ic.ca/Public-Register-EN/Public-Register-EN/RCIC_Search.aspx,2026-03-25T23:39:52.355683+00:00,20260325_225913,a523bed5f926e07fdc379721072cc1ea,2026-03-25 23:39:52,2026-03-25 23:39:52,1
6,CROSSBRIDGE IMMIGRATION SOLUTIONS,,,,,R711206,RCIC,RCIC - L2,CROSSBRIDGE IMMIGRATION SOLUTIONS,Amandeep Kaur .,Yes,cicc_immigration_consultants,https://register.college-ic.ca/Public-Register-EN/Public-Register-EN/RCIC_Search.aspx,2026-03-25T23:39:52.355683+00:00,20260325_225913,6fc5a853473ec3592d42293dadba6caf,2026-03-25 23:39:52,2026-03-25 23:39:52,1
7,Amandeep Kaur .,,,,,R712773,RCIC,RCIC - L1,,Amandeep Kaur .,No,cicc_immigration_consultants,https://register.college-ic.ca/Public-Register-EN/Public-Register-EN/RCIC_Search.aspx,2026-03-25T23:39:52.355683+00:00,20260325_225913,f534ba8fb4a8d87238b96cbf359b3780,2026-03-25 23:39:52,2026-03-25 23:39:52,1
8,Canza Immigration Ltd.,,,,,R705436,RCIC,RCIC - L2,Canza Immigration Ltd.,Amandeep Singh .,Yes,cicc_immigration_consultants,https://register.college-ic.ca/Public-Register-EN/Public-Register-EN/RCIC_Search.aspx,2026-03-25T23:39:52.355683+00:00,20260325_225913,5b8e950f1931e6d78377185c4df75fd4,2026-03-25 23:39:52,2026-03-25 23:39:52,1
9,Macro World Consultancy LTD.,,,,,R707700,RCIC,RCIC - L2,Macro World Consultancy LTD.,Amandeep Singh .,Yes,cicc_immigration_consultants,https://register.college-ic.ca/Public-Register-EN/Public-Register-EN/RCIC_Search.aspx,2026-03-25T23:39:52.356681+00:00,20260325_225913,58e6ef2e577298b732454b23437d3a09,2026-03-25 23:39:52,2026-03-25 23:39:52,1
10,Unite2canada Immigration Services Inc.,,,,,R708446,RCIC,RCIC - L2,Unite2canada Immigration Services Inc.,Amandeep Singh .,Yes,cicc_immigration_consultants,https://register.college-ic.ca/Public-Register-EN/Public-Register-EN/RCIC_Search.aspx,2026-03-25T23:39:52.356681+00:00,20260325_225913,7dd9a219735c34b71047bbc9e78b8b36,2026-03-25 23:39:52,2026-03-25 23:39:52,1
11,Kiranbir Dhaliwal Immigration Inc.,,,,,R712269,RCIC,RCIC - L2,Kiranbir Dhaliwal Immigration Inc.,Amanpreet Kaur .,Yes,cicc_immigration_consultants,https://register.college-ic.ca/Public-Register-EN/Public-Register-EN/RCIC_Search.aspx,2026-03-25T23:39:52.356681+00:00,20260325_225913,cb0aebc8fdcbbd6eb84573e84d430aa8,2026-03-25 23:39:52,2026-03-25 23:39:52,1
12,RAPS Immigration Services Inc.,,,,,R708366,RCIC,RCIC - L2,RAPS Immigration Services Inc.,Amanpreet Singh .,Yes,cicc_immigration_consultants,https://register.college-ic.ca/Public-Register-EN/Public-Register-EN/RCIC_Search.aspx,2026-03-25T23:39:52.356681+00:00,20260325_225913,39c3474ac6333d1a7de470d827fd03cc,2026-03-25 23:39:52,2026-03-25 23:39:52,1
13,UNIDAU IMMIGRATION SERVICES INC,,,,,R710524,RCIC,RCIC - L2,UNIDAU IMMIGRATION SERVICES INC,Amanpreet Singh .,Yes,cicc_immigration_consultants,https://register.college-ic.ca/Public-Register-EN/Public-Register-EN/RCIC_Search.aspx,2026-03-25T23:39:52.356681+00:00,20260325_225913,a6d24988cf8059417c27bac4fa2b6d58,2026-03-25 23:39:52,2026-03-25 23:39:52,1
14,ADS Immigration Services Inc.,,,,,R706757,RCIC,RCIC - L2,ADS Immigration Services Inc.,Amitojdeep Singh .,Yes,cicc_immigration_consultants,https://register.college-ic.ca/Public-Register-EN/Public-Register-EN/RCIC_Search.aspx,2026-03-25T23:39:52.356681+00:00,20260325_225913,44480c3688415335f969fd57aed1bc70,2026-03-25 23:39:52,2026-03-25 23:39:52,1
15,Helping Hand Immigration Services Inc.,,,,,R535259,RCIC,RCIC-IRB - L3,Helping Hand Immigration Services Inc.,Amrinder Singh .,Yes,cicc_immigration_consultants,https://register.college-ic.ca/Public-Register-EN/Public-Register-EN/RCIC_Search.aspx,2026-03-25T23:39:52.356681+00:00,20260325_225913,6790c6f405546c0e3942f764d4dae341,2026-03-25 23:39:52,2026-03-25 23:39:52,1
16,BLUEFIN IMMIGRATION SERVICES LIMITED,,,,,R709975,RCIC,RCIC - L2,BLUEFIN IMMIGRATION SERVICES LIMITED,Amrinder Singh .,Yes,cicc_immigration_consultants,https://register.college-ic.ca/Public-Register-EN/Public-Register-EN/RCIC_Search.aspx,2026-03-25T23:39:52.356681+00:00,20260325_225913,a6548e1086b919a1e1ba604fcbed4531,2026-03-25 23:39:52,2026-03-25 23:39:52,1
17,Treadway Immigration Inc.,,,,,R712978,RCIC,RCIC - L1,Treadway Immigration Inc.,Amritpal Singh .,Yes,cicc_immigration_consultants,https://register.college-ic.ca/Public-Register-EN/Public-Register-EN/RCIC_Search.aspx,2026-03-25T23:39:52.356681+00:00,20260325_225913,c43443d1163d2bf929ae9fc8e3cae659,2026-03-25 23:39:52,2026-03-25 23:39:52,1
18,Waypoint Treadway Immigration Consultancy Inc.,,,,,R712978,RCIC,RCIC - L1,Waypoint Treadway Immigration Consultancy Inc.,Amritpal Singh .,Yes,cicc_immigration_consultants,https://register.college-ic.ca/Public-Register-EN/Public-Register-EN/RCIC_Search.aspx,2026-03-25T23:39:52.356681+00:00,20260325_225913,697a2d0a7d107758893b78f1a3ded2bf,2026-03-25 23:39:52,2026-03-25 23:39:52,1
19,Blue Jay Immigration Inc.,,,,,R1034488,RCIC,RCIC-IRB - L3,Blue Jay Immigration Inc.,Archit Singh .,Yes,cicc_immigration_consultants,https://register.college-ic.ca/Public-Register-EN/Public-Register-EN/RCIC_Search.aspx,2026-03-25T23:39:52.356681+00:00,20260325_225913,f9191145e9373684885b0d9ccc443e79,2026-03-25 23:39:52,2026-03-25 23:39:52,1
20,ARCADE IMMIGRATION SOLUTIONS INC.,,,,,R709364,RCIC,RCIC - L2,ARCADE IMMIGRATION SOLUTIONS INC.,Arshdeep Singh .,Yes,cicc_immigration_consultants,https://register.college-ic.ca/Public-Register-EN/Public-Register-EN/RCIC_Search.aspx,2026-03-25T23:39:52.356681+00:00,20260325_225913,9053a5bb8308224ea9d1fa358010b37b,2026-03-25 23:39:52,2026-03-25 23:39:52,1
21,CENTRAL ALBERTA COMMUNITY LEGAL CLINIC,,,,,R710583,RCIC,RCIC-IRB - L3,CENTRAL ALBERTA COMMUNITY LEGAL CLINIC,Arshdeep Singh .,Yes,cicc_immigration_consultants,https://register.college-ic.ca/Public-Register-EN/Public-Register-EN/RCIC_Search.aspx,2026-03-25T23:39:52.356681+00:00,20260325_225913,1f5528e8f134900c6d26007453d8c66a,2026-03-25 23:39:52,2026-03-25 23:39:52,1
22,Dusky Leaves Immigration Consultancy Ltd.,,,,,R710583,RCIC,RCIC-IRB - L3,Dusky Leaves Immigration Consultancy Ltd.,Arshdeep Singh .,Yes,cicc_immigration_consultants,https://register.college-ic.ca/Public-Register-EN/Public-Register-EN/RCIC_Search.aspx,2026-03-25T23:39:52.356681+00:00,20260325_225913,20a9f40b6e5e9f088cbd8366d03bde18,2026-03-25 23:39:52,2026-03-25 23:39:52,1
23,ECEN Immigration Services Inc.,,,,,R712832,RCIC,RCIC - L2,ECEN Immigration Services Inc.,Arun Singh .,Yes,cicc_immigration_consultants,https://register.college-ic.ca/Public-Register-EN/Public-Register-EN/RCIC_Search.aspx,2026-03-25T23:39:52.356681+00:00,20260325_225913,26dd0a7b20451ae6b1de574978c55574,2026-03-25 23:39:52,2026-03-25 23:39:52,1
24,Allkind Immigration Services Inc,,,,,R706327,RCIC,RCIC - L2,Allkind Immigration Services Inc,Arunpal Singh .,Yes,cicc_immigration_consultants,https://register.college-ic.ca/Public-Register-EN/Public-Register-EN/RCIC_Search.aspx,2026-03-25T23:39:52.356681+00:00,20260325_225913,e90cc479b798164d92174e21a85601f2,2026-03-25 23:39:52,2026-03-25 23:39:52,1
25,D.S.A immigration Services Inc.,,,,,R710401,RCIC,RCIC - L2,D.S.A immigration Services Inc.,Ashish .,Yes,cicc_immigration_consultants,https://register.college-ic.ca/Public-Register-EN/Public-Register-EN/RCIC_Search.aspx,2026-03-25T23:39:52.356681+00:00,20260325_225913,aa6caeae7b62f06bfc98e2052520a282,2026-03-25 23:39:52,2026-03-25 23:39:52,1
26,Atinderpal Kaur .,,,,,R710309,RCIC,RCIC - L2,,Atinderpal Kaur .,No,cicc_immigration_consultants,https://register.college-ic.ca/Public-Register-EN/Public-Register-EN/RCIC_Search.aspx,2026-03-25T23:39:52.356681+00:00,20260325_225913,990c7ca5a0dd82551f165981d5ed927c,2026-03-25 23:39:52,2026-03-25 23:39:52,1
27,Atinderpal Singh .,,,,,R710163,RCIC,RCIC - L2,,Atinderpal Singh .,No,cicc_immigration_consultants,https://register.college-ic.ca/Public-Register-EN/Public-Register-EN/RCIC_Search.aspx,2026-03-25T23:39:52.356681+00:00,20260325_225913,568f4c83c9cd307ae1f01d29cd006615,2026-03-25 23:39:52,2026-03-25 23:39:52,1
28,Dakshvir Immigration Consultancy Inc,,,,,R711527,RCIC,RCIC - L2,Dakshvir Immigration Consultancy Inc,Avneet Kaur .,Yes,cicc_immigration_consultants,https://register.college-ic.ca/Public-Register-EN/Public-Register-EN/RCIC_Search.aspx,2026-03-25T23:39:52.356681+00:00,20260325_225913,cd184aff2dc14bd42c453ab4a866a45c,2026-03-25 23:39:52,2026-03-25 23:39:52,1
29,BALJINDER KAUR CANADA IMMIGRATION SERVICES INC.,,,,,R709775,RCIC,RCIC - L2,BALJINDER KAUR CANADA IMMIGRATION SERVICES INC.,Baljinder Kaur .,Yes,cicc_immigration_consultants,https://register.college-ic.ca/Public-Register-EN/Public-Register-EN/RCIC_Search.aspx,2026-03-25T23:39:52.356681+00:00,20260325_225913,32bc9a384af41863babc09877eec4a37,2026-03-25 23:39:52,2026-03-25 23:39:52,1
30,Balram's Immigration Consultancy,,,,,R706082,RCIC,RCIC - L2,Balram's Immigration Consultancy,Balram Kishan .,Yes,cicc_immigration_consultants,https://register.college-ic.ca/Public-Register-EN/Public-Register-EN/RCIC_Search.aspx,2026-03-25T23:39:52.356681+00:00,20260325_225913,cef02d76a8843b58697dca74d9ead062,2026-03-25 23:39:52,2026-03-25 23:39:52,1
31,Baneet Kour .,,,,,R706505,RCIC,RCIC - L2,,Baneet Kour .,No,cicc_immigration_consultants,https://register.college-ic.ca/Public-Register-EN/Public-Register-EN/RCIC_Search.aspx,2026-03-25T23:39:52.356681+00:00,20260325_225913,4e735137e2618d057d8259a191cc31e4,2026-03-25 23:39:52,2026-03-25 23:39:52,1
32,OAKPIER IMMIGRATION AND CONSULTANCY INC.,,,,,R710159,RCIC,RCIC - L2,OAKPIER IMMIGRATION AND CONSULTANCY INC.,Banpreet Singh .,Yes,cicc_immigration_consultants,https://register.college-ic.ca/Public-Register-EN/Public-Register-EN/RCIC_Search.aspx,2026-03-25T23:39:52.356681+00:00,20260325_225913,fc53443685d8c4e786b5d87b2415ba42,2026-03-25 23:39:52,2026-03-25 23:39:52,1
33,Pierway immigration consultancy inc.,,,,,R710159,RCIC,RCIC - L2,Pierway immigration consultancy inc.,Banpreet Singh .,Yes,cicc_immigration_consultants,https://register.college-ic.ca/Public-Register-EN/Public-Register-EN/RCIC_Search.aspx,2026-03-25T23:39:52.356681+00:00,20260325_225913,2d567b5dca1ca6b96f3535d8107cde08,2026-03-25 23:39:52,2026-03-25 23:39:52,1
34,Cubical Immigration Services Inc.,,,,,R731429,RCIC,RCIC-IRB - L3,Cubical Immigration Services Inc.,Bhanvi .,Yes,cicc_immigration_consultants,https://register.college-ic.ca/Public-Register-EN/Public-Register-EN/RCIC_Search.aspx,2026-03-25T23:39:52.356681+00:00,20260325_225913,0fcc48cd5e12d42712db94dd129227a7,2026-03-25 23:39:52,2026-03-25 23:39:52,1
35,MILES AWAY IMMIGRATION SERVICES LTD.,,,,,R711111,RCIC,RCIC - L2,MILES AWAY IMMIGRATION SERVICES LTD.,Bhawana .,Yes,cicc_immigration_consultants,https://register.college-ic.ca/Public-Register-EN/Public-Register-EN/RCIC_Search.aspx,2026-03-25T23:39:52.356681+00:00,20260325_225913,f18a7906cf5cb9b432845298716e0989,2026-03-25 23:39:52,2026-03-25 23:39:52,1
36,STARLEAF IMMIGRATION & CONSULTING INC.,,,,,R707240,RCIC,RCIC - L2,STARLEAF IMMIGRATION & CONSULTING INC.,Bhupender Singh .,Yes,cicc_immigration_consultants,https://register.college-ic.ca/Public-Register-EN/Public-Register-EN/RCIC_Search.aspx,2026-03-25T23:39:52.356681+00:00,20260325_225913,1526e2faa896cf0e71150a42ceb1b4a8,2026-03-25 23:39:52,2026-03-25 23:39:52,1
37,Bhupinder Preet Kaur .,,,,,R711112,RCIC,RCIC - L2,,Bhupinder Preet Kaur .,No,cicc_immigration_consultants,https://register.college-ic.ca/Public-Register-EN/Public-Register-EN/RCIC_Search.aspx,2026-03-25T23:39:52.356681+00:00,20260325_225913,2a3f834d4bc4eeecf33b563febb7bfbb,2026-03-25 23:39:52,2026-03-25 23:39:52,1
38,SATGUR IMMIGRATION SERVICES INC.,,,,,R707853,RCIC,RCIC - L2,SATGUR IMMIGRATION SERVICES INC.,Daljit Kaur .,Yes,cicc_immigration_consultants,https://register.college-ic.ca/Public-Register-EN/Public-Register-EN/RCIC_Search.aspx,2026-03-25T23:39:52.356681+00:00,20260325_225913,34b643931008efb4688385ddeb493b96,2026-03-25 23:39:52,2026-03-25 23:39:52,1
39,SEHLI GLOBAL VISA CONSULTANT,,,,,R711642,RCIC,RCIC - L2,SEHLI GLOBAL VISA CONSULTANT,Damandeep Singh .,Yes,cicc_immigration_consultants,https://register.college-ic.ca/Public-Register-EN/Public-Register-EN/RCIC_Search.aspx,2026-03-25T23:39:52.356681+00:00,20260325_225913,605ddff66d68d2428a4e8b2dad34b3ba,2026-03-25 23:39:52,2026-03-25 23:39:52,1
40,REDFLY IMMIGRATION & CITIZENSHIP SERVICES INC.,,,,,R708544,RCIC,RCIC - L2,REDFLY IMMIGRATION & CITIZENSHIP SERVICES INC.,Damanjeet Kaur .,Yes,cicc_immigration_consultants,https://register.college-ic.ca/Public-Register-EN/Public-Register-EN/RCIC_Search.aspx,2026-03-25T23:39:52.356681+00:00,20260325_225913,dc2e5519794dfb43e2955419d65d906c,2026-03-25 23:39:52,2026-03-25 23:39:52,1
41,Consensus Immigration Consulting Services Inc.,,,,,R707327,RCIC,RCIC - L2,Consensus Immigration Consulting Services Inc.,Dawinder Singh .,Yes,cicc_immigration_consultants,https://register.college-ic.ca/Public-Register-EN/Public-Register-EN/RCIC_Search.aspx,2026-03-25T23:39:52.356681+00:00,20260325_225913,0705f93f54f4e111aa87d7a488bae068,2026-03-25 23:39:52,2026-03-25 23:39:52,1
42,DilEx Immigration Consulting Services Inc.,,,,,R706050,RCIC,RCIC - L2,DilEx Immigration Consulting Services Inc.,Dilpreet Singh .,Yes,cicc_immigration_consultants,https://register.college-ic.ca/Public-Register-EN/Public-Register-EN/RCIC_Search.aspx,2026-03-25T23:39:52.356681+00:00,20260325_225913,a48db25e97b389b5d318024fa266ba5d,2026-03-25 23:39:52,2026-03-25 23:39:52,1
43,TEJ IMMIGRATION SERVICES,,,,,R707590,RCIC,RCIC - L2,TEJ IMMIGRATION SERVICES,Dipinder .,Yes,cicc_immigration_consultants,https://register.college-ic.ca/Public-Register-EN/Public-Register-EN/RCIC_Search.aspx,2026-03-25T23:39:52.356681+00:00,20260325_225913,a4c5418ee6fb23175a935323df93d404,2026-03-25 23:39:52,2026-03-25 23:39:52,1
44,Ditty .,,,,,R707328,RCIC,RCIC - L2,,Ditty .,No,cicc_immigration_consultants,https://register.college-ic.ca/Public-Register-EN/Public-Register-EN/RCIC_Search.aspx,2026-03-25T23:39:52.356681+00:00,20260325_225913,708e6259ea03a1f6a45b843e7469be22,2026-03-25 23:39:52,2026-03-25 23:39:52,1
45,Green and Spiegel LLP-Immigration Law Firm,,,,,R708875,RCIC,RCIC - L2,Green and Spiegel LLP-Immigration Law Firm,Gagandeep Kaur .,Yes,cicc_immigration_consultants,https://register.college-ic.ca/Public-Register-EN/Public-Register-EN/RCIC_Search.aspx,2026-03-25T23:39:52.356681+00:00,20260325_225913,f695b7c741e6e37fc6cbb52c2048e111,2026-03-25 23:39:52,2026-03-25 23:39:52,1
46,N & M IMMIGRATION SERVICES INC.,,,,,R708071,RCIC,RCIC - L2,N & M IMMIGRATION SERVICES INC.,Gagandeep Kumar .,Yes,cicc_immigration_consultants,https://register.college-ic.ca/Public-Register-EN/Public-Register-EN/RCIC_Search.aspx,2026-03-25T23:39:52.356681+00:00,20260325_225913,78542be49bec5b13e2c2fa92e3544fa8,2026-03-25 23:39:52,2026-03-25 23:39:52,1
47,EAST EVEREST VISA SOLUTIONS LTD.,,,,,R708140,RCIC,RCIC - L2,EAST EVEREST VISA SOLUTIONS LTD.,Gagandeep Singh .,No,cicc_immigration_consultants,https://register.college-ic.ca/Public-Register-EN/Public-Register-EN/RCIC_Search.aspx,2026-03-25T23:39:52.356681+00:00,20260325_225913,9653513487121415380816d567c92e7d,2026-03-25 23:39:52,2026-03-25 23:39:52,1
48,Gulveen Kaur .,,,,,R731030,RCIC,RCIC - L1,,Gulveen Kaur .,No,cicc_immigration_consultants,https://register.college-ic.ca/Public-Register-EN/Public-Register-EN/RCIC_Search.aspx,2026-03-25T23:39:52.356681+00:00,20260325_225913,1d6dd0f34140550a979683b650d7103b,2026-03-25 23:39:52,2026-03-25 23:39:52,1
49,FUTURE DREAMS IMMIGRATION INC.,,,,,R710095,RCIC,RCIC - L2,FUTURE DREAMS IMMIGRATION INC.,Gurinder Singh .,Yes,cicc_immigration_consultants,https://register.college-ic.ca/Public-Register-EN/Public-Register-EN/RCIC_Search.aspx,2026-03-25T23:39:52.356681+00:00,20260325_225913,b2ee4cff3fb69e314019ac419ff5ca12,2026-03-25 23:39:52,2026-03-25 23:39:52,1
50,Gurinderjeet Singh .,,,,,R709979,RCIC,RCIC - L2,,Gurinderjeet Singh .,No,cicc_immigration_consultants,https://register.college-ic.ca/Public-Register-EN/Public-Register-EN/RCIC_Search.aspx,2026-03-25T23:39:52.356681+00:00,20260325_225913,587d064efe213428d081b83ca825b48a,2026-03-25 23:39:52,2026-03-25 23:39:52,1
51,West Vision Immigration Inc.,,,,,R706213,RCIC,RCIC - L2,West Vision Immigration Inc.,Gurjeet Kour .,Yes,cicc_immigration_consultants,https://register.college-ic.ca/Public-Register-EN/Public-Register-EN/RCIC_Search.aspx,2026-03-25T23:39:52.356681+00:00,20260325_225913,af3db2f7ea4f3034fbff5b4e300ef3fb,2026-03-25 23:39:52,2026-03-25 23:39:52,1
52,GSR IMMIGRATION SERVICES INC.,,,,,R709978,RCIC,RCIC - L2,GSR IMMIGRATION SERVICES INC.,Gurjeet Singh .,Yes,cicc_immigration_consultants,https://register.college-ic.ca/Public-Register-EN/Public-Register-EN/RCIC_Search.aspx,2026-03-25T23:39:52.356681+00:00,20260325_225913,876332173aeaec26006e48f98d969b11,2026-03-25 23:39:52,2026-03-25 23:39:52,1
53,VISAPAL IMMIGRATION,,,,,R705772,RCIC,RCIC - L2,VISAPAL IMMIGRATION,Gurjobanpreet Singh .,Yes,cicc_immigration_consultants,https://register.college-ic.ca/Public-Register-EN/Public-Register-EN/RCIC_Search.aspx,2026-03-25T23:39:52.356681+00:00,20260325_225913,a83f438fb8f24b2390ca4aff73117208,2026-03-25 23:39:52,2026-03-25 23:39:52,1
54,Gurkirpaljeet Singh .,,,,,R711952,RCIC,RCIC - L1,,Gurkirpaljeet Singh .,No,cicc_immigration_consultants,https://register.college-ic.ca/Public-Register-EN/Public-Register-EN/RCIC_Search.aspx,2026-03-25T23:39:52.356681+00:00,20260325_225913,de8f6593501a692b841fe62a124bb16f,2026-03-25 23:39:52,2026-03-25 23:39:52,1
55,PULSE IMMIGRATION CONSULTING LIMITED,,,,,R705795,RCIC,RCIC - L2,PULSE IMMIGRATION CONSULTING LIMITED,Gurmail Singh .,No,cicc_immigration_consultants,https://register.college-ic.ca/Public-Register-EN/Public-Register-EN/RCIC_Search.aspx,2026-03-25T23:39:52.356681+00:00,20260325_225913,9e51f9fc8771e39d0d5df24922d117f6,2026-03-25 23:39:52,2026-03-25 23:39:52,1
56,QUANTIS IMMIGRATION INC.,,,,,R711970,RCIC,RCIC - L2,QUANTIS IMMIGRATION INC.,Gurteg Singh .,Yes,cicc_immigration_consultants,https://register.college-ic.ca/Public-Register-EN/Public-Register-EN/RCIC_Search.aspx,2026-03-25T23:39:52.356681+00:00,20260325_225913,5e3b0272b4716434d67c07e35119ceaf,2026-03-25 23:39:52,2026-03-25 23:39:52,1
57,Josan Immigration Inc.,,,,,R705827,RCIC,RCIC - L2,Josan Immigration Inc.,Gurvinder Singh .,Yes,cicc_immigration_consultants,https://register.college-ic.ca/Public-Register-EN/Public-Register-EN/RCIC_Search.aspx,2026-03-25T23:39:52.356681+00:00,20260325_225913,fb0eff3b32243ae38b6d93c8d9c08d47,2026-03-25 23:39:52,2026-03-25 23:39:52,1
58,HIGH SPIRIT CANADIAN IMMIGRATION LIMITED,,,,,R707078,RCIC,RCIC - L2,HIGH SPIRIT CANADIAN IMMIGRATION LIMITED,Gurwinder Singh .,Yes,cicc_immigration_consultants,https://register.college-ic.ca/Public-Register-EN/Public-Register-EN/RCIC_Search.aspx,2026-03-25T23:39:52.356681+00:00,20260325_225913,6a8c48fffb6fed9d394ecd36a7ba5140,2026-03-25 23:39:52,2026-03-25 23:39:52,1
59,Volcano Visa Immigration Services Inc.,,,,,R712800,RCIC,RCIC - L2,Volcano Visa Immigration Services Inc.,Hardeep Kaur .,Yes,cicc_immigration_consultants,https://register.college-ic.ca/Public-Register-EN/Public-Register-EN/RCIC_Search.aspx,2026-03-25T23:39:52.356681+00:00,20260325_225913,6d3d28abef36d590bdb560815e44d54c,2026-03-25 23:39:52,2026-03-25 23:39:52,1
60,Harinder Singh .,,,,,R712385,RCIC,RCIC - L1,,Harinder Singh .,No,cicc_immigration_consultants,https://register.college-ic.ca/Public-Register-EN/Public-Register-EN/RCIC_Search.aspx,2026-03-25T23:39:52.356681+00:00,20260325_225913,9db2f6085655d73183b60446174d6b46,2026-03-25 23:39:52,2026-03-25 23:39:52,1
61,F1 Immigration Inc,,,,,R731364,RCIC,RCIC-IRB - L3,F1 Immigration Inc,Harkirat Singh .,Yes,cicc_immigration_consultants,https://register.college-ic.ca/Public-Register-EN/Public-Register-EN/RCIC_Search.aspx,2026-03-25T23:39:52.356681+00:00,20260325_225913,ded1d370acb10f3c0278a36a8e404885,2026-03-25 23:39:52,2026-03-25 23:39:52,1
62,Walshken Immigration Services Inc.,,,,,R709138,RCIC,RCIC-IRB - L3,Walshken Immigration Services Inc.,Harmandeep .,Yes,cicc_immigration_consultants,https://register.college-ic.ca/Public-Register-EN/Public-Register-EN/RCIC_Search.aspx,2026-03-25T23:39:52.356681+00:00,20260325_225913,3bcc3e2e775f2a4cc196d330a3c2d5d4,2026-03-25 23:39:52,2026-03-25 23:39:52,1
63,BRAVEMOVE IMMIGRATION SERVICES INC.,,,,,R1040718,RCIC,RCIC-IRB - L3,BRAVEMOVE IMMIGRATION SERVICES INC.,HARMANDEEP KAUR .,Yes,cicc_immigration_consultants,https://register.college-ic.ca/Public-Register-EN/Public-Register-EN/RCIC_Search.aspx,2026-03-25T23:39:52.356681+00:00,20260325_225913,322db0ec65102a979a6978c963d6d595,2026-03-25 23:39:52,2026-03-25 23:39:52,1
64,Harmandeep Kaur .,,,,,R710286,RCIC,RCIC - L2,,Harmandeep Kaur .,No,cicc_immigration_consultants,https://register.college-ic.ca/Public-Register-EN/Public-Register-EN/RCIC_Search.aspx,2026-03-25T23:39:52.356681+00:00,20260325_225913,21b1d2327d43e3dba9b349d4df2b01e6,2026-03-25 23:39:52,2026-03-25 23:39:52,1
65,Outlander Immigration Inc.,,,,,R707698,RCIC,RCIC - L2,Outlander Immigration Inc.,Harmandeep Singh .,Yes,cicc_immigration_consultants,https://register.college-ic.ca/Public-Register-EN/Public-Register-EN/RCIC_Search.aspx,2026-03-25T23:39:52.356681+00:00,20260325_225913,8cc0a6fb1888c7d2e91a5ff07c61d277,2026-03-25 23:39:52,2026-03-25 23:39:52,1
66,THT GLOBAL CONSULTING INC,,,,,R707698,RCIC,RCIC - L2,THT GLOBAL CONSULTING INC,Harmandeep Singh .,Yes,cicc_immigration_consultants,https://register.college-ic.ca/Public-Register-EN/Public-Register-EN/RCIC_Search.aspx,2026-03-25T23:39:52.356681+00:00,20260325_225913,6922f8f475f0183d9ed8a64bc2d8958d,2026-03-25 23:39:52,2026-03-25 23:39:52,1
67,Westic Immigration Consulting Inc.,,,,,R707702,RCIC,RCIC - L2,Westic Immigration Consulting Inc.,Harmanjit Singh .,Yes,cicc_immigration_consultants,https://register.college-ic.ca/Public-Register-EN/Public-Register-EN/RCIC_Search.aspx,2026-03-25T23:39:52.356681+00:00,20260325_225913,1a3a3baf3f4ad1c0caf3f1c2a5aa3825,2026-03-25 23:39:52,2026-03-25 23:39:52,1
68,NiXi Immigration Services Ltd,,,,,R712176,RCIC,RCIC - L1,NiXi Immigration Services Ltd,Harmanmeet Singh .,No,cicc_immigration_consultants,https://register.college-ic.ca/Public-Register-EN/Public-Register-EN/RCIC_Search.aspx,2026-03-25T23:39:52.356681+00:00,20260325_225913,9a2e4f339a188e4f87d69157202cacc3,2026-03-25 23:39:52,2026-03-25 23:39:52,1
69,VERTO IMMIGRATION INC.,,,,,R711253,RCIC,RCIC - L2,VERTO IMMIGRATION INC.,Harmanpreet Kaur .,Yes,cicc_immigration_consultants,https://register.college-ic.ca/Public-Register-EN/Public-Register-EN/RCIC_Search.aspx,2026-03-25T23:39:52.356681+00:00,20260325_225913,4b57d934a46dd15aca3060bc636667cd,2026-03-25 23:39:52,2026-03-25 23:39:52,1
70,Golden Tree Immigration,,,,,R705390,RCIC,RCIC - L2,Golden Tree Immigration,Harminder Kaur .,Yes,cicc_immigration_consultants,https://register.college-ic.ca/Public-Register-EN/Public-Register-EN/RCIC_Search.aspx,2026-03-25T23:39:52.356681+00:00,20260325_225913,f3bbb7cd02c127183b9ac2e8ca37e357,2026-03-25 23:39:52,2026-03-25 23:39:52,1
71,Setright Canadian Immigration Inc.,,,,,R709247,RCIC,RCIC - L2,Setright Canadian Immigration Inc.,Harpinder Kaur .,Yes,cicc_immigration_consultants,https://register.college-ic.ca/Public-Register-EN/Public-Register-EN/RCIC_Search.aspx,2026-03-25T23:39:52.356681+00:00,20260325_225913,a8897ff5630748c1e6d3829e9a21a070,2026-03-25 23:39:52,2026-03-25 23:39:52,1
72,REVER IMMIGRATION SERVICES LTD.,,,,,R706468,RCIC,RCIC - L2,REVER IMMIGRATION SERVICES LTD.,Harpreet Kaur .,Yes,cicc_immigration_consultants,https://register.college-ic.ca/Public-Register-EN/Public-Register-EN/RCIC_Search.aspx,2026-03-25T23:39:52.356681+00:00,20260325_225913,c7b31461bb078f5a45ccabe069b5a139,2026-03-25 23:39:52,2026-03-25 23:39:52,1
73,G HAWK IMMIGRATION INC.,,,,,R710466,RCIC,RCIC - L2,G HAWK IMMIGRATION INC.,Harpreet Kaur .,Yes,cicc_immigration_consultants,https://register.college-ic.ca/Public-Register-EN/Public-Register-EN/RCIC_Search.aspx,2026-03-25T23:39:52.356681+00:00,20260325_225913,839254b4a877234fe98aabe8196c956b,2026-03-25 23:39:52,2026-03-25 23:39:52,1
74,BUSY BEE CANADA IMMIGRATION SERVICES,,,,,R706235,RCIC,RCIC - L2,BUSY BEE CANADA IMMIGRATION SERVICES,Harsimran Kaur .,Yes,cicc_immigration_consultants,https://register.college-ic.ca/Public-Register-EN/Public-Register-EN/RCIC_Search.aspx,2026-03-25T23:39:52.356681+00:00,20260325_225913,bb0e0def98255d939c93114b3e061931,2026-03-25 23:39:52,2026-03-25 23:39:52,1
75,H. H Overseas Immigration Services Inc,,,,,R534531,RCIC,RCIC - L2,H. H Overseas Immigration Services Inc,Harsimran Singh .,Yes,cicc_immigration_consultants,https://register.college-ic.ca/Public-Register-EN/Public-Register-EN/RCIC_Search.aspx,2026-03-25T23:39:52.356681+00:00,20260325_225913,e160dff96141cf9ce5fcdfa84359f410,2026-03-25 23:39:52,2026-03-25 23:39:52,1
76,Bridge 2 West Immigration and Citizenship Services Inc.,,,,,R706513,RCIC,RCIC - L2,Bridge 2 West Immigration and Citizenship Services Inc.,Harsimranjit Singh .,Yes,cicc_immigration_consultants,https://register.college-ic.ca/Public-Register-EN/Public-Register-EN/RCIC_Search.aspx,2026-03-25T23:39:52.356681+00:00,20260325_225913,62bea1be0cff84350c359902b5be67b5,2026-03-25 23:39:52,2026-03-25 23:39:52,1
77,Kepler Immigration Services Inc.,,,,,R731435,RCIC,RCIC-IRB - L3,Kepler Immigration Services Inc.,Harvinder Singh .,Yes,cicc_immigration_consultants,https://register.college-ic.ca/Public-Register-EN/Public-Register-EN/RCIC_Search.aspx,2026-03-25T23:39:52.356681+00:00,20260325_225913,b1b1f420653598936f3b65d02b8c2ce2,2026-03-25 23:39:52,2026-03-25 23:39:52,1
78,Hassan Rasheed Sayeed .,,,,,R707291,RCIC,RCIC - L2,,Hassan Rasheed Sayeed .,No,cicc_immigration_consultants,https://register.college-ic.ca/Public-Register-EN/Public-Register-EN/RCIC_Search.aspx,2026-03-25T23:39:52.356681+00:00,20260325_225913,4dfc826c29979cb127f60558d318f516,2026-03-25 23:39:52,2026-03-25 23:39:52,1
79,Santaga Immigration Inc.,,,,,R713201,RCIC,RCIC - L1,Santaga Immigration Inc.,Hortence Kamga .,Yes,cicc_immigration_consultants,https://register.college-ic.ca/Public-Register-EN/Public-Register-EN/RCIC_Search.aspx,2026-03-25T23:39:52.356681+00:00,20260325_225913,d92eeadd35c744a3509901bc2883c8b5,2026-03-25 23:39:52,2026-03-25 23:39:52,1
80,IJS IMMIGRATION GROUP LIMITED,,,,,R706393,RCIC,RCIC - L2,IJS IMMIGRATION GROUP LIMITED,Inderjit Singh .,Yes,cicc_immigration_consultants,https://register.college-ic.ca/Public-Register-EN/Public-Register-EN/RCIC_Search.aspx,2026-03-25T23:39:52.356681+00:00,20260325_225913,3166f6af6cb763270e88584feacde774,2026-03-25 23:39:52,2026-03-25 23:39:52,1
81,OCEANWAVE CANADIAN IMMIGRATION AND CONSULTANCY SERVICES INC.,,,,,R711024,RCIC,RCIC - L2,OCEANWAVE CANADIAN IMMIGRATION AND CONSULTANCY SERVICES INC.,Ismeet Kaur .,Yes,cicc_immigration_consultants,https://register.college-ic.ca/Public-Register-EN/Public-Register-EN/RCIC_Search.aspx,2026-03-25T23:39:52.356681+00:00,20260325_225913,be6ba1cd69cbd521fe38f785479fbdfd,2026-03-25 23:39:52,2026-03-25 23:39:52,1
82,JDH Immigration Consultancy Inc.,,,,,R709661,RCIC,RCIC-IRB - L3,JDH Immigration Consultancy Inc.,Jashandeep Kaur .,Yes,cicc_immigration_consultants,https://register.college-ic.ca/Public-Register-EN/Public-Register-EN/RCIC_Search.aspx,2026-03-25T23:39:52.356681+00:00,20260325_225913,a6a6b0138b19ac240d479bd0810f450a,2026-03-25 23:39:52,2026-03-25 23:39:52,1
83,Vaseba Immigration and Visa Solutions,,,,,R705553,RCIC,RCIC - L2,Vaseba Immigration and Visa Solutions,Jashanjit Singh .,Yes,cicc_immigration_consultants,https://register.college-ic.ca/Public-Register-EN/Public-Register-EN/RCIC_Search.aspx,2026-03-25T23:39:52.356681+00:00,20260325_225913,e1a240b37d8469e7a681b1a5c17f34ec,2026-03-25 23:39:52,2026-03-25 23:39:52,1
84,IOTA IMMIGRATION LTD.,,,,,R708290,RCIC,RCIC - L2,IOTA IMMIGRATION LTD.,Jasneet Kaur .,Yes,cicc_immigration_consultants,https://register.college-ic.ca/Public-Register-EN/Public-Register-EN/RCIC_Search.aspx,2026-03-25T23:39:52.356681+00:00,20260325_225913,60fb8ff82005fe7e55f2658345d66eed,2026-03-25 23:39:52,2026-03-25 23:39:52,1
85,Sparkline Immigration Services Inc.,,,,,R708956,RCIC,RCIC - L2,Sparkline Immigration Services Inc.,Jaspal Singh .,Yes,cicc_immigration_consultants,https://register.college-ic.ca/Public-Register-EN/Public-Register-EN/RCIC_Search.aspx,2026-03-25T23:39:52.356681+00:00,20260325_225913,4a157d7fb58f73addae1caa11edfeeef,2026-03-25 23:39:52,2026-03-25 23:39:52,1
86,Canadian Immigration Connections,,,,,R711448,RCIC,RCIC - L2,Canadian Immigration Connections,Jaspreet Kaur .,Yes,cicc_immigration_consultants,https://register.college-ic.ca/Public-Register-EN/Public-Register-EN/RCIC_Search.aspx,2026-03-25T23:39:52.356681+00:00,20260325_225913,ec033ddaf1ce2f8630f51b0fa00d8fa7,2026-03-25 23:39:52,2026-03-25 23:39:52,1
87,Rising Sun Immigration Services,,,,,R711130,RCIC,RCIC - L2,Rising Sun Immigration Services,Jatin .,Yes,cicc_immigration_consultants,https://register.college-ic.ca/Public-Register-EN/Public-Register-EN/RCIC_Search.aspx,2026-03-25T23:39:52.356681+00:00,20260325_225913,33b37b2d31f40742a0f7392595f53059,2026-03-25 23:39:52,2026-03-25 23:39:52,1
88,Verge Immigration Services,,,,,R707312,RCIC,RCIC-IRB - L3,Verge Immigration Services,Jatinder Singh .,Yes,cicc_immigration_consultants,https://register.college-ic.ca/Public-Register-EN/Public-Register-EN/RCIC_Search.aspx,2026-03-25T23:39:52.356681+00:00,20260325_225913,c85bac08055ee4134057c5023dfc17ed,2026-03-25 23:39:52,2026-03-25 23:39:52,1
89,Verge Immigration Services Inc.,,,,,R707312,RCIC,RCIC-IRB - L3,Verge Immigration Services Inc.,Jatinder Singh .,Yes,cicc_immigration_consultants,https://register.college-ic.ca/Public-Register-EN/Public-Register-EN/RCIC_Search.aspx,2026-03-25T23:39:52.356681+00:00,20260325_225913,ed9b0013186dd666c06e3b049f7e5a07,2026-03-25 23:39:52,2026-03-25 23:39:52,1
90,Venus Immigration Consulting Incorporated,,,,,R708397,RCIC,RCIC - L2,Venus Immigration Consulting Incorporated,Jayesh Jacob .,Yes,cicc_immigration_consultants,https://register.college-ic.ca/Public-Register-EN/Public-Register-EN/RCIC_Search.aspx,2026-03-25T23:39:52.356681+00:00,20260325_225913,c1071a0567755de9779418a47f37510b,2026-03-25 23:39:52,2026-03-25 23:39:52,1
91,Blue Kite Immigration Inc.,,,,,R709498,RCIC,RCIC - L2,Blue Kite Immigration Inc.,Jugraj Singh .,Yes,cicc_immigration_consultants,https://register.college-ic.ca/Public-Register-EN/Public-Register-EN/RCIC_Search.aspx,2026-03-25T23:39:52.356681+00:00,20260325_225913,3bf64160777731c99688f4638ef36c9c,2026-03-25 23:39:52,2026-03-25 23:39:52,1
92,GURUDEV IMMIGRATION,,,,,R708618,RCIC,RCIC - L2,GURUDEV IMMIGRATION,Kamal Deep Singh .,Yes,cicc_immigration_consultants,https://register.college-ic.ca/Public-Register-EN/Public-Register-EN/RCIC_Search.aspx,2026-03-25T23:39:52.356681+00:00,20260325_225913,63e10750474bd8dc4f88b3cb1070552f,2026-03-25 23:39:52,2026-03-25 23:39:52,1
93,Bonafide Immigration Inc.,,,,,R707110,RCIC,RCIC - L2,Bonafide Immigration Inc.,Kamalpreet Kaur .,Yes,cicc_immigration_consultants,https://register.college-ic.ca/Public-Register-EN/Public-Register-EN/RCIC_Search.aspx,2026-03-25T23:39:52.356681+00:00,20260325_225913,5d0d4770d99826fd6f676c87aeca9190,2026-03-25 23:39:52,2026-03-25 23:39:52,1
94,HAWKWINGS INTERNATIONAL IMMIGRATION SOLUTIONS,,,,,R707657,RCIC,RCIC - L2,HAWKWINGS INTERNATIONAL IMMIGRATION SOLUTIONS,Karanjit Singh .,Yes,cicc_immigration_consultants,https://register.college-ic.ca/Public-Register-EN/Public-Register-EN/RCIC_Search.aspx,2026-03-25T23:39:52.356681+00:00,20260325_225913,8cc2d41d5f2818dda663014e02383025,2026-03-25 23:39:52,2026-03-25 23:39:52,1
95,AQUILO IMMIGRATION SERVICES INC.,,,,,R707725,RCIC,RCIC - L2,AQUILO IMMIGRATION SERVICES INC.,Kawaljeet Kaur .,Yes,cicc_immigration_consultants,https://register.college-ic.ca/Public-Register-EN/Public-Register-EN/RCIC_Search.aspx,2026-03-25T23:39:52.356681+00:00,20260325_225913,d35e419c152e3345ec37ed3dc99fa6aa,2026-03-25 23:39:52,2026-03-25 23:39:52,1
96,Khushwinder Immigration Inc.,,,,,R707072,RCIC,RCIC - L2,Khushwinder Immigration Inc.,Khushwinder Singh .,Yes,cicc_immigration_consultants,https://register.college-ic.ca/Public-Register-EN/Public-Register-EN/RCIC_Search.aspx,2026-03-25T23:39:52.356681+00:00,20260325_225913,3eea9c3aea6322370e69d530f44568c1,2026-03-25 23:39:52,2026-03-25 23:39:52,1
97,KPM IMMIGRATION CONSULTANCY INC.,,,,,R708640,RCIC,RCIC - L2,KPM IMMIGRATION CONSULTANCY INC.,Kiranpreet Kaur .,Yes,cicc_immigration_consultants,https://register.college-ic.ca/Public-Register-EN/Public-Register-EN/RCIC_Search.aspx,2026-03-25T23:39:52.356681+00:00,20260325_225913,a44439b70a01563c013c139153553a9b,2026-03-25 23:39:52,2026-03-25 23:39:52,1
98,Kuldeep Singh .,,,,,R711462,RCIC,RCIC - L2,,Kuldeep Singh .,No,cicc_immigration_consultants,https://register.college-ic.ca/Public-Register-EN/Public-Register-EN/RCIC_Search.aspx,2026-03-25T23:39:52.356681+00:00,20260325_225913,5ccde6abe6f2a8764f2cb09443ee1e08,2026-03-25 23:39:52,2026-03-25 23:39:52,1
99,Kulwinder Kaur .,,,,,R711560,RCIC,RCIC - L1,,Kulwinder Kaur .,No,cicc_immigration_consultants,https://register.college-ic.ca/Public-Register-EN/Public-Register-EN/RCIC_Search.aspx,2026-03-25T23:39:52.356681+00:00,20260325_225913,75fcd5580252a6596a484636e3baf461,2026-03-25 23:39:52,2026-03-25 23:39:52,1
100,Nationsfirst Immigration Ltd,,,,,R706718,RCIC,RCIC - L2,Nationsfirst Immigration Ltd,Lakhdeep Singh .,Yes,cicc_immigration_consultants,https://register.college-ic.ca/Public-Register-EN/Public-Register-EN/RCIC_Search.aspx,2026-03-25T23:39:52.356681+00:00,20260325_225913,1de32eaac0283ce66ca9032c1ab580e9,2026-03-25 23:39:52,2026-03-25 23:39:52,1
