id,company_name,address,city,state,zip,phone,email,website,organization_id,specialties,member_type,membership_length,certifications,nari_accredited_since,chapter,description,dataset,source_url,crawl_date,crawl_session,dedup_hash,first_seen,last_seen,is_new
1,"HRS1042,LLC",2345 Pelham Pkwy,Pelham,Alabama,,(205) 858-1658,services@hrsbham.com,https://hrsbham.com/,12713951,"Additions, Basement Remodeling, Baths, Deck Contractor, Kitchens/Baths, Remodeling Contractor, Renovation, Residential Remodeling, Room Additions, Siding Contractor",Remodeler,,,,,,nari_remodelers,https://remodelingdoneright.nari.org/find-a-remodeler-search/,2026-03-26T07:17:25.893760+00:00,20260326_071257,4a7322921f3faea586e6ce47046e3e39,2026-03-25 23:02:34,2026-03-26 07:17:26,0
2,"Wells Remodeling, LLC dba Dixieland ReBath",4675 Appaloosa Dr,Irondale,Alabama,,(205) 623-3080,andrew@rebath5dk.com,http://www.alabamarebath.com,12622962,"Contractor, Kitchens/Baths, Remodeling Contractor, Universal Design Remodeler",Remodeler,,,,,,nari_remodelers,https://remodelingdoneright.nari.org/find-a-remodeler-search/,2026-03-26T07:17:25.893760+00:00,20260326_071257,779a325dbda0b37ad3945fee6b5612e1,2026-03-25 23:02:34,2026-03-26 07:17:26,0
3,"TraVek, Inc.",7661 E Gray Rd,Scottsdale,Arizona,,(480) 367-1171,susan@travek.com,http://www.travek.com,12534830,"Contractor, Flooring Contractor, Green Remodeler, Kitchens/Baths, Remodeling Contractor, Restoration, Roofing Contractor, Tile Contractor, Universal Design Remodeler",Remodeler,,,,,NARI Accredited since 2019.,nari_remodelers,https://remodelingdoneright.nari.org/find-a-remodeler-search/,2026-03-26T07:17:25.894760+00:00,20260326_071257,43ccb7c624df921d03ee13d8180a3ccd,2026-03-25 23:02:34,2026-03-26 07:17:26,0
4,Ardan Construction LLC,9375 E Shea Blvd Ste 109C,Scottsdale,Arizona,,(602) 614-0771,danny@ardanllc.com,http://www.ardanconstruction.com,12670223,"Baths, Cabinet Installer, Cabinets - Refacing, Kitchens, Restoration, Siding Contractor, Tile Contractor, Universal Design Remodeler, Windows",Remodeler,,,,,,nari_remodelers,https://remodelingdoneright.nari.org/find-a-remodeler-search/,2026-03-26T07:17:25.894760+00:00,20260326_071257,bf53257db41620f36f942710fef91e6b,2026-03-25 23:02:34,2026-03-26 07:17:26,0
5,Homework Remodels,4105 N 20th St Ste 210,Phoenix,Arizona,,(602) 478-5102,steve@homeworkremodels.com,http://www.homeworkRemodels.com,12571590,"Contractor, Design/Build, Green Remodeler, Home Performance Diagnostics, Kitchens/Baths, Remodeling Contractor, Restoration, Universal Design Remodeler, Windows/Doors",Remodeler,,,,,,nari_remodelers,https://remodelingdoneright.nari.org/find-a-remodeler-search/,2026-03-26T07:17:25.894760+00:00,20260326_071257,1b745176ddf28c7ab04d6547a7f9a640,2026-03-25 23:02:34,2026-03-26 07:17:26,0
6,Kirk Development Company,340 E Caron St,Phoenix,Arizona,,(602) 944-3658,designbuild@kirkdevco.com,http://www.kirkdevco.com,88229,"Deck Contractor, Insulation Contractor, Kitchens/Baths, Remodeling Contractor, Restoration, Tile Contractor, Universal Design Remodeler, Windows/Doors",Remodeler,,,,,,nari_remodelers,https://remodelingdoneright.nari.org/find-a-remodeler-search/,2026-03-26T07:17:25.894760+00:00,20260326_071257,3d1bb1032330154b7feafadf5208bc3b,2026-03-25 23:02:34,2026-03-26 07:17:26,0
7,Red Mountain Renewal,8175 E Evans Rd Unit 15125,Scottsdale,Arizona,,(480) 276-3447,tom@redmountainrenewal.com,http://www.redmountainrenewal.com,12557622,"Baths, Cabinets, Contractor, Countertops, Flooring Contractor, Green Remodeler, Kitchens/Baths, Residential Remodeling, Tile Contractor, Universal Design Remodeler",Specialty Contractor,,,,,Whole House Interior Remodeling,nari_remodelers,https://remodelingdoneright.nari.org/find-a-remodeler-search/,2026-03-26T07:17:25.894760+00:00,20260326_071257,83738c974ec7aae5d57e53c4cf97500a,2026-03-25 23:02:34,2026-03-26 07:17:26,0
8,Rosie Right Design Build Remodel,6949 E Shea Blvd # 120,Scottsdale,Arizona,,(480) 248-8699,info@rosieright.com,http://www.rosieright.com,12699889,"Architectural Design, Design/Build, Kitchens/Baths, Outdoor Living/Kitchens, Residential Remodeling, Room Additions, Universal Design Remodeler",Remodeler,,,,,,nari_remodelers,https://remodelingdoneright.nari.org/find-a-remodeler-search/,2026-03-26T07:17:25.894760+00:00,20260326_071257,398ea14af5da578281cf2a4325224b54,2026-03-25 23:02:34,2026-03-26 07:17:26,0
9,Todd Whittaker Drywall Inc.,2400 W Union Hills Dr Ste 110,Phoenix,Arizona,,(623) 544-1211,tawhittaker@twdaz.com,http://www.twdaz.com,12627568,"Cabinet Installer, Design/Build, Drywall, Kitchens/Baths, Painting, Remodeling Contractor, Stucco, Tile Contractor, Universal Design Remodeler, Windows/Doors",Remodeler,,,,,,nari_remodelers,https://remodelingdoneright.nari.org/find-a-remodeler-search/,2026-03-26T07:17:25.894760+00:00,20260326_071257,494a00fc2a6d934e957ef5150618cd2e,2026-03-25 23:02:34,2026-03-26 07:17:26,0
10,"Advanced Development & Building Services, LLC",8924 E Pinnacle Peak Rd Ste G5 PMB 514,Scottsdale,Arizona,,(602) 753-0863,info@advbld.com,http://www.advbld.com,12693013,,Remodeler,,,,,,nari_remodelers,https://remodelingdoneright.nari.org/find-a-remodeler-search/,2026-03-26T07:17:25.894760+00:00,20260326_071257,65f4b7a93e42c88865e98112bd100261,2026-03-25 23:02:34,2026-03-26 07:17:26,0
11,Apollo Builders,10345 E Desert Cove Ave # 2,Scottsdale,Arizona,,(480) 664-1742,tyler@apollobuilders.com,http://apollobuilders.com,12556779,"Cabinet Installer, Cabinets - Refacing, Countertop Installers, Green Remodeler, Kitchens/Baths, Remodeling Contractor, Universal Design Remodeler",Remodeler,,,,,,nari_remodelers,https://remodelingdoneright.nari.org/find-a-remodeler-search/,2026-03-26T07:17:25.894760+00:00,20260326_071257,784d162d77370c4bf3041658e25f0921,2026-03-25 23:02:34,2026-03-26 07:17:26,0
12,"Champion Built Contracting, Inc.",2622 E Desert Ln,Gilbert,Arizona,,(480) 497-5222,championbuilt@cox.net,http://www.championbuiltcontracting.com,12533272,"Additions, Deck Contractor, Flooring Contractor, Kitchens/Baths, Patios, Remodeling Contractor, Restoration, Universal Design Remodeler, Windows/Doors",Remodeler,,,,,,nari_remodelers,https://remodelingdoneright.nari.org/find-a-remodeler-search/,2026-03-26T07:17:25.894760+00:00,20260326_071257,ffa1cd4839465f23fb2b79080e61fe77,2026-03-25 23:02:34,2026-03-26 07:17:26,0
13,Contract Furnishings Mart,3150 N San Marcos Pl,Chandler,Arizona,,(503) 542-8906,garrett.anderson@cfmfloors.com,http://www.cfmfloors.com,12701417,,Vendor,,,,,,nari_remodelers,https://remodelingdoneright.nari.org/find-a-remodeler-search/,2026-03-26T07:17:25.894760+00:00,20260326_071257,1cf357d307d9517b208480884d31bfce,2026-03-25 23:02:34,2026-03-26 07:17:26,0
14,Cook Remodeling,100 W Hoover Ave Ste 12,Mesa,Arizona,,(480) 491-3077,janet@cookremodeling.com,http://www.cookremodeling.com,12565337,"Additions, Cabinets, Contractor, Kitchens/Baths, Outdoor Living/Kitchens, Remodeling Contractor, Specialty Contractor, Universal Design Remodeler, Windows/Doors",Remodeler,,,,,,nari_remodelers,https://remodelingdoneright.nari.org/find-a-remodeler-search/,2026-03-26T07:17:25.894760+00:00,20260326_071257,815f0169be736c8c007a8a2a0210ed1d,2026-03-25 23:02:34,2026-03-26 07:17:26,0
15,Denovo Cabinets LLC,8350 S Kyrene Rd,Tempe,Arizona,,(714) 366-5119,larry@denovocabinetry.com,,12716862,Cabinets,Remodeler,,,,,,nari_remodelers,https://remodelingdoneright.nari.org/find-a-remodeler-search/,2026-03-26T07:17:25.894760+00:00,20260326_071257,75a4ce7ec42bd179991fa6ade224cbe8,2026-03-25 23:02:34,2026-03-26 07:17:26,0
16,Gatsby Glass of Scottsdale,8350 E Evans Rd Ste D4,Scottsdale,Arizona,,(480) 780-1000,ewills@gatsbyglass.com,https://www.gatsbyglass.com/scottsdale-az,12715818,Glass,Specialty Contractor,,,,,,nari_remodelers,https://remodelingdoneright.nari.org/find-a-remodeler-search/,2026-03-26T07:17:25.894760+00:00,20260326_071257,aa31709d5b6ffe53848944e9e9a5eccd,2026-03-25 23:02:34,2026-03-26 07:17:26,0
17,Global Prevention Services,7762 E Gray Rd Ste 400,Scottsdale,Arizona,,(480) 951-3600,mh@nomold.com,https://www.nomold.com/,12693350,,Remodeler,,,,,,nari_remodelers,https://remodelingdoneright.nari.org/find-a-remodeler-search/,2026-03-26T07:17:25.894760+00:00,20260326_071257,89f1581f2b7b209cff3322be863341e8,2026-03-25 23:02:34,2026-03-26 07:17:26,0
18,Gus Brothers Construction LLC,PO Box 578,Scottsdale,Arizona,,(480) 766-0996,gus@gusbros.com,http://gusbrothersconstruction.com,12715521,Residential Remodeling,Remodeler,,,,,,nari_remodelers,https://remodelingdoneright.nari.org/find-a-remodeler-search/,2026-03-26T07:17:25.894760+00:00,20260326_071257,981b4d6d738c76eb76e2d67b8132ce37,2026-03-25 23:02:34,2026-03-26 07:17:26,0
19,Hydroshield of Phoenix,14624 N 49th Pl,Scottsdale,Arizona,,(480) 646-6932,jim@hydroshieldphx.com,http://www.hydroshieldphx.com,12687838,"Caulks/Sealants, Other",Specialty Contractor,,,,,,nari_remodelers,https://remodelingdoneright.nari.org/find-a-remodeler-search/,2026-03-26T07:17:25.894760+00:00,20260326_071257,477b518c0a63983f65fd8bfde8132513,2026-03-25 23:02:34,2026-03-26 07:17:26,0
20,Krasiva Windows & Doors (dba Exterior Remodelers),2432 W Peoria Ave Ste 1186,Phoenix,Arizona,,(602) 678-3737,gregs@krasivawindows.com,http://krasivawindows.com/,12584473,Windows/Doors,Remodeler,,,,,,nari_remodelers,https://remodelingdoneright.nari.org/find-a-remodeler-search/,2026-03-26T07:17:25.894760+00:00,20260326_071257,5f53cdbd0825d6928fdfb5ceb95e3cc6,2026-03-25 23:02:34,2026-03-26 07:17:26,0
21,Lang & Klain P.C.,6730 N Scottsdale Rd Ste 101,Scottsdale,Arizona,,(480) 809-3864,jhanson@lang-klain.com,http://www.lang-klain.com,12672707,Legal Services,Service Provider,,,,,,nari_remodelers,https://remodelingdoneright.nari.org/find-a-remodeler-search/,2026-03-26T07:17:25.894760+00:00,20260326_071257,0c4d86dda8a1f9a467ff1dbf397d54ff,2026-03-25 23:02:34,2026-03-26 07:17:26,0
22,Lux Kitchen and Bath Gallery,15685 N Greenway Hayden Loop Ste 105,Scottsdale,Arizona,,(480) 427-3815,scott@luxkbgallery.com,https://Www.Luxkbgallery.com,12716908,Kitchens/Baths,Remodeler,,,,,,nari_remodelers,https://remodelingdoneright.nari.org/find-a-remodeler-search/,2026-03-26T07:17:25.894760+00:00,20260326_071257,0dee0e9a1a28d57ebb9209f56a4470f5,2026-03-25 23:02:34,2026-03-26 07:17:26,0
23,Marblelife Phoenix,14844 N Hana Maui Dr,Phoenix,Arizona,,(480) 572-9083,gm-phoenix@marblelife.com,https://marblelife-phoenix.com/,12717599,"Concrete Services, Marble & Stone, Tile Contractor",Specialty Contractor,,,,,,nari_remodelers,https://remodelingdoneright.nari.org/find-a-remodeler-search/,2026-03-26T07:17:25.894760+00:00,20260326_071257,81f11f3a518c78e443dc6b914ded27af,2026-03-25 23:02:34,2026-03-26 07:17:26,0
24,ModaScapes Interior Design,8553 E San Alberto,Scottsdale,Arizona,,(480) 422-1855,adrienne@modascapes.com,http://www.modascapes.com,12691438,"Interior Design, Kitchens/Baths",Specialty Contractor,,,,,,nari_remodelers,https://remodelingdoneright.nari.org/find-a-remodeler-search/,2026-03-26T07:17:25.894760+00:00,20260326_071257,09dcc048d1ab9ba6173b5c18afd51313,2026-03-25 23:02:34,2026-03-26 07:17:26,0
25,Monterrey Tile Company,225 W Baseline Rd,Gilbert,Arizona,,(480) 855-9988,lorraine.umphrey@monterreytile.com,http://www.monterreytile.com,12593294,"Flooring, Paving, Tile",Vendor,,,,,,nari_remodelers,https://remodelingdoneright.nari.org/find-a-remodeler-search/,2026-03-26T07:17:25.894760+00:00,20260326_071257,8286f3b81260f2661d7df97878520b13,2026-03-25 23:02:34,2026-03-26 07:17:26,0
26,Oasis Cabinetry,5445 W Roosevelt St Ste 400,Phoenix,Arizona,,(888) 738-5088,info@oasiscabinetryaz.com,https://oasiscabinetryaz.com/home,12716703,Cabinets,Specialty Contractor,,,,,,nari_remodelers,https://remodelingdoneright.nari.org/find-a-remodeler-search/,2026-03-26T07:17:25.894760+00:00,20260326_071257,b23a5d5ca740e19a5bca4bbf000f34cc,2026-03-25 23:02:34,2026-03-26 07:17:26,0
27,Pella Windows & Doors,801 S 75th Ave Ste 100,Phoenix,Arizona,,(480) 220-5845,parys@cox.net,http://www.pella.com/,12714351,"Doors, Windows, Windows/Doors",Vendor,,,,,,nari_remodelers,https://remodelingdoneright.nari.org/find-a-remodeler-search/,2026-03-26T07:17:25.894760+00:00,20260326_071257,fa6142612aebd5478901a1c45520f964,2026-03-25 23:02:34,2026-03-26 07:17:26,0
28,ProSource Arizona,4545 E Broadway Rd Ste 200,Phoenix,Arizona,,(253) 332-7389,ejl@pswaz.com,https://www.prosourceaz.com/,12700650,,Specialty Contractor,,,,,,nari_remodelers,https://remodelingdoneright.nari.org/find-a-remodeler-search/,2026-03-26T07:17:25.894760+00:00,20260326_071257,c1cfe4d0030c4738c32d731b508d7a5c,2026-03-25 23:02:34,2026-03-26 07:17:26,0
29,QDI Surfaces,15678 N Greenway Hayden Loop,Scottsdale,Arizona,,(310) 421-5615,kimberly.alvarez@qdisurfaces.com,http://www.qdisurfaces.com,12716705,Tile,Vendor,,,,,,nari_remodelers,https://remodelingdoneright.nari.org/find-a-remodeler-search/,2026-03-26T07:17:25.894760+00:00,20260326_071257,b7e1b9d762d04f93eeb4b111f683ae5d,2026-03-25 23:02:34,2026-03-26 07:17:26,0
30,RENCO Roofing,2210 W Shangri La Rd Ste 1A,Phoenix,Arizona,,(602) 867-9386,admin@rencoroofing.com,http://www.rencoroofing.com,12542310,"Insulation Contractor, Residential & Commercial Remodel, Roofing Contractor",Specialty Contractor,,,,,,nari_remodelers,https://remodelingdoneright.nari.org/find-a-remodeler-search/,2026-03-26T07:17:25.894760+00:00,20260326_071257,6eafb3cfccc7883727da59f1ddf3a0b7,2026-03-25 23:02:34,2026-03-26 07:17:26,0
31,RS Anderson & Company LLC,2205 E Coghlan Pl,Phoenix,Arizona,,(480) 560-4805,jaime@rsandersonco.com,http://www.rsandersonco.com,12714867,"Baths, Kitchens, Kitchens/Baths",Remodeler,,,,,,nari_remodelers,https://remodelingdoneright.nari.org/find-a-remodeler-search/,2026-03-26T07:17:25.894760+00:00,20260326_071257,67b9cee0298321719383e9d477d57994,2026-03-25 23:02:34,2026-03-26 07:17:26,0
32,Scope Project Management Group,275 E Rivulon Blvd Ste 201,Gilbert,Arizona,,(480) 935-4300,tnichol@hgmgt.com,,12702915,,Specialty Contractor,,,,,,nari_remodelers,https://remodelingdoneright.nari.org/find-a-remodeler-search/,2026-03-26T07:17:25.894760+00:00,20260326_071257,651b2852d45b9a6737dc7ec28644f0da,2026-03-25 23:02:34,2026-03-26 07:17:26,0
33,"Smart Construction, Inc.",17460 N 25th Ave Ste A2,Phoenix,Arizona,,(480) 367-8114,bsmart@smartconstructioninc.com,http://smartconstructioninc.com,12601193,"Contractor, Disaster Recovery Services, Flooring Contractor, Kitchens/Baths, Remodeling Contractor, Restoration, Tile Contractor, Universal Design Remodeler, Windows/Doors",Remodeler,,,,,,nari_remodelers,https://remodelingdoneright.nari.org/find-a-remodeler-search/,2026-03-26T07:17:25.894760+00:00,20260326_071257,92c4952ef4c822c9dc6b372b91e7e6b2,2026-03-25 23:02:34,2026-03-26 07:17:26,0
34,Stardust Non-Profit Building Supplies,1720 W Broadway Rd Ste 101,Mesa,Arizona,,(480) 668-0566,kjayne@stardustbuilding.org,https://stardustbuilding.org/,12693392,,Vendor,,,,,,nari_remodelers,https://remodelingdoneright.nari.org/find-a-remodeler-search/,2026-03-26T07:17:25.894760+00:00,20260326_071257,47de856b94110c442de6bbe76326a39e,2026-03-25 23:02:34,2026-03-26 07:17:26,0
35,Sub-Zero Group Southwest,15570 N 83rd Way,Scottsdale,Arizona,,(480) 222-8228,derek.wozencraft@subzero.com,http://www.subzero-wolf.com,12670287,Appliances,Vendor,,,,,,nari_remodelers,https://remodelingdoneright.nari.org/find-a-remodeler-search/,2026-03-26T07:17:25.894760+00:00,20260326_071257,c90a2d4261ec524a0f49530511ce5784,2026-03-25 23:02:34,2026-03-26 07:17:26,0
36,"Tobias When LLC, DBA Daisy Scottsdale",2636 S Wilson St Ste 104 # A4,Tempe,Arizona,,(480) 347-0493,jim.schoene@daisyco.com,https://daisyco.com/,12716861,Accessible Products/Services,Specialty Contractor,,,,,,nari_remodelers,https://remodelingdoneright.nari.org/find-a-remodeler-search/,2026-03-26T07:17:25.894760+00:00,20260326_071257,fd39b27985fe62f5f3f4ef4051e440a6,2026-03-25 23:02:34,2026-03-26 07:17:26,0
37,Toscani Interior Services LLC,12401 N 66th St,Scottsdale,Arizona,,(480) 885-8500,toscaniinteriors@gmail.com,https://toscaniinteriorservices.com,12716463,Accessible Products/Services,Remodeler,,,,,,nari_remodelers,https://remodelingdoneright.nari.org/find-a-remodeler-search/,2026-03-26T07:17:25.894760+00:00,20260326_071257,a84717b812faaa6a2a794fa86ae77f04,2026-03-25 23:02:34,2026-03-26 07:17:26,0
38,True Up Companies,20713 E Ocotillo Rd Ste 101,Queen Creek,Arizona,,(480) 284-5589,tsmith@trueupcompanies.com,https://www.trueupcompanies.com/,12693929,,Remodeler,,,,,,nari_remodelers,https://remodelingdoneright.nari.org/find-a-remodeler-search/,2026-03-26T07:17:25.894760+00:00,20260326_071257,207de27f7ada3ed101a433dc8be20110,2026-03-25 23:02:34,2026-03-26 07:17:26,0
39,Tse Construction,5019 E Emile Zola Ave,Scottsdale,Arizona,,(602) 313-3152,hello@tsethefuture.com,https://www.tsethefuture.com,12711329,,Remodeler,,,,,,nari_remodelers,https://remodelingdoneright.nari.org/find-a-remodeler-search/,2026-03-26T07:17:25.894760+00:00,20260326_071257,0a8785d32cc37d2469587afec7e86f85,2026-03-25 23:02:34,2026-03-26 07:17:26,0
40,VaVia Dumpster Rental Phoenix,21407 N 24th Ave,Phoenix,Arizona,,(602) 529-1217,phoenix@govavia.com,https://govavia.com/phoenix-az-dumpster-rental/,12714621,"Rentals, Waste Disposal",Service Provider,,,,,,nari_remodelers,https://remodelingdoneright.nari.org/find-a-remodeler-search/,2026-03-26T07:17:25.894760+00:00,20260326_071257,134d881095f0753a53f3c544a5181d73,2026-03-25 23:02:34,2026-03-26 07:17:26,0
41,Wolfe Woodworking,1716 W 10th Pl,Tempe,Arizona,,(480) 331-1530,wolfewoodworking@aol.com,http://wolfewoodworking.com,12698562,Wood,Remodeler,,,,,,nari_remodelers,https://remodelingdoneright.nari.org/find-a-remodeler-search/,2026-03-26T07:17:25.894760+00:00,20260326_071257,c71b3a269171af1b4d0579665f80db1c,2026-03-25 23:02:34,2026-03-26 07:17:26,0
42,A-1 Storage Buildings,1821 Pamela Way,Alexander,Arkansas,,(501) 840-3382,jjwells30@live.com,http://www.a-1builtonsite.com,12697688,"Decks & Patios, Fence, Sheds, Storage",Specialty Contractor,,,,,,nari_remodelers,https://remodelingdoneright.nari.org/find-a-remodeler-search/,2026-03-26T07:17:25.894760+00:00,20260326_071257,c1f28889aed01aa6e047e842f05a4c63,2026-03-25 23:02:34,2026-03-26 07:17:26,0
43,Advanced Building & Remodeling,7190 W Sunset Blvd # 1235,Los Angeles,California,,(310) 870-5000,john.calderon.pm@gmail.com,http://www.advancedbuildingla.com,12693355,"Accounting, Additions, Architectural Design, Contractor, Design/Build, Kitchens, Remodeling Contractor, Renovation, Residential & Commercial Remodel, Room Additions",Remodeler,,,,,,nari_remodelers,https://remodelingdoneright.nari.org/find-a-remodeler-search/,2026-03-26T07:17:25.894760+00:00,20260326_071257,2f581ab696889c72a4c1174a3529b188,2026-03-25 23:02:34,2026-03-26 07:17:26,0
44,Coleman Build LLC a division of Coleman Construction,1973 W 48th St,Los Angeles,California,,(323) 295-5484,sharon@colemanbuild.com,http://www.colemanbuild.com/,12700909,"Baths, Decks & Patios, Design/Build, Residential Remodeling",Remodeler,,,,,,nari_remodelers,https://remodelingdoneright.nari.org/find-a-remodeler-search/,2026-03-26T07:17:25.894760+00:00,20260326_071257,d0ccf2b0c2b92cab0629eb9c0c51ae45,2026-03-25 23:02:34,2026-03-26 07:17:26,0
45,Custom Design & Construction,160 S Pacific Coast Hwy,El Segundo,California,,(310) 815-4815,bethr@visitcustomdesign.com,http://www.visitcustomdesign.com,12529253,"Additions, Contractor, Deck Contractor, Kitchens/Baths, Outdoor Living/Kitchens, Remodeling Contractor, Siding Contractor, Sunrooms",Remodeler,,,,,,nari_remodelers,https://remodelingdoneright.nari.org/find-a-remodeler-search/,2026-03-26T07:17:25.894760+00:00,20260326_071257,56e218d77e1ed9beaa55fedb831a426f,2026-03-25 23:02:34,2026-03-26 07:17:26,0
46,Lenton Company Inc.,530 Commerce Ave Ste C,Palmdale,California,,(661) 273-9179,robert@lentoncompany.com,http://lentoncompany.com,12633194,"Additions, Contractor, Design/Build, Kitchens/Baths, Remodeling Contractor, Residential & Commercial Remodel",Remodeler,,,,,,nari_remodelers,https://remodelingdoneright.nari.org/find-a-remodeler-search/,2026-03-26T07:17:25.894760+00:00,20260326_071257,95b99fd701fc3315a4b24d4a65cb9634,2026-03-25 23:02:34,2026-03-26 07:17:26,0
47,ABG Construction & Restoration,2296 E Via Burton,Anaheim,California,,(714) 780-1700,mikea@abgconstructionco.com,http://abgconstructionco.com,12675467,,Remodeler,,,,,,nari_remodelers,https://remodelingdoneright.nari.org/find-a-remodeler-search/,2026-03-26T07:17:25.894760+00:00,20260326_071257,f0751d993e3f026f473c070c65859cc5,2026-03-25 23:02:34,2026-03-26 07:17:26,0
48,"All Pro Builders, Inc.",1400 W Commonwealth Ave,Fullerton,California,,(714) 255-0131,lisa@allprobuildersinc.com,http://www.allprobuildersinc.com,12537100,"Doors, Fireplaces/Chimneys, Kitchens/Baths, Plumbing Contractor, Remodeling Contractor, Siding Contractor, Universal Design Remodeler, Windows",Remodeler,,,,,,nari_remodelers,https://remodelingdoneright.nari.org/find-a-remodeler-search/,2026-03-26T07:17:25.894760+00:00,20260326_071257,08266f3d03480a665ebedc9dec3966b7,2026-03-25 23:02:34,2026-03-26 07:17:26,0
49,Bright Bulbs Electric Co Inc.,164 Excelsior Way,Upland,California,,(909) 232-3354,brightbulbselectric@gmail.com,http://brightbulbselectric.com,12675797,"Additions, Commercial Remodeling, Demolition/Deconstruction, Electrical Services, Excavation Services, Flooring, Masonry Contractor, Painting, Stucco, Tile Contractor",Specialty Contractor,,,,,,nari_remodelers,https://remodelingdoneright.nari.org/find-a-remodeler-search/,2026-03-26T07:17:25.894760+00:00,20260326_071257,f4208d24374adbb73604fb8132391836,2026-03-25 23:02:34,2026-03-26 07:17:26,0
50,"Burkhart Brothers Construction, Inc.",1382 Valencia Ave Ste F,Tustin,California,,(949) 631-1065,mark@burkhartbros.com,http://www.burkhartbros.com,12698465,,Remodeler,,,,,,nari_remodelers,https://remodelingdoneright.nari.org/find-a-remodeler-search/,2026-03-26T07:17:25.894760+00:00,20260326_071257,af0f1e7bb9a7e4389cf1c5ea95b0989b,2026-03-25 23:02:34,2026-03-26 07:17:26,0
51,"C & L Construction, Inc.",17000 Ventura Blvd Ste 203,Encino,California,,(800) 797-3121,candlconstruction5@gmail.com,http://www.candlconstructioninc.com,12694341,"Additions, Fireplaces, Flooring, Garage Doors, Glass, Green Products, Insulation, Kitchens/Baths, Roofing, Stucco",Remodeler,,,,,,nari_remodelers,https://remodelingdoneright.nari.org/find-a-remodeler-search/,2026-03-26T07:17:25.894760+00:00,20260326_071257,e4453451b77b3bc29e7236da103c0f77,2026-03-25 23:02:34,2026-03-26 07:17:26,0
52,California Landscape & Design Inc,273 N Benson Ave,Upland,California,,(909) 949-1601,accounting@caglobalservices.com,http://www.calandscape.com/,12675250,,Specialty Contractor,,,,,,nari_remodelers,https://remodelingdoneright.nari.org/find-a-remodeler-search/,2026-03-26T07:17:25.894760+00:00,20260326_071257,b47c10c9ac6cc3b078fd5c106f772ec1,2026-03-25 23:02:34,2026-03-26 07:17:26,0
53,Cambria,13102 Imperial Hwy,Santa Fe Springs,California,,(909) 202-1132,roberto.romero@cambriausa.com,http://www.cambriausa.com,12702576,Accessible Products/Services,Vendor,,,,,,nari_remodelers,https://remodelingdoneright.nari.org/find-a-remodeler-search/,2026-03-26T07:17:25.894760+00:00,20260326_071257,71c487374a336c05455b37ae1f05aa6e,2026-03-25 23:02:34,2026-03-26 07:17:26,0
54,Cirks Construction Inc. dba KDC Construction dba KDC Service and Maintenance,1442 E Lincoln Ave # 334,Orange,California,,(714) 632-6717,sanders@kdcconstruction.com,http://www.kdcconstruction.com,12675913,"Contractor, Remodeling Contractor",Remodeler,,,,,,nari_remodelers,https://remodelingdoneright.nari.org/find-a-remodeler-search/,2026-03-26T07:17:25.894760+00:00,20260326_071257,cd2f2fa5cb9aa8056e795669a1b1d684,2026-03-25 23:02:34,2026-03-26 07:17:26,0
55,Cook Development Group,PO Box 1137,Costa Mesa,California,,(714) 504-5295,dean@cookdevelopmentgroup.com,https://www.cookdevgroup.com,12717647,"Additions, Kitchens/Baths, Remodeling Contractor, Residential & Commercial Remodel, Residential Remodeling",Remodeler,,,,,,nari_remodelers,https://remodelingdoneright.nari.org/find-a-remodeler-search/,2026-03-26T07:17:25.894760+00:00,20260326_071257,ad500a6a621a7b076ebc96ee79bc7fb7,2026-03-25 23:02:34,2026-03-26 07:17:26,0
56,"D'Ambra, Inc.",7752 Warner Ave,Huntington Beach,California,,(714) 848-9669,dennis@additionbuilders.com,http://www.additionbuilders.com,104163,"Additions, Cabinet Installer, Contractor, Fireplaces/Chimneys, Kitchens/Baths, Remodeling Contractor, Stair Systems",Remodeler,,,,,,nari_remodelers,https://remodelingdoneright.nari.org/find-a-remodeler-search/,2026-03-26T07:17:25.894760+00:00,20260326_071257,4fd67d6d950a77931da82ab6b18a2eee,2026-03-25 23:02:34,2026-03-26 07:17:26,0
57,Emser Tile,8431 Santa Monica Blvd,Los Angeles,California,,(323) 793-2578,randallsheehe@emser.com,,12706063,Flooring,Vendor,,,,,,nari_remodelers,https://remodelingdoneright.nari.org/find-a-remodeler-search/,2026-03-26T07:17:25.895758+00:00,20260326_071257,26af85cabeab62b91c4605e6d437f44a,2026-03-25 23:02:34,2026-03-26 07:17:26,0
58,Han's Property Service,10960 Dale Ave,Stanton,California,,(714) 883-5666,hansptg@hotmail.com,,12689537,"Drywall, Handyman Services, Lighting Contractor, Lighting/Lighting Controls, Paint & Finishes, Painting, Plumbing, Remodeling Contractor, Renovation",Remodeler,,,,,,nari_remodelers,https://remodelingdoneright.nari.org/find-a-remodeler-search/,2026-03-26T07:17:25.895758+00:00,20260326_071257,eb459372f6c5b698d6e50a2d393150c5,2026-03-25 23:02:34,2026-03-26 07:17:26,0
59,"Home 2 Renovate, Inc.",3968 E Cesar E Chavez Ave,Los Angeles,California,,(855) 427-1992,h2r@home2renovate.com,http://www.home2renovate.com,12675867,"Green Remodeler, Gutters, Insulation Contractor, Remodeling Contractor, Restoration, Roofing Contractor, Siding Contractor, Sunrooms, Windows/Doors",Remodeler,,,,,,nari_remodelers,https://remodelingdoneright.nari.org/find-a-remodeler-search/,2026-03-26T07:17:25.895758+00:00,20260326_071257,cbb051ae3ee2615428349dc9345844b9,2026-03-25 23:02:34,2026-03-26 07:17:26,0
60,"Horizon Construction & Remodeling, Inc.",614 S Euclid St,Fullerton,California,,(714) 449-9035,h@horizon-cr.com,http://www.horizonremodelinginc.com,12605899,"Additions, Contractor, Deck Contractor, Design/Build, Flooring Contractor, Kitchens/Baths, Painting, Remodeling Contractor, Windows/Doors",Remodeler,,,,,,nari_remodelers,https://remodelingdoneright.nari.org/find-a-remodeler-search/,2026-03-26T07:17:25.895758+00:00,20260326_071257,3f2d868e4e5b2f8b1784d398ababacb4,2026-03-25 23:02:34,2026-03-26 07:17:26,0
61,IND Construction LLC,16430 Ventura Blvd Ste 208,Encino,California,,(888) 641-1555,production@indconstruction.com,http://www.indconstruction.com,12607035,"Contractor, Flooring Contractor, Kitchens/Baths, Masonry Contractor, Remodeling Contractor, Restoration, Roofing Contractor, Tile Contractor, Windows/Doors",Remodeler,,,,,,nari_remodelers,https://remodelingdoneright.nari.org/find-a-remodeler-search/,2026-03-26T07:17:25.895758+00:00,20260326_071257,0e1f515fac3de4649230f9eff3c2c13d,2026-03-25 23:02:34,2026-03-26 07:17:26,0
62,Innovative Craftsmanship,120 Newport Center Dr,Newport Beach,California,,(949) 903-4378,clarkbrooks@icraftsmanship.com,http://www.icraftsmanship.com/,12713818,"Additions, Contractor, Design/Build, Green Remodeler, Kitchens/Baths, Landscapers, Remodeling Contractor, Residential Remodeling, Specialty Contractor, Universal Design Remodeler",Remodeler,,,,,,nari_remodelers,https://remodelingdoneright.nari.org/find-a-remodeler-search/,2026-03-26T07:17:25.895758+00:00,20260326_071257,45d4a8f1d0bded61cac82f9a6b34f3fe,2026-03-25 23:02:34,2026-03-26 07:17:26,0
63,"J Ginger Masonry, LP",8188 Lincoln Ave Ste 100,Riverside,California,,(951) 688-5050,mhuntley@jgingermasonry.com,http://www.jgingermasonry.com/,12674970,Brick/Stone,Specialty Contractor,,,,,,nari_remodelers,https://remodelingdoneright.nari.org/find-a-remodeler-search/,2026-03-26T07:17:25.895758+00:00,20260326_071257,e53b2cad18519f6672b10c15e8fb1ffa,2026-03-25 23:02:34,2026-03-26 07:17:26,0
64,JRP Design & Remodel,2649 Townsgate Rd Ste 600,Westlake Village,California,,(805) 446-6500,jrp@jrpdesignandremodel.com,http://www.jrpdesignandremodel.com,12614252,"Cabinet Installer, Closet Design & Install, Contractor, Design/Build, Kitchens/Baths, Outdoor Living/Kitchens, Remodeling Contractor, Windows/Doors",Remodeler,,,,,,nari_remodelers,https://remodelingdoneright.nari.org/find-a-remodeler-search/,2026-03-26T07:17:25.895758+00:00,20260326_071257,41610611bd9eaebe84ee2d3a4944e9c9,2026-03-25 23:02:34,2026-03-26 07:17:26,0
65,K & S Design Build Inc.,5710 Crescent Park E Apt 439,Los Angeles,California,,(818) 912-0675,alon@kandsdb.com,https://kandsdb.com,12716314,"Basement Remodeling, Contractor, Design/Build, Kitchens/Baths, Remodeling Contractor, Renovation, Residential & Commercial Remodel, Residential Remodeling, Restoration, Room Additions",Remodeler,,,,,"At K&S Design Build, our mission is to create forever homes and specialty spaces that families can trust for generations. We combine thoughtful design, precision craftsmanship, and a commitment to integrity to deliver projects that are built to last and tailored to each client’s lifestyle. More than builders, we are partners in shaping spaces that reflect vision, function, and lasting value.",nari_remodelers,https://remodelingdoneright.nari.org/find-a-remodeler-search/,2026-03-26T07:17:25.895758+00:00,20260326_071257,ce55288309bc84cc611ffafaef9bac59,2026-03-25 23:02:34,2026-03-26 07:17:26,0
66,Kyle Beym Home Improvements,336 W Brookdale Pl,Fullerton,California,,(714) 299-6612,kylebeym@gmail.com,http://kyle-beym.squarespace.com/,12674828,"Baths, Electrical Services, Kitchens, Plumbing, Wine Cellars",Specialty Contractor,,,,,,nari_remodelers,https://remodelingdoneright.nari.org/find-a-remodeler-search/,2026-03-26T07:17:25.895758+00:00,20260326_071257,08cc8b44c2787ad1dba1ec7ff9f90717,2026-03-25 23:02:34,2026-03-26 07:17:26,0
67,LA Design Build,468 N Camden Dr,Beverly Hills,California,,(310) 424-2100,info@ladesignbuild.com,http://www.ladesignbuild.com/,12718130,"Baths, Cabinets, Green Remodeler, Interior Design, Kitchens, Kitchens/Baths, Lighting Contractor, Railings, Remodeling Contractor, Water Damage",Remodeler,,,,,,nari_remodelers,https://remodelingdoneright.nari.org/find-a-remodeler-search/,2026-03-26T07:17:25.895758+00:00,20260326_071257,dd3e58fe7bf7a4827e842ef721b8d9d6,2026-03-25 23:02:34,2026-03-26 07:17:26,0
68,MDC Construction Services,95 Northern Pine Loop,Aliso Viejo,California,,(949) 793-0021,mduffycarpentry@gmail.com,https://www.michaelduffycarpentry.com,12544161,"Additions, Cabinet Installer, Contractor, Deck Contractor, Elevators, Interior Design, Kitchens, Kitchens/Baths, Remodeling Contractor, Residential Remodeling",Remodeler,,,,,,nari_remodelers,https://remodelingdoneright.nari.org/find-a-remodeler-search/,2026-03-26T07:17:25.895758+00:00,20260326_071257,eb4c570028a4a8ad44f16bf02eae0816,2026-03-25 23:02:34,2026-03-26 07:17:26,0
69,"MDT, Inc.",6753 Brockton Ave,Riverside,California,,(951) 373-9868,themejiateam@gmail.com,https://mdtinc.net/,12712406,"Air Duct Cleaning, Appliances, Architectural Design, Baths, Cabinet Installer, Concrete Services, Design Firm, Design/Build, Flooring, Inspector",Remodeler,,,,,,nari_remodelers,https://remodelingdoneright.nari.org/find-a-remodeler-search/,2026-03-26T07:17:25.895758+00:00,20260326_071257,5b01b686bac1bf04d0a2be88903dd821,2026-03-25 23:02:34,2026-03-26 07:17:26,0
70,Mega Western Sales,8730 Dice Rd,Santa Fe Springs,California,,(714) 412-9108,tpociecha@megawestern.com,http://www.megawestern.com,12696991,Baths,Vendor,,,,,,nari_remodelers,https://remodelingdoneright.nari.org/find-a-remodeler-search/,2026-03-26T07:17:25.895758+00:00,20260326_071257,a9afad160f83da78903c726f147b8bb7,2026-03-25 23:02:34,2026-03-26 07:17:26,0
71,MGM Renovations,11762 De Palma Rd Ste 1C PMB 444,Corona,California,,(949) 231-0676,mgmrenovations@yahoo.com,http://www.mgmrenovations.com,12699865,"Cabinet Installer, Countertops, Drywall, Flooring, Kitchens/Baths, Painting, Plumbing, Roofing, Stucco, Windows/Doors",Remodeler,,,,,,nari_remodelers,https://remodelingdoneright.nari.org/find-a-remodeler-search/,2026-03-26T07:17:25.895758+00:00,20260326_071257,6ab7eebb8f1e6e28b42bdf92f534e8d5,2026-03-25 23:02:34,2026-03-26 07:17:26,0
72,"Miko Development, Inc.",424 W Pico Blvd Apt 411,Los Angeles,California,,(310) 880-5649,michelle@mikodevelopment.com,https://Mikodevelopment.com,12712352,"Cabinet Installer, Closet Design & Install, Concrete Services, Earthquake Protection, Flooring, Foundations, Mold, Remodeling Contractor, Stucco, Waterproofing",Remodeler,,,,,,nari_remodelers,https://remodelingdoneright.nari.org/find-a-remodeler-search/,2026-03-26T07:17:25.895758+00:00,20260326_071257,ef7432d897c2eb1b5c1a741bfbc98af8,2026-03-25 23:02:34,2026-03-26 07:17:26,0
73,"NewDay Development, Inc.",11008 Nestle Ave,Porter Ranch,California,,(818) 784-9495,louis@newdaydevelopment.com,http://newdaydevelopment.com,12618145,"Additions, Contractor, Kitchens/Baths, Remodeling Contractor, Residential & Commercial Remodel",Remodeler,,,,,,nari_remodelers,https://remodelingdoneright.nari.org/find-a-remodeler-search/,2026-03-26T07:17:25.895758+00:00,20260326_071257,51288a376451085e1ffc85d5fb565c9c,2026-03-25 23:02:34,2026-03-26 07:17:26,0
74,"One Week Bath, Inc.",6827 Valjean Ave,Van Nuys,California,,(800) 663-9335,bdelaney@oneweekbath.com,https://www.oneweekbath.com/,12675518,,Remodeler,,,,,,nari_remodelers,https://remodelingdoneright.nari.org/find-a-remodeler-search/,2026-03-26T07:17:25.895758+00:00,20260326_071257,793abbbd311dcd8d4d5c42e7320b95b4,2026-03-25 23:02:34,2026-03-26 07:17:26,0
75,Pacific MH Construction Inc.,1810 Compton Ave,Corona,California,,(951) 737-8277,info@pacificmhconstruction.com,http://pacificmhconstruction.com,12625928,,Remodeler,,,,,,nari_remodelers,https://remodelingdoneright.nari.org/find-a-remodeler-search/,2026-03-26T07:17:25.895758+00:00,20260326_071257,1a904c8ffcaecc5993f9fc989b535a76,2026-03-25 23:02:34,2026-03-26 07:17:26,0
76,"Performance Home Services, Inc.",26470 Ruether Ave Ste 108,Santa Clarita,California,,(661) 360-3721,info@phscontractors.com,,12706945,"Electrical Services, Foundations, Heating Air Conditioning Contractor, Plumbing, Residential Remodeling, Roofing Contractor, Room Additions, Tile, Ventilation",Remodeler,,,,,,nari_remodelers,https://remodelingdoneright.nari.org/find-a-remodeler-search/,2026-03-26T07:17:25.895758+00:00,20260326_071257,948431716ae9c3fc9430c73ed54fc901,2026-03-25 23:02:34,2026-03-26 07:17:26,0
77,"Professional Services Construction, Inc.",30422 Esperanza,Rancho Santa Margarita,California,,(949) 635-6700,bzolg@prosvcs.net,http://www.prosvcs.net,12617116,"Contractor, Drywall, Electrical Services, Painting, Remodeling Contractor, Restoration, Roofing Contractor, Siding Contractor, Waterproofing",Remodeler,,,,,,nari_remodelers,https://remodelingdoneright.nari.org/find-a-remodeler-search/,2026-03-26T07:17:25.895758+00:00,20260326_071257,9468dca037f33c0f9672835cd75dd94c,2026-03-25 23:02:34,2026-03-26 07:17:26,0
78,Rough and Tumble Construction,440 N Barranca Ave PMB 2969,Covina,California,,(530) 961-2577,simrannijjar@roughandtumbleco.com,,12715078,"Cabinets, Doors, Drywall, Paint & Finishes, Plumbing, Remodeling Contractor, Roofing, Tile Contractor, Waste Disposal, Windows",Remodeler,,,,,,nari_remodelers,https://remodelingdoneright.nari.org/find-a-remodeler-search/,2026-03-26T07:17:25.895758+00:00,20260326_071257,57169711afa1c9f9ac17be78847a9af1,2026-03-25 23:02:34,2026-03-26 07:17:26,0
79,"Scott J. Woodland Construction, Inc.",20426 E Rancho Los Cerritos Rd,Covina,California,,(626) 732-6519,susanwoodland@ca.rr.com,http://www.scottwooland.com,12704894,"Additions, Baths, Cabinets, Commercial Remodeling, Kitchens, Patios, Remodeling Contractor, Residential & Commercial Remodel, Room Additions",Remodeler,,,,,,nari_remodelers,https://remodelingdoneright.nari.org/find-a-remodeler-search/,2026-03-26T07:17:25.895758+00:00,20260326_071257,103a279fc59a5d3ffdfebd7113652cc3,2026-03-25 23:02:34,2026-03-26 07:17:26,0
80,"Simple Restoration, Inc.",2821 Plum Ln,Ontario,California,,(866) 391-0541,rich@simplerestoration.com,http://simplerestoration.com/,12675051,,Specialty Contractor,,,,,,nari_remodelers,https://remodelingdoneright.nari.org/find-a-remodeler-search/,2026-03-26T07:17:25.895758+00:00,20260326_071257,d2cba8d40ab8f7af867175a0ab1a91f1,2026-03-25 23:02:34,2026-03-26 07:17:26,0
81,SoCal Development & Construction Inc.,12972 Via Tesoro Dr,Rancho Cucamonga,California,,(951) 452-0999,socal.dc.inc@gmail.com,,12711484,"Cabinets, Commercial Remodeling, Drywall, Flooring Contractor, Foundations, Kitchens/Baths, Painting, Residential Remodeling, Stucco, Wood",Remodeler,,,,,,nari_remodelers,https://remodelingdoneright.nari.org/find-a-remodeler-search/,2026-03-26T07:17:25.895758+00:00,20260326_071257,fdc7ecc32afe3d56c50f2d0a60cff8ea,2026-03-25 23:02:34,2026-03-26 07:17:26,0
82,South Land Remodeling,9801 Bothwell Rd,Northridge,California,,(818) 402-5165,southlandremodeling@gmail.com,http://www.remodelingsocal.com,12610475,"Contractor, Remodeling Contractor",Remodeler,,,,,,nari_remodelers,https://remodelingdoneright.nari.org/find-a-remodeler-search/,2026-03-26T07:17:25.895758+00:00,20260326_071257,5080c141799a3d947f6e9d0bd97ccbfc,2026-03-25 23:02:34,2026-03-26 07:17:26,0
83,Sparkle Restoration Services,3624 W Pendleton Ave,Santa Ana,California,,(714) 641-6600,cenmarf@sparklerestoration.com,http://www.sparklerestoration.com,12692391,,Remodeler,,,,,,nari_remodelers,https://remodelingdoneright.nari.org/find-a-remodeler-search/,2026-03-26T07:17:25.895758+00:00,20260326_071257,22a5506ba2f1dd2254d105b5611b0674,2026-03-25 23:02:34,2026-03-26 07:17:26,0
84,Stay Forever Construction Corp.,27138 Cherry Laurel Pl,Canyon Country,California,,(661) 618-5103,stayforeverconst@gmail.com,,12674820,Contractor,Remodeler,,,,,,nari_remodelers,https://remodelingdoneright.nari.org/find-a-remodeler-search/,2026-03-26T07:17:25.895758+00:00,20260326_071257,501c74e2180e9a7f5d5c96021f0a0756,2026-03-25 23:02:34,2026-03-26 07:17:26,0
85,"Sub-Zero Group, Inc. West",3200 Park Center Dr Ste 310,Costa Mesa,California,,(480) 222-8236,carrie.plennes@subzero.com,http://www.subzero-wolf.com,12670289,Appliances,Vendor,,,,,,nari_remodelers,https://remodelingdoneright.nari.org/find-a-remodeler-search/,2026-03-26T07:17:25.895758+00:00,20260326_071257,69d9dcb11404620c40434b50dd814c10,2026-03-25 23:02:34,2026-03-26 07:17:26,0
86,Tenaya Construction Inc.,4521 Wyngate Cir,Irvine,California,,(714) 794-5392,arash@tenayaconstruction.com,https://tenayaconstruction.com,12717701,"Cabinets, Kitchens, Kitchens/Baths",Remodeler,,,,,,nari_remodelers,https://remodelingdoneright.nari.org/find-a-remodeler-search/,2026-03-26T07:17:25.895758+00:00,20260326_071257,053d81bdc85eabe02aa6fd508cd4126f,2026-03-25 23:02:34,2026-03-26 07:17:26,0
87,The Home Improvement Guide,22130 Clarendon St,Woodland Hills,California,,(925) 580-5773,gnutzmanm@gmail.com,http://www.thiguide.com/contractor.php,12691600,,Vendor,,,,,,nari_remodelers,https://remodelingdoneright.nari.org/find-a-remodeler-search/,2026-03-26T07:17:25.895758+00:00,20260326_071257,514b2299686dfff796bfec60ee387cea,2026-03-25 23:02:34,2026-03-26 07:17:26,0
88,"The Machina Group, Inc.",5758 Burnet Ave,Van Nuys,California,,(310) 927-3009,ke@themachinagroup.com,http://www.themachinagroup.com,12610501,"Cabinet Installer, Contractor, Countertop Installers, Design/Build, Kitchens/Baths, Moulding, Remodeling Contractor",Remodeler,,,,,,nari_remodelers,https://remodelingdoneright.nari.org/find-a-remodeler-search/,2026-03-26T07:17:25.895758+00:00,20260326_071257,5ba95e2e74fc76f8562859e32f33ab77,2026-03-25 23:02:34,2026-03-26 07:17:26,0
89,HArts Design+Build,2635 N 1st St Ste 102,San Jose,California,,(408) 930-0540,joey@hartsdesigns.com,http://www.hartsdesigns.com,12691757,"Cabinets, Contractor, Deck Contractor, Design Firm, Design/Build, Handyman Services, Kitchens/Baths, Outdoor Living/Kitchens, Universal Design Remodeler, Window Coverings",Remodeler,,,,,NARI Accredited since 2023,nari_remodelers,https://remodelingdoneright.nari.org/find-a-remodeler-search/,2026-03-26T07:17:25.895758+00:00,20260326_071257,d3bcf490c9de1851ef2bedbd4ecd6db9,2026-03-25 23:02:34,2026-03-26 07:17:26,0
90,"Levitch Associates, Inc",1029 Heinz Ave,Berkeley,California,,(510) 845-6941,maurice@levitch.com,http://www.levitch.com,12694414,"Architectural Design, Contractor",Specialty Contractor,,,,,NARI Accredited since 2024,nari_remodelers,https://remodelingdoneright.nari.org/find-a-remodeler-search/,2026-03-26T07:17:25.895758+00:00,20260326_071257,8cda1165bc85db5916792ec0fa04c006,2026-03-25 23:02:34,2026-03-26 07:17:26,0
91,Barkley Builders,629 Olive Ave,Novato,California,,(415) 893-9098,integrity@barkleybuilders.com,http://www.Barkleybuilders.com,12537612,"Cabinet Installer, Deck Contractor, Green Remodeler, Kitchens/Baths, Remodeling Contractor, Restoration, Siding Contractor, Windows/Doors",Remodeler,,,,,,nari_remodelers,https://remodelingdoneright.nari.org/find-a-remodeler-search/,2026-03-26T07:17:25.895758+00:00,20260326_071257,49c75997a6ba146011d565a2ee4f5ce0,2026-03-25 23:02:34,2026-03-26 07:17:26,0
92,BWB Builders,534 Horning St,San Jose,California,,(408) 287-4886,humberto@bnwbuild.com,http://www.bnwbuild.com,12631772,"Additions, Contractor, Handyman Services, Kitchens/Baths, Remodeling Contractor",Remodeler,,,,,,nari_remodelers,https://remodelingdoneright.nari.org/find-a-remodeler-search/,2026-03-26T07:17:25.895758+00:00,20260326_071257,2794f586085e4163a2d671fb96fc6050,2026-03-25 23:02:34,2026-03-26 07:17:26,0
93,Carey Bros. Inc. dba Carey Bros. Remodeling,2420 Sand Creek Rd # C-1318,Brentwood,California,,(877) 734-6404,james@careybros.com,http://careybros.com,12644056,"Additions, Baths, Design/Build, Kitchens, Kitchens/Baths",Remodeler,,,,,,nari_remodelers,https://remodelingdoneright.nari.org/find-a-remodeler-search/,2026-03-26T07:17:25.895758+00:00,20260326_071257,f07fbb5dd8d51c4b11a867ded95e7536,2026-03-25 23:02:34,2026-03-26 07:17:26,0
94,Chandler Building,352 Morengo Way,Fremont,California,,(510) 525-1956,will@chandlerbuilding.com,http://www.chandlerbuilding.com/,12583579,"Deck Contractor, Green Remodeler, Kitchens/Baths, Remodeling Contractor, Restoration, Siding Contractor, Universal Design Remodeler, Windows/Doors",Remodeler,,,,,,nari_remodelers,https://remodelingdoneright.nari.org/find-a-remodeler-search/,2026-03-26T07:17:25.895758+00:00,20260326_071257,6c4c063e29f5aab1f12a7c82066bc06e,2026-03-25 23:02:34,2026-03-26 07:17:26,0
95,Design Set Match,1569 Solano Ave # 202,Berkeley,California,,(510) 285-0870,office@designsetmatch.com,http://www.designsetmatch.com,12610290,"Architectural Design, Baths, Design Firm, Kitchens, Kitchens/Baths",Specialty Contractor,,,,,,nari_remodelers,https://remodelingdoneright.nari.org/find-a-remodeler-search/,2026-03-26T07:17:25.896760+00:00,20260326_071257,4b391cbd3bb91722f86010d97989b0ee,2026-03-25 23:02:34,2026-03-26 07:17:26,0
96,"Earth Bound Homes, Inc.",4880 Stevens Creek Blvd Ste 201,San Jose,California,,(408) 244-5392,bella@ebhgreen.com,http://www.myearthboundhome.com,12569839,"Contractor, Green Remodeler",Remodeler,,,,,,nari_remodelers,https://remodelingdoneright.nari.org/find-a-remodeler-search/,2026-03-26T07:17:25.896760+00:00,20260326_071257,9853b0123a7732107fd7885abc9ade2d,2026-03-25 23:02:34,2026-03-26 07:17:26,0
97,EBCON Corporation,506 2nd Ave,Redwood City,California,,(650) 363-9333,erik@ebconcorp.com,http://www.ebconcorp.com,12611843,"Additions, Closet Design & Install, Contractor, Home Theater, Kitchens/Baths, Remodeling Contractor, Roofing Contractor, Siding Contractor, Universal Design Remodeler, Windows/Doors",Remodeler,,,,,,nari_remodelers,https://remodelingdoneright.nari.org/find-a-remodeler-search/,2026-03-26T07:17:25.896760+00:00,20260326_071257,143a9f62a188e322c28f7fd38bd158e3,2026-03-25 23:02:34,2026-03-26 07:17:26,0
98,Gordon Reese Design Build,3021 Citrus Cir Ste 170,Walnut Creek,California,,(925) 885-3770,accounting@gordonreese.com,http://www.gordonreese.com,12602109,"Additions, Cabinets - Refacing, Contractor, Design/Build, Green Remodeler, Kitchens/Baths, Residential Remodeling, Universal Design Remodeler, Windows/Doors",Remodeler,,,,,,nari_remodelers,https://remodelingdoneright.nari.org/find-a-remodeler-search/,2026-03-26T07:17:25.896760+00:00,20260326_071257,65a0f6b07d8b9db42b8032aff229e1fd,2026-03-25 23:02:34,2026-03-26 07:17:26,0
99,"Hammerschmidt Construction, Inc.",1574 Country Club Dr,Los Altos,California,,(650) 948-4200,john@hammerschmidtinc.com,http://www.hammerschmidtinc.com,12531701,"Contractor, Design/Build, Green Remodeler, Kitchens/Baths, Landscapers, Remodeling Contractor, Restoration, Universal Design Remodeler, Windows/Doors",Remodeler,,,,,,nari_remodelers,https://remodelingdoneright.nari.org/find-a-remodeler-search/,2026-03-26T07:17:25.896760+00:00,20260326_071257,8f6f9e74e98fc0e02cffca6ca4439144,2026-03-25 23:02:34,2026-03-26 07:17:26,0
100,Harrell Design + Build,2284 Old Middlefield Way,Mountain View,California,,(650) 230-2900,tbecker@harrell-remodeling.com,https://www.harrelldesignbuild.com/,95266,"Cabinet Installer, Contractor, Deck Contractor, Design/Build, Green Remodeler, Kitchens/Baths, Remodeling Contractor, Universal Design Remodeler, Windows/Doors",Remodeler,,,,,,nari_remodelers,https://remodelingdoneright.nari.org/find-a-remodeler-search/,2026-03-26T07:17:25.896760+00:00,20260326_071257,ed3783430ca405ad3433bfcddb0d8b6a,2026-03-25 23:02:34,2026-03-26 07:17:26,0
