id,company_name,website,phone,email,address,city,state,zip,country,facility_name,org_name,colo_url,tech_email,tech_phone,sales_email,sales_phone,latitude,longitude,npanxx,net_count,ix_count,diverse_serving_substations,available_voltage_services,property_class,notes,peeringdb_id,peeringdb_url,dataset,source_url,crawl_date,crawl_session,dedup_hash,first_seen,last_seen,is_new
1,Equinix,http://www.equinix.com/,,,"21715 Filigree Ct, Building F",Ashburn,VA,20147-6205,US,"Equinix DC1-DC15,DC21-DC22 - Ashburn",Equinix,,,,,,39.016363,-77.459023,703-723,502,8,,,,,1,https://www.peeringdb.com/fac/1,peeringdb_us_facilities,https://www.peeringdb.com/api/fac?country=US&status=ok,2026-03-25T14:53:23.299253+00:00,20260325_145301,5c2ce807f4c2b29017b2db37469a491c,2026-03-25 14:53:23,2026-03-25 14:53:23,1
2,Digital Realty,https://www.digitalrealty.com,,,200 Paul Ave,San Francisco,CA,94110,US,Digital Realty SFO (200 Paul),Digital Realty,,,,,,37.723407,-122.397923,415-822,45,2,,,,,2,https://www.peeringdb.com/fac/2,peeringdb_us_facilities,https://www.peeringdb.com/api/fac?country=US&status=ok,2026-03-25T14:53:23.299253+00:00,20260325_145301,6889b4c9c3329f243fdbe77bddb07835,2026-03-25 14:53:23,2026-03-25 14:53:23,1
3,Equinix,https://www.equinix.com/locations/americas-colocation/united-states-colocation/dallas-data-centers/da1/,,,1950 N Stemmons Fwy,Dallas,TX,75207-3137,US,Equinix DA1 - Dallas,Equinix,,,,,,32.800955,-96.81955,214-782,165,5,,,,,4,https://www.peeringdb.com/fac/4,peeringdb_us_facilities,https://www.peeringdb.com/api/fac?country=US&status=ok,2026-03-25T14:53:23.299253+00:00,20260325_145301,145754e6c8716156eb153101942644c2,2026-03-25 14:53:23,2026-03-25 14:53:23,1
4,Equinix,https://www.equinix.com/locations/americas-colocation/united-states-colocation/silicon-valley-data-centers/sv8/,,,529 Bryant St,Palo Alto,CA,94301-1704,US,"Equinix SV8 - Silicon Valley, Palo Alto",Equinix,,,,,,37.445896,-122.160775,650-617,68,4,,,,,5,https://www.peeringdb.com/fac/5,peeringdb_us_facilities,https://www.peeringdb.com/api/fac?country=US&status=ok,2026-03-25T14:53:23.299253+00:00,20260325_145301,a11cd744244e35c19e1f02176baa3141,2026-03-25 14:53:23,2026-03-25 14:53:23,1
5,Equinix,https://www.equinix.com/locations/americas-colocation/united-states-colocation/silicon-valley-data-centers/,,,11 Great Oaks Blvd,San Jose,CA,95119-1242,US,"Equinix SV1/SV5/SV10 - Silicon Valley, San Jose",Equinix,,,,,,37.241767,-121.782967,408-360,281,8,,,,,6,https://www.peeringdb.com/fac/6,peeringdb_us_facilities,https://www.peeringdb.com/api/fac?country=US&status=ok,2026-03-25T14:53:23.299253+00:00,20260325_145301,c4424f3af5acc411ced800b39249d2b3,2026-03-25 14:53:23,2026-03-25 14:53:23,1
6,Equinix,http://www.equinix.com/,,,350 E Cermak Rd,Chicago,IL,60616-1568,US,Equinix CH1/CH2/CH4 - Chicago,Equinix,,,,,,41.85365,-87.618342,312-596,327,10,,,,,7,https://www.peeringdb.com/fac/7,peeringdb_us_facilities,https://www.peeringdb.com/api/fac?country=US&status=ok,2026-03-25T14:53:23.299253+00:00,20260325_145301,a4f66d20e7bc97d81894cf4085cf7e19,2026-03-25 14:53:23,2026-03-25 14:53:23,1
7,Equinix,https://www.equinix.com/locations/americas-colocation/united-states-colocation/los-angeles-data-centers/la1/,,,600 W 7th St,Los Angeles,CA,90017-3859,US,Equinix LA1 - Los Angeles,Equinix,,,,,,34.047501,-118.2573,213-270,142,6,,,,,8,https://www.peeringdb.com/fac/8,peeringdb_us_facilities,https://www.peeringdb.com/api/fac?country=US&status=ok,2026-03-25T14:53:23.299253+00:00,20260325_145301,8936cfa61b400cc41b0de8118be0238f,2026-03-25 14:53:23,2026-03-25 14:53:23,1
8,Equinix,https://www.equinix.com/locations/americas-colocation/united-states-colocation/new-york-data-centers/ny1/,,,165 Halsey St,Newark,NJ,07102-2834,US,"Equinix NY1 - New York, Newark",Equinix,,,,,,40.736844,-74.173402,973-792,34,2,,,,,9,https://www.peeringdb.com/fac/9,peeringdb_us_facilities,https://www.peeringdb.com/api/fac?country=US&status=ok,2026-03-25T14:53:23.299253+00:00,20260325_145301,534f6b83c3ecfd07ff2a72d9b203d38a,2026-03-25 14:53:23,2026-03-25 14:53:23,1
9,Digital Realty,https://www.digitalrealty.com,,,60 Hudson St,New York,NY,10013-3315,US,Digital Realty NYC (60 Hudson),Digital Realty,,,,,,40.717723,-74.008299,212-233,160,8,,,,fka: Telx NYC1,10,https://www.peeringdb.com/fac/10,peeringdb_us_facilities,https://www.peeringdb.com/api/fac?country=US&status=ok,2026-03-25T14:53:23.299253+00:00,20260325_145301,bf254acf284382316fc70426a6ee6394,2026-03-25 14:53:23,2026-03-25 14:53:23,1
10,Equinix,http://www.equinix.com/,,,56 Marietta St NW,Atlanta,GA,30303-2885,US,Equinix AT2/AT3 - Atlanta,Equinix,,,,,,33.755456,-84.39153,404-525,24,1,,,,,11,https://www.peeringdb.com/fac/11,peeringdb_us_facilities,https://www.peeringdb.com/api/fac?country=US&status=ok,2026-03-25T14:53:23.299253+00:00,20260325_145301,873bc4c2dcdee1f7d0c6c876fde095d8,2026-03-25 14:53:23,2026-03-25 14:53:23,1
11,Equinix,https://www.equinix.com/locations/americas-colocation/united-states-colocation/miami-data-centers/mi1/,,,50 NE 9th St,Miami,FL,33132-1709,US,"Equinix MI1 - Miami, NOTA",Equinix,,,,,,25.782648,-80.193157,305-373,322,9,,,,Formerly: NAP of the Americas,15,https://www.peeringdb.com/fac/15,peeringdb_us_facilities,https://www.peeringdb.com/api/fac?country=US&status=ok,2026-03-25T14:53:23.299253+00:00,20260325_145301,780ce1c080984e7247d1b5f3c6aa247b,2026-03-25 14:53:23,2026-03-25 14:53:23,1
12,Digital Realty,https://www.digitalrealty.com,,,111 8th Ave,New York,NY,10011,US,Digital Realty NYC (111 8th Ave),Digital Realty,,,,,,40.741469,-74.003387,212-905,131,6,,,,,16,https://www.peeringdb.com/fac/16,peeringdb_us_facilities,https://www.peeringdb.com/api/fac?country=US&status=ok,2026-03-25T14:53:23.299253+00:00,20260325_145301,e94e4d2f270eeb4958c4e8f86f7b67ac,2026-03-25 14:53:23,2026-03-25 14:53:23,1
13,CoreSite,http://www.coresite.com,+18667772673,info@coresite.com,624 S. Grand Ave.,Los Angeles,CA,90017,US,CoreSite - Los Angeles (LA1) One Wilshire,CoreSite,,info@coresite.com,+18667772673,info@coresite.com,+18667772673,34.047942,-118.255564,213-489,340,5,,,,,19,https://www.peeringdb.com/fac/19,peeringdb_us_facilities,https://www.peeringdb.com/api/fac?country=US&status=ok,2026-03-25T14:53:23.299253+00:00,20260325_145301,fa9579dc46b02ef634817599661dd4d1,2026-03-25 14:53:23,2026-03-25 14:53:23,1
14,CoreSite,http://www.coresite.com,+18667772673,info@coresite.com,55 S. Market Street,San Jose,CA,95113,US,CoreSite - San Jose (SV1),CoreSite,,info@coresite.com,+18667772673,info@coresite.com,+18667772673,37.334147,-121.891649,408-918,56,3,,,,,20,https://www.peeringdb.com/fac/20,peeringdb_us_facilities,https://www.peeringdb.com/api/fac?country=US&status=ok,2026-03-25T14:53:23.299253+00:00,20260325_145301,53ca97f5cfeeaeb057db79d94cec207a,2026-03-25 14:53:23,2026-03-25 14:53:23,1
15,FedConnect,,,,60 Federal Street,San Francisco,CA,94103,US,FedConnect San Francisco,FedConnect,,,,,,37.783322,-122.392048,415-495,0,0,,,,,21,https://www.peeringdb.com/fac/21,peeringdb_us_facilities,https://www.peeringdb.com/api/fac?country=US&status=ok,2026-03-25T14:53:23.299253+00:00,20260325_145301,9927f2f09220ebc8974e92b2e4592ce5,2026-03-25 14:53:23,2026-03-25 14:53:23,1
16,JMA NAC,,,,530 West 6th Street,Los Angeles,CA,90014,US,JMA NAC Los Angeles,JMA NAC,,,,,,34.048428,-118.255186,213-955,1,1,,,,,22,https://www.peeringdb.com/fac/22,peeringdb_us_facilities,https://www.peeringdb.com/api/fac?country=US&status=ok,2026-03-25T14:53:23.299253+00:00,20260325_145301,5ef5bc6cb56ad80bb11e7ebf4021b5a7,2026-03-25 14:53:23,2026-03-25 14:53:23,1
17,Digital Realty,https://www.digitalrealty.com,,,365 Main Street,San Francisco,CA,94105,US,Digital Realty SFO (365 Main),Digital Realty,,,,,,37.788669,-122.390509,415-546,36,2,,,,,23,https://www.peeringdb.com/fac/23,peeringdb_us_facilities,https://www.peeringdb.com/api/fac?country=US&status=ok,2026-03-25T14:53:23.299253+00:00,20260325_145301,14bcd599683f70adba80390017a0cd5b,2026-03-25 14:53:23,2026-03-25 14:53:23,1
18,The Mission Street Center,https://unitedlayer.com,,,1019 Mission Street,San Francisco,CA,94107,US,The Mission Street Center,The Mission Street Center,,,,,,37.780351,-122.408954,415-865,0,0,,,,,24,https://www.peeringdb.com/fac/24,peeringdb_us_facilities,https://www.peeringdb.com/api/fac?country=US&status=ok,2026-03-25T14:53:23.299253+00:00,20260325_145301,18e863a127333737e835542f870539b6,2026-03-25 14:53:23,2026-03-25 14:53:23,1
19,SVTIX,,,,250 Stockton St,San Jose,CA,95126,US,SVTIX San Jose,SVTIX,,,,,,37.333765,-121.904828,408-234,3,0,,,,,33,https://www.peeringdb.com/fac/33,peeringdb_us_facilities,https://www.peeringdb.com/api/fac?country=US&status=ok,2026-03-25T14:53:23.299253+00:00,20260325_145301,54483c218e91d7b69daed1423fadd273,2026-03-25 14:53:23,2026-03-25 14:53:23,1
20,Equinix,https://www.equinix.com/locations/americas-colocation/united-states-colocation/new-york-data-centers/,,,800 Secaucus Road,Secaucus,NJ,07094,US,"Equinix NY2/NY4/NY5/NY6 - New York, Secaucus",Equinix,,,,,,40.778534,-74.072237,201-325,131,10,,,,NY2: 275 Hartz Way; NY4: 755 Secaucus Road; NY5: 800 Secaucus Road; NY6: 105 Enterprise Ave,36,https://www.peeringdb.com/fac/36,peeringdb_us_facilities,https://www.peeringdb.com/api/fac?country=US&status=ok,2026-03-25T14:53:23.299253+00:00,20260325_145301,d90d917574e98980ee92fd0b72915adc,2026-03-25 14:53:23,2026-03-25 14:53:23,1
21,Equinix,https://www.equinix.com/locations/americas-colocation/united-states-colocation/new-york-data-centers/ny9/,,,111 8th Ave,New York,NY,10011,US,"Equinix NY9 - New York, 111 8th Avenue",Equinix,,,,,,40.741469,-74.003387,212-206,81,4,,,,,38,https://www.peeringdb.com/fac/38,peeringdb_us_facilities,https://www.peeringdb.com/api/fac?country=US&status=ok,2026-03-25T14:53:23.299253+00:00,20260325_145301,3f6d2cf66e9fa652cffad28a843389ff,2026-03-25 14:53:23,2026-03-25 14:53:23,1
22,Digital Realty,https://www.digitalrealty.com,+12064431800,info@westinbldg.com,2001 Sixth Avenue,Seattle,WA,98121,US,Digital Realty Seattle SEA10,Digital Realty,,info@westinbldg.com,+12064431800,wbxsales@westinbldg.com,+12064431800,47.614347,-122.338883,"206-210,320,441,443",234,5,,,,,71,https://www.peeringdb.com/fac/71,peeringdb_us_facilities,https://www.peeringdb.com/api/fac?country=US&status=ok,2026-03-25T14:53:23.299253+00:00,20260325_145301,b4b2181675f8a92904e7dea189bf27d0,2026-03-25 14:53:23,2026-03-25 14:53:23,1
23,KDWEB,,,,50 W San Fernando,San Jose,CA,95122,US,KDWEB San Jose,KDWEB,,,,,,37.333885,-121.889302,408-286,0,0,,,,,84,https://www.peeringdb.com/fac/84,peeringdb_us_facilities,https://www.peeringdb.com/api/fac?country=US&status=ok,2026-03-25T14:53:23.299253+00:00,20260325_145301,2868a8b1e401f467c3434897525fb790,2026-03-25 14:53:23,2026-03-25 14:53:23,1
24,Equinix,https://www.equinix.com/locations/americas-colocation/united-states-colocation/silicon-valley-data-centers/sv17/,,,3030 Corvin Dr,Santa Clara,CA,95051,US,"Equinix SV17 - Silicon Valley, Santa Clara",Equinix,,,,,,37.376348,-121.988591,408-450,6,1,,,,,85,https://www.peeringdb.com/fac/85,peeringdb_us_facilities,https://www.peeringdb.com/api/fac?country=US&status=ok,2026-03-25T14:53:23.299253+00:00,20260325_145301,91fe28be1e5cc1a0673fd72c3055bbbf,2026-03-25 14:53:23,2026-03-25 14:53:23,1
25,Equinix,https://www.equinix.com/locations/americas-colocation/united-states-colocation/seattle-data-centers/,,,2001 Sixth Avenue,Seattle,WA,98121,US,Equinix SE2/SE3 - Seattle,Equinix,,,,,,47.614358,-122.338864,206-443,111,5,,,,Westin Building,86,https://www.peeringdb.com/fac/86,peeringdb_us_facilities,https://www.peeringdb.com/api/fac?country=US&status=ok,2026-03-25T14:53:23.299253+00:00,20260325_145301,a49b23bed9cb542db871bde461a24768,2026-03-25 14:53:23,2026-03-25 14:53:23,1
26,Equinix,http://www.equinix.com/,,,7990 Science Applications Ct,Vienna,VA,22180,US,"Equinix DC7 - Ashburn, Vienna",Equinix,,,,,,38.908422,-77.219692,703-760,8,2,,,,,88,https://www.peeringdb.com/fac/88,peeringdb_us_facilities,https://www.peeringdb.com/api/fac?country=US&status=ok,2026-03-25T14:53:23.299253+00:00,20260325_145301,b1402053375edf085b39105bc5df300e,2026-03-25 14:53:23,2026-03-25 14:53:23,1
27,Equinix,https://www.equinix.com/locations/americas-colocation/united-states-colocation/los-angeles-data-centers/la2/,,,818 W 7th St,Los Angeles,CA,90017,US,Equinix LA2 - Los Angeles,Equinix,,,,,,34.048897,-118.259585,213-270,16,5,,,,,102,https://www.peeringdb.com/fac/102,peeringdb_us_facilities,https://www.peeringdb.com/api/fac?country=US&status=ok,2026-03-25T14:53:23.299253+00:00,20260325_145301,92417303c9eaa39bbe83fba3cbc0cb7a,2026-03-25 14:53:23,2026-03-25 14:53:23,1
28,Equinix,http://www.equinix.com/,,,1200 W. 7th St,Los Angeles,CA,90017,US,Equinix LA5 - Los Angeles,Equinix,,,,,,,,213-270,5,1,,,,,103,https://www.peeringdb.com/fac/103,peeringdb_us_facilities,https://www.peeringdb.com/api/fac?country=US&status=ok,2026-03-25T14:53:23.299253+00:00,20260325_145301,f3dab8decd7b9eefa92c3363d1835758,2026-03-25 14:53:23,2026-03-25 14:53:23,1
29,Digital Realty,https://www.digitalrealty.com,,,32 6th Ave (Avenue of the Americas),New York,NY,10013,US,Digital Realty NYC (32 AofA),Digital Realty,,,,,,40.72,-74.004561,212-343,40,3,,,,fka: Telx NYC3,120,https://www.peeringdb.com/fac/120,peeringdb_us_facilities,https://www.peeringdb.com/api/fac?country=US&status=ok,2026-03-25T14:53:23.299253+00:00,20260325_145301,45f723c72de029bd62ab92c0fefdf1b0,2026-03-25 14:53:23,2026-03-25 14:53:23,1
30,Digital Realty,https://www.digitalrealty.com,,,56 Marietta Street,Atlanta,GA,30303,US,Digital Realty ATL (56 Marietta),Digital Realty,,,,,,33.755456,-84.39153,404-475,190,4,,,,,125,https://www.peeringdb.com/fac/125,peeringdb_us_facilities,https://www.peeringdb.com/api/fac?country=US&status=ok,2026-03-25T14:53:23.299253+00:00,20260325_145301,33fbf6d893091e02faee55955be8b11d,2026-03-25 14:53:23,2026-03-25 14:53:23,1
31,Equinix,http://www.equinix.com/,,,8502A Tyco Rd,Vienna,VA,22180,US,"Equinix DC8 - Ashburn, Vienna",Equinix,,,,,,38.931419,-77.238951,,7,2,,,,,144,https://www.peeringdb.com/fac/144,peeringdb_us_facilities,https://www.peeringdb.com/api/fac?country=US&status=ok,2026-03-25T14:53:23.299253+00:00,20260325_145301,433a6d1809c8c0fc0c7c3fb86e0c86e2,2026-03-25 14:53:23,2026-03-25 14:53:23,1
32,Equinix,http://www.equinix.com/,,,401 North Broad Street,Philadelphia,PA,19108,US,Equinix PH1 - Philadelphia,Equinix,,,,,,39.959668,-75.161377,215-627,20,1,,,,,146,https://www.peeringdb.com/fac/146,peeringdb_us_facilities,https://www.peeringdb.com/api/fac?country=US&status=ok,2026-03-25T14:53:23.299253+00:00,20260325_145301,58444ed1782fc90d21ce7070c48b74ad,2026-03-25 14:53:23,2026-03-25 14:53:23,1
33,Evocative San Jose,http://www.evocative.com,+18883652656,support@evocative.com,534 Stockton Avenue,San Jose,CA,95126,US,Evocative San Jose (SV7),Evocative San Jose,,support@evocative.com,+18883652656,sales@evocative.com,+18883652656,37.338431,-121.910133,408-277,7,0,,,,,147,https://www.peeringdb.com/fac/147,peeringdb_us_facilities,https://www.peeringdb.com/api/fac?country=US&status=ok,2026-03-25T14:53:23.299253+00:00,20260325_145301,e0f6b7f2b8e9c74b68c5344b9bc22eff,2026-03-25 14:53:23,2026-03-25 14:53:23,1
34,iM Critical,https://www.imcritical.com/,+13057563704,support@imcritical.com,100 NE 80th. Terrace,Miami,FL,33138,US,iM Critical Miami,iM Critical,,support@imcritical.com,+13057563704,lchesal@imcritical.com,+13057563704,25.848356,-80.194926,305-756,13,1,Yes,,,,149,https://www.peeringdb.com/fac/149,peeringdb_us_facilities,https://www.peeringdb.com/api/fac?country=US&status=ok,2026-03-25T14:53:23.299253+00:00,20260325_145301,7e9239dfdfdf6c774010cf56745a506d,2026-03-25 14:53:23,2026-03-25 14:53:23,1
35,Digital Realty,https://www.digitalrealty.com,,,120 East Van Buren Street,Phoenix,AZ,85004,US,Digital Realty PHX10 (120 E Van Buren),Digital Realty,,,,,,33.452003,-112.072042,602-222,33,3,,,,,171,https://www.peeringdb.com/fac/171,peeringdb_us_facilities,https://www.peeringdb.com/api/fac?country=US&status=ok,2026-03-25T14:53:23.299253+00:00,20260325_145301,ecee7ce836c3164137929a062e08d712,2026-03-25 14:53:23,2026-03-25 14:53:23,1
36,Level(3) Sunnyvale,http://www.level3.com/,,,1380 Kifer Rd.,Sunnyvale,CA,95051,US,Level(3) Sunnyvale,Level(3) Sunnyvale,,,,,,37.373412,-121.98778,,8,1,,,,,176,https://www.peeringdb.com/fac/176,peeringdb_us_facilities,https://www.peeringdb.com/api/fac?country=US&status=ok,2026-03-25T14:53:23.299253+00:00,20260325_145301,403a3181bb7bcfbd9e1da457acb4b4e6,2026-03-25 14:53:23,2026-03-25 14:53:23,1
37,Printer's Square Chicago,http://www.printerssquare.com,,,600 S Federal,Chicago,IL,60605,US,Printer's Square Chicago (600 S Federal),Printer's Square Chicago,,,,,,41.874302,-87.629928,,3,0,,,,,184,https://www.peeringdb.com/fac/184,peeringdb_us_facilities,https://www.peeringdb.com/api/fac?country=US&status=ok,2026-03-25T14:53:23.299253+00:00,20260325_145301,3d5f1c0c190bce11f1d0641c4d0ba68b,2026-03-25 14:53:23,2026-03-25 14:53:23,1
38,Netrality - Indy Telcom Center - 733 W. Henry,https://netrality.com/data-center/733-indy-telcom-center-indianapolis/,,bcampbell@netrality.com,733 W. Henry St,Indianapolis,IN,46225,US,Netrality - Indy Telcom Center - 733 W. Henry,Netrality - Indy Telcom Center - 733 W. Henry,,bcampbell@netrality.com,,sales@netrality.com,,39.75988,-86.172275,317-263,41,2,,,,"Netrality owns and operates highly interconnected edge data centers. The Netrality portfolio consists of nine strategic interconnection data centers: 717 South Wells in Chicago, IL, 1301 Fannin in Houston, TX, 1102 Grand in Kansas City, MO, 7801 Nieman Road, Shawnee KS, 401 North Broad in Philadelphia, PA, 210 North Tucker, 900 Walnut in St. Louis, MO, 701 West Henry and 733 West Henry in Indianapolis, Indiana. Feel free to ping us anytime with questions; bcampbell@netrality.com",186,https://www.peeringdb.com/fac/186,peeringdb_us_facilities,https://www.peeringdb.com/api/fac?country=US&status=ok,2026-03-25T14:53:23.299253+00:00,20260325_145301,e47396bb343fde15c549157784c8813b,2026-03-25 14:53:23,2026-03-25 14:53:23,1
39,FiberNet Telecom Group - 60 Hudson St,http://www.ftgx.com,,,60 Hudson St,New York,NY,10013,US,FiberNet Telecom Group - 60 Hudson St,FiberNet Telecom Group - 60 Hudson St,,,,,,40.717664,-74.008333,212-571,6,1,,,,,188,https://www.peeringdb.com/fac/188,peeringdb_us_facilities,https://www.peeringdb.com/api/fac?country=US&status=ok,2026-03-25T14:53:23.299253+00:00,20260325_145301,34212cce28cae9bd6f1e2f8905df0bef,2026-03-25 14:53:23,2026-03-25 14:53:23,1
40,FiberNet Telecom Group New York,http://www.ftgx.com,,,111 Eighth Ave,New York,NY,10011,US,FiberNet Telecom Group New York (111 Eighth Ave),FiberNet Telecom Group New York,,,,,,40.741355,-74.003203,212-215,1,1,,,,,189,https://www.peeringdb.com/fac/189,peeringdb_us_facilities,https://www.peeringdb.com/api/fac?country=US&status=ok,2026-03-25T14:53:23.299253+00:00,20260325_145301,34b18ed515159cb75467ccfde83978c6,2026-03-25 14:53:23,2026-03-25 14:53:23,1
41,Level(3) Weehawken,http://www.level3.com,,,300 JFK Boulevard East,Weehawken,NJ,07086,US,Level(3) Weehawken,Level(3) Weehawken,,,,,,40.761825,-74.025031,201-588,2,0,,,,,209,https://www.peeringdb.com/fac/209,peeringdb_us_facilities,https://www.peeringdb.com/api/fac?country=US&status=ok,2026-03-25T14:53:23.299253+00:00,20260325_145301,01d9dc7c48ff07d611dfc0bcafed6521,2026-03-25 14:53:23,2026-03-25 14:53:23,1
42,Markley,http://www.markleygroup.com/,,,1 Summer Street,Boston,MA,02110,US,Markley Group One Summer Street Boston,Markley,,,,,,42.354692,-71.060266,617-451,80,1,,,,,219,https://www.peeringdb.com/fac/219,peeringdb_us_facilities,https://www.peeringdb.com/api/fac?country=US&status=ok,2026-03-25T14:53:23.299253+00:00,20260325_145301,85f599e2936dfc54273079f2e27aabbc,2026-03-25 14:53:23,2026-03-25 14:53:23,1
43,Peace Communications,http://www.peacecom.net,+14236648900,peeringdb@peacecom.net,500 W. Summit Hill,Knoxville,TN,37902,US,Peace Communications KNX1,Peace Communications,,peeringdb@peacecom.net,+14236648900,peeringdb@peacecom.net,+14236648900,35.965586,-83.921438,865-673,5,0,,,,Formerly known as Digital Crossing. Peace Communications KNX1 Facility has On Site access to multiple Tier1 and Tier2 Carriers.,234,https://www.peeringdb.com/fac/234,peeringdb_us_facilities,https://www.peeringdb.com/api/fac?country=US&status=ok,2026-03-25T14:53:23.299253+00:00,20260325_145301,2ed5c6922680b702ef39ff6ebb458e96,2026-03-25 14:53:23,2026-03-25 14:53:23,1
44,Looking Glass Networks NYC Node,http://www.lglass.net,,,150 Varick Street,New York,NY,10012,US,Looking Glass Networks NYC Node,Looking Glass Networks NYC Node,,,,,,40.726019,-74.00536,212-219,0,0,,,,,246,https://www.peeringdb.com/fac/246,peeringdb_us_facilities,https://www.peeringdb.com/api/fac?country=US&status=ok,2026-03-25T14:53:23.299253+00:00,20260325_145301,b4262ce7952e50da1542280689f5362e,2026-03-25 14:53:23,2026-03-25 14:53:23,1
45,Level(3) Atlanta,http://www.level3.com,,,345 Courtland St Ne,Atlanta,GA,30308-3420,US,Level(3) Atlanta (Courtland),Level(3) Atlanta,,,,,,33.765138,-84.383731,,3,0,,,,,249,https://www.peeringdb.com/fac/249,peeringdb_us_facilities,https://www.peeringdb.com/api/fac?country=US&status=ok,2026-03-25T14:53:23.300251+00:00,20260325_145301,8c3690439e26d52be14f7415e0f9fc22,2026-03-25 14:53:23,2026-03-25 14:53:23,1
46,Level(3) Chicago,http://www.level3.com,,,"111 Canal, Suite 200",Chicago,IL,60606,US,Level(3) Chicago (Canal),Level(3) Chicago,,,,,,41.880436,-87.639611,,3,0,,,,,250,https://www.peeringdb.com/fac/250,peeringdb_us_facilities,https://www.peeringdb.com/api/fac?country=US&status=ok,2026-03-25T14:53:23.300251+00:00,20260325_145301,8a4e175ff37e5b72f46c3d594df0beca,2026-03-25 14:53:23,2026-03-25 14:53:23,1
47,ServerCondo-219 Albuquerque,http://www.ixnm.net,,,219 Central Ave NW,Albuquerque,NM,87102,US,ServerCondo-219 Albuquerque,ServerCondo-219 Albuquerque,,,,,,35.084663,-106.650102,505-242,0,0,,,,,256,https://www.peeringdb.com/fac/256,peeringdb_us_facilities,https://www.peeringdb.com/api/fac?country=US&status=ok,2026-03-25T14:53:23.300251+00:00,20260325_145301,c341d8af50e78eccc9ba214888372952,2026-03-25 14:53:23,2026-03-25 14:53:23,1
48,Citynet,http://www.citynet.net,,,251 Neilston St.,Columbus,OH,43219,US,Citynet Columbus,Citynet,,,,,,39.968171,-82.994861,614-222,3,1,,,,,267,https://www.peeringdb.com/fac/267,peeringdb_us_facilities,https://www.peeringdb.com/api/fac?country=US&status=ok,2026-03-25T14:53:23.300251+00:00,20260325_145301,2584a63bd4804d9d1863a6d4e7091357,2026-03-25 14:53:23,2026-03-25 14:53:23,1
49,Citynet,http://www.citynet.net,,,Allegheny Center Mall,Pittsburgh,PA,15212,US,Citynet Pittsburgh,Citynet,,,,,,40.447383,-80.003614,412-228,4,0,,,,,268,https://www.peeringdb.com/fac/268,peeringdb_us_facilities,https://www.peeringdb.com/api/fac?country=US&status=ok,2026-03-25T14:53:23.300251+00:00,20260325_145301,95827f20566abf28db3ab9085cd3b82c,2026-03-25 14:53:23,2026-03-25 14:53:23,1
50,Citynet,http://www.citynet.net,,,701 W. Henry St.,Indianapolis,IN,46225,US,Citynet Indianapolis,Citynet,,,,,,39.759534,-86.170711,,1,0,,,,,273,https://www.peeringdb.com/fac/273,peeringdb_us_facilities,https://www.peeringdb.com/api/fac?country=US&status=ok,2026-03-25T14:53:23.300251+00:00,20260325_145301,c1073624a2e6223c4503bdf592931e75,2026-03-25 14:53:23,2026-03-25 14:53:23,1
51,PTOR1,https://www.1547realty.com,+15032266777,tab@pittock.com,921 SW Washington St,Portland,OR,97205,US,PTOR1,PTOR1,,tab@pittock.com,+15032266777,jcoates@pittock.com,+15032266777,45.521366,-122.680792,503-226,68,2,,,,,275,https://www.peeringdb.com/fac/275,peeringdb_us_facilities,https://www.peeringdb.com/api/fac?country=US&status=ok,2026-03-25T14:53:23.300251+00:00,20260325_145301,dcc34ad455effa40c6f98db2d8912711,2026-03-25 14:53:23,2026-03-25 14:53:23,1
52,Centersquare New Jersey,https://centersquaredc.com/data-centers/new-york-new-jersey,,,15 Enterprise Avenue N,Secaucus,NJ,07094,US,Centersquare New Jersey (EWR5),Centersquare New Jersey,,,,,,40.78616,-74.06912,201-330,17,2,,,,,279,https://www.peeringdb.com/fac/279,peeringdb_us_facilities,https://www.peeringdb.com/api/fac?country=US&status=ok,2026-03-25T14:53:23.300251+00:00,20260325_145301,644894e1028407a7a1a7b936eb9932f1,2026-03-25 14:53:23,2026-03-25 14:53:23,1
53,Equinix,http://www.equinix.com/,,,74 West Street,Waltham,MA,02451,US,"Equinix BO1 - Boston, Waltham",Equinix,,,,,,42.395346,-71.269187,781-890,3,0,,,,,281,https://www.peeringdb.com/fac/281,peeringdb_us_facilities,https://www.peeringdb.com/api/fac?country=US&status=ok,2026-03-25T14:53:23.300251+00:00,20260325_145301,eb4666b094fccdea6b55bae49d138679,2026-03-25 14:53:23,2026-03-25 14:53:23,1
54,365 Data Centers Chicago,https://www.365datacenters.com/chicago-data-center/,,,427 S. La Salle,Chicago,IL,60605,US,365 Data Centers Chicago (CH6),365 Data Centers Chicago,,,,,,41.876212,-87.631453,312-957,21,2,,,,This is the former Switch & Data/Equinix facility.,283,https://www.peeringdb.com/fac/283,peeringdb_us_facilities,https://www.peeringdb.com/api/fac?country=US&status=ok,2026-03-25T14:53:23.300251+00:00,20260325_145301,6aa94706846f37f45e0ab8ea51d4ccbd,2026-03-25 14:53:23,2026-03-25 14:53:23,1
55,CoreSite,http://www.coresite.com,+18667772673,info@coresite.com,"1275 K Street, NW",Washington,DC,20005,US,"CoreSite - Washington,DC (DC1)",CoreSite,,info@coresite.com,+18667772673,info@coresite.com,+18667772673,38.902918,-77.029149,202-602,16,3,,,,,286,https://www.peeringdb.com/fac/286,peeringdb_us_facilities,https://www.peeringdb.com/api/fac?country=US&status=ok,2026-03-25T14:53:23.300251+00:00,20260325_145301,5629c6bb0ded65bfab6d22f66390d800,2026-03-25 14:53:23,2026-03-25 14:53:23,1
56,Evocative,http://www.evocative.com/,+18883652656,support@evocative.com,3080 Raymond Street,Santa Clara,CA,95054,US,Evocative SJC3,Evocative,,support@evocative.com,+18883652656,sales@evocative.com,+18883652656,37.378042,-121.954136,408-496,13,0,,,,,293,https://www.peeringdb.com/fac/293,peeringdb_us_facilities,https://www.peeringdb.com/api/fac?country=US&status=ok,2026-03-25T14:53:23.300251+00:00,20260325_145301,e3b55ffd718f3166dde1c5b2a81cd955,2026-03-25 14:53:23,2026-03-25 14:53:23,1
57,Level(3) Nashville,http://www.level3.com,,,2992 Sidco Drive,Nashville,TN,37201,US,Level(3) Nashville (Sidco Drive),Level(3) Nashville,,,,,,36.102726,-86.755786,615-425,4,0,,,,,311,https://www.peeringdb.com/fac/311,peeringdb_us_facilities,https://www.peeringdb.com/api/fac?country=US&status=ok,2026-03-25T14:53:23.300251+00:00,20260325_145301,53cd21aed425ba77fec6b14cefefcef8,2026-03-25 14:53:23,2026-03-25 14:53:23,1
58,IRIS,http://www.iristransport.com/,,,211 Commerce Street,Nashville,TN,37201,US,IRIS - Nashville,IRIS,,,,,,36.162621,-86.776316,615-425,1,0,,,,,312,https://www.peeringdb.com/fac/312,peeringdb_us_facilities,https://www.peeringdb.com/api/fac?country=US&status=ok,2026-03-25T14:53:23.300251+00:00,20260325_145301,911dcb3140b2cf3602962d5f87b45ce6,2026-03-25 14:53:23,2026-03-25 14:53:23,1
59,Cincinnatti Bell,http://www.cincinnatibell.com/,,,209 West 7 Street,Cincinnati,OH,45202,US,Cincinnatti Bell - West 7th Street,Cincinnatti Bell,,,,,,39.102789,-84.517261,513-241,0,0,,,,,314,https://www.peeringdb.com/fac/314,peeringdb_us_facilities,https://www.peeringdb.com/api/fac?country=US&status=ok,2026-03-25T14:53:23.300251+00:00,20260325_145301,6e9e60ed5b99ce1e926bea25789105f1,2026-03-25 14:53:23,2026-03-25 14:53:23,1
60,Level(3),http://www.level3.com,,,400 Pike Street,Cincinnati,OH,45202,US,Level(3) Cincinnati,Level(3),,,,,,39.102533,-84.50313,513-241,1,0,,,,,315,https://www.peeringdb.com/fac/315,peeringdb_us_facilities,https://www.peeringdb.com/api/fac?country=US&status=ok,2026-03-25T14:53:23.300251+00:00,20260325_145301,4ba02b2fab77829c0cb3bb1ae212cf48,2026-03-25 14:53:23,2026-03-25 14:53:23,1
61,Telehouse,http://www.telehouse.com,,,626 Wilshire Blvd #600,Los Angeles,CA,90017,US,Telehouse - Los Angeles,Telehouse,,,,,,34.048275,-118.256985,213-613,6,1,,,,,317,https://www.peeringdb.com/fac/317,peeringdb_us_facilities,https://www.peeringdb.com/api/fac?country=US&status=ok,2026-03-25T14:53:23.300251+00:00,20260325_145301,358c8732a927732335c0368f7347aea1,2026-03-25 14:53:23,2026-03-25 14:53:23,1
62,Newport Financial Center,,,,111 Pavonia Ave.,Jersey City,NJ,07310,US,Newport Financial Center,Newport Financial Center,,,,,,40.726597,-74.033401,201-216,1,0,,,,,330,https://www.peeringdb.com/fac/330,peeringdb_us_facilities,https://www.peeringdb.com/api/fac?country=US&status=ok,2026-03-25T14:53:23.300251+00:00,20260325_145301,8231ef672bafd90c100cb8860034707e,2026-03-25 14:53:23,2026-03-25 14:53:23,1
63,Netrality St. Louis - 900 Walnut,https://netrality.com/data-center/900-walnut-st-louis/,,bcampbell@netrality.com,"900 Walnut - Netrality Data Center Meet Me Room, 900 Walnut Street",St. Louis,MO,63101,US,Netrality St. Louis - 900 Walnut,Netrality St. Louis - 900 Walnut,,bcampbell@netrality.com,,sales@netrality.com,,38.625536,-90.195238,,42,5,,,,"Netrality owns and operates highly interconnected edge data centers. The Netrality portfolio consists of nine strategic interconnection data centers: 717 South Wells in Chicago, IL, 1301 Fannin in Houston, TX, 1102 Grand in Kansas City, MO, 7801 Nieman Road, Shawnee KS, 401 North Broad in Philadelphia, PA, 210 North Tucker, 900 Walnut in St. Louis, MO, 701 West Henry and 733 West Henry in Indianapolis, Indiana. Feel free to ping us anytime with questions; bcampbell@netrality.com",332,https://www.peeringdb.com/fac/332,peeringdb_us_facilities,https://www.peeringdb.com/api/fac?country=US&status=ok,2026-03-25T14:53:23.300251+00:00,20260325_145301,06b342a36c0500f2fe33160d7a14110e,2026-03-25 14:53:23,2026-03-25 14:53:23,1
64,Equinix,https://www.equinix.com/locations/united-states-colocation/los-angeles-data-centers/,,,445 North Douglas Street,El Segundo,CA,90245-3411,US,"Equinix LA3/LA4 - Los Angeles, El Segundo",Equinix,,,,,,33.921239,-118.383778,310-615,54,3,,,,"LA3: 1920 E. Maple Avenue, El Segundo, CA; LA4: 445 North Douglas Street El Segundo, CA",333,https://www.peeringdb.com/fac/333,peeringdb_us_facilities,https://www.peeringdb.com/api/fac?country=US&status=ok,2026-03-25T14:53:23.300251+00:00,20260325_145301,c4785fecb2f74a6178508d895379a21b,2026-03-25 14:53:23,2026-03-25 14:53:23,1
65,Level(3),http://www.lumen.com/,,,85 10th Avenue,New York,NY,,US,Level(3) New York,Level(3),,,,,,40.743136,-74.007652,,4,1,,,,,348,https://www.peeringdb.com/fac/348,peeringdb_us_facilities,https://www.peeringdb.com/api/fac?country=US&status=ok,2026-03-25T14:53:23.300251+00:00,20260325_145301,d0580e5887a3e455030cc9932b69215e,2026-03-25 14:53:23,2026-03-25 14:53:23,1
66,165 Halsey Meet-Me Room,http://www.165halsey.com/,,,165 Halsey St,Newark,NJ,07102-2834,US,165 Halsey Meet-Me Room,165 Halsey Meet-Me Room,,,,,,40.736844,-74.173402,201-297,107,5,,,,meet-met-room on 9th floor,350,https://www.peeringdb.com/fac/350,peeringdb_us_facilities,https://www.peeringdb.com/api/fac?country=US&status=ok,2026-03-25T14:53:23.300251+00:00,20260325_145301,29deed3bff2fa8a6f86fac4e813139b2,2026-03-25 14:53:23,2026-03-25 14:53:23,1
67,Crown Castle Brentwood,https://www.crowncastle.com/,,,1650 Islip Ave,Brentwood,NY,11717,US,Crown Castle Brentwood (1650 Islip),Crown Castle Brentwood,,,,,,40.784184,-73.219864,631-348,0,0,,,,"formerly KeySpan Communications, Lightower",356,https://www.peeringdb.com/fac/356,peeringdb_us_facilities,https://www.peeringdb.com/api/fac?country=US&status=ok,2026-03-25T14:53:23.300251+00:00,20260325_145301,84f59008a2ff7c8bd1ed21d14b9d7363,2026-03-25 14:53:23,2026-03-25 14:53:23,1
68,710 Tucker St Louis,http://www.hostirian.com,,,710 North Tucker,St. Louis,MO,63101,US,710 Tucker St Louis,710 Tucker St Louis,,,,,,38.632728,-90.195813,314-622,2,0,,,,,362,https://www.peeringdb.com/fac/362,peeringdb_us_facilities,https://www.peeringdb.com/api/fac?country=US&status=ok,2026-03-25T14:53:23.300251+00:00,20260325_145301,516536fc4cf6b73f41130f81ed56fb22,2026-03-25 14:53:23,2026-03-25 14:53:23,1
69,CoreSite,http://www.coresite.com,+18667772673,info@coresite.com,900 N. Alameda,Los Angeles,CA,90012,US,CoreSite - Los Angeles (LA2),CoreSite,,info@coresite.com,+18667772673,info@coresite.com,+18667772673,34.058096,-118.235357,213-327,196,3,,,,,363,https://www.peeringdb.com/fac/363,peeringdb_us_facilities,https://www.peeringdb.com/api/fac?country=US&status=ok,2026-03-25T14:53:23.300251+00:00,20260325_145301,0a88f518c9bad1aa8daf298aefaa8806,2026-03-25 14:53:23,2026-03-25 14:53:23,1
70,XO Nashville,http://www.xo.com,,,101 Molloy Street,Nashville,TN,37201,US,XO Nashville,XO Nashville,,,,,,36.158837,-86.772516,615-777,2,0,,,,,368,https://www.peeringdb.com/fac/368,peeringdb_us_facilities,https://www.peeringdb.com/api/fac?country=US&status=ok,2026-03-25T14:53:23.300251+00:00,20260325_145301,dd9cad92a73f608b4b094d2ce9a3df2c,2026-03-25 14:53:23,2026-03-25 14:53:23,1
71,Network 222,http://network222.com/,,,222 West Washington Avenue,Madison,WI,53703,US,Network 222,Network 222,,,,,,43.073336,-89.386996,608-255,13,1,,,,,372,https://www.peeringdb.com/fac/372,peeringdb_us_facilities,https://www.peeringdb.com/api/fac?country=US&status=ok,2026-03-25T14:53:23.300251+00:00,20260325_145301,2267cdbef8b3f5a4a7b559ed89bf8d82,2026-03-25 14:53:23,2026-03-25 14:53:23,1
72,OCDC Orange County Datacenter Santa Ana,http://www.govportals.com,,,1400 S. Grand,Santa Ana,CA,92705,US,OCDC Orange County Datacenter Santa Ana,OCDC Orange County Datacenter Santa Ana,,,,,,33.729872,-117.851779,714-567,1,0,,,,,378,https://www.peeringdb.com/fac/378,peeringdb_us_facilities,https://www.peeringdb.com/api/fac?country=US&status=ok,2026-03-25T14:53:23.300251+00:00,20260325_145301,4bce05dd34aed09e30bd5a94c100b01f,2026-03-25 14:53:23,2026-03-25 14:53:23,1
73,iConnect Helena,http://www.iconnectmontana.com/,,,"Hustad Center, 1084 Helena Avenue",Helena,MT,59601,US,iConnect Helena,iConnect Helena,,,,,,,,406-443,5,0,,,,,379,https://www.peeringdb.com/fac/379,peeringdb_us_facilities,https://www.peeringdb.com/api/fac?country=US&status=ok,2026-03-25T14:53:23.300251+00:00,20260325_145301,c6954c25543de4b40763c4b5045fbe70,2026-03-25 14:53:23,2026-03-25 14:53:23,1
74,iConnect Billings Fiber Hotel,http://www.iconnectmontana.com/,,,Granite Tower,Billings,MT,59101,US,iConnect Billings Fiber Hotel,iConnect Billings Fiber Hotel,,,,,,45.781098,-108.512522,406-252,7,0,,,,,380,https://www.peeringdb.com/fac/380,peeringdb_us_facilities,https://www.peeringdb.com/api/fac?country=US&status=ok,2026-03-25T14:53:23.300251+00:00,20260325_145301,7b2efcef9012e18fbf2cb3e5b3b4470f,2026-03-25 14:53:23,2026-03-25 14:53:23,1
75,iConnect Missoula,http://www.iconnectmontana.com/,,,"Broadway Center, 110 East Broadway",Missoula,MT,59801,US,iConnect Missoula,iConnect Missoula,,,,,,46.87101,-113.989835,406-327,7,0,,,,,381,https://www.peeringdb.com/fac/381,peeringdb_us_facilities,https://www.peeringdb.com/api/fac?country=US&status=ok,2026-03-25T14:53:23.300251+00:00,20260325_145301,176120df100f9337edd1019cb7a91183,2026-03-25 14:53:23,2026-03-25 14:53:23,1
76,CoreSite,http://www.coresite.com,+18667772673,info@coresite.com,910 15th Street,Denver,CO,80202,US,CoreSite - Denver (DE1),CoreSite,,info@coresite.com,+18667772673,info@coresite.com,+18667772673,39.745636,-104.995636,,144,3,,,,,389,https://www.peeringdb.com/fac/389,peeringdb_us_facilities,https://www.peeringdb.com/api/fac?country=US&status=ok,2026-03-25T14:53:23.300251+00:00,20260325_145301,641523cae57641b2de7b4d222444a5dd,2026-03-25 14:53:23,2026-03-25 14:53:23,1
77,WOW! Business,http://www.esnet.com/,,,"400 N Tampa St., Suite #1000",Tampa,FL,33602,US,WOW! Business (Tampa Datacenter),WOW! Business,,,,,,27.947729,-82.459331,813-301,16,2,,,,,397,https://www.peeringdb.com/fac/397,peeringdb_us_facilities,https://www.peeringdb.com/api/fac?country=US&status=ok,2026-03-25T14:53:23.300251+00:00,20260325_145301,67e2e2a67450189461892218f2f9c77e,2026-03-25 14:53:23,2026-03-25 14:53:23,1
78,Digital Realty,https://www.digitalrealty.com,,,2323 Bryan St.,Dallas,TX,75201,US,Digital Realty DFW (2323 Bryan St),Digital Realty,,,,,,32.787212,-96.794219,,60,4,,,,,402,https://www.peeringdb.com/fac/402,peeringdb_us_facilities,https://www.peeringdb.com/api/fac?country=US&status=ok,2026-03-25T14:53:23.300251+00:00,20260325_145301,bb97990fd742112db7906c844c44134b,2026-03-25 14:53:23,2026-03-25 14:53:23,1
79,Digital Realty,https://www.digitalrealty.com,,,600 West 7th Street,Los Angeles,CA,90017,US,Digital Realty LAX (600 W 7th),Digital Realty,,,,,,34.047335,-118.25745,,53,1,,,,,403,https://www.peeringdb.com/fac/403,peeringdb_us_facilities,https://www.peeringdb.com/api/fac?country=US&status=ok,2026-03-25T14:53:23.300251+00:00,20260325_145301,b7c9998aa7944e76160909b2370fe007,2026-03-25 14:53:23,2026-03-25 14:53:23,1
80,Digital Realty,https://www.digitalrealty.com/,,,44480 Hastings Drive,Ashburn,VA,20147,US,Digital Realty IAD (44480 Hastings),Digital Realty,,,,,,39.017808,-77.462489,,9,2,,,,fka: Dupont Fabros ACC4,408,https://www.peeringdb.com/fac/408,peeringdb_us_facilities,https://www.peeringdb.com/api/fac?country=US&status=ok,2026-03-25T14:53:23.300251+00:00,20260325_145301,3be581fa2106b097fee8fc54449d2928,2026-03-25 14:53:23,2026-03-25 14:53:23,1
81,Netrality,https://netrality.com/data-center/1301-fannin-houston/,,bcampbell@netrality.com,"1301 Fannin - Netrality Data Center Meet Me Room, 1301 Fannin Street",Houston,TX,77002,US,Netrality Houston - 1301 Fannin,Netrality,,bcampbell@netrality.com,,sales@netrality.com,,29.753242,-95.365882,,29,6,,,,"Netrality owns and operates highly interconnected edge data centers. The Netrality portfolio consists of nine strategic interconnection data centers: 717 South Wells in Chicago, IL, 1301 Fannin in Houston, TX, 1102 Grand in Kansas City, MO, 7801 Nieman Road, Shawnee KS, 401 North Broad in Philadelphia, PA, 210 North Tucker, 900 Walnut in St. Louis, MO, 701 West Henry and 733 West Henry in Indianapolis, Indiana. Feel free to ping us anytime with questions; bcampbell@netrality.com",409,https://www.peeringdb.com/fac/409,peeringdb_us_facilities,https://www.peeringdb.com/api/fac?country=US&status=ok,2026-03-25T14:53:23.300251+00:00,20260325_145301,4d5218a11560183e40e33870bb25f1fb,2026-03-25 14:53:23,2026-03-25 14:53:23,1
82,KOMO Plaza Seattle,http://www.komoplaza.com/,,,140 4th Ave N,Seattle,WA,98109,US,KOMO Plaza Seattle (Formerly Fisher Plaza),KOMO Plaza Seattle,,,,,,47.619238,-122.348278,206-404,21,2,,,,,410,https://www.peeringdb.com/fac/410,peeringdb_us_facilities,https://www.peeringdb.com/api/fac?country=US&status=ok,2026-03-25T14:53:23.300251+00:00,20260325_145301,a6ed8505a439ec36c8b4b46c48c4a2dc,2026-03-25 14:53:23,2026-03-25 14:53:23,1
83,University of Wisconsin-Madison,http://www.wisc.edu,,,1210 W. Dayton Street,Madison,WI,53706,US,University of Wisconsin-Madison,University of Wisconsin-Madison,,,,,,43.071309,-89.406318,608-262,5,1,,,,,411,https://www.peeringdb.com/fac/411,peeringdb_us_facilities,https://www.peeringdb.com/api/fac?country=US&status=ok,2026-03-25T14:53:23.300251+00:00,20260325_145301,ae7627d4ec5dfb875c1cedf09496c640,2026-03-25 14:53:23,2026-03-25 14:53:23,1
84,190 Park Center Plaza,http://www.telepacific.com,,,190 Park Center Plaza,San Jose,CA,95113,US,190 Park Center Plaza San Jose,190 Park Center Plaza,,,,,,37.332218,-121.892948,408-286,0,0,,,,,414,https://www.peeringdb.com/fac/414,peeringdb_us_facilities,https://www.peeringdb.com/api/fac?country=US&status=ok,2026-03-25T14:53:23.300251+00:00,20260325_145301,e3550552c93e45598a930746b779bf76,2026-03-25 14:53:23,2026-03-25 14:53:23,1
85,The Franklin Exchange,,,,655 N Franklin Street,Tampa,FL,33602,US,The Franklin Exchange Tampa,The Franklin Exchange,,,,,,27.949606,-82.458393,813-387,4,1,,,,,420,https://www.peeringdb.com/fac/420,peeringdb_us_facilities,https://www.peeringdb.com/api/fac?country=US&status=ok,2026-03-25T14:53:23.300251+00:00,20260325_145301,05f0f57d47d764628db08af5b62194cf,2026-03-25 14:53:23,2026-03-25 14:53:23,1
86,Level(3) Oakland,http://www.level3.net/,,,5000 Hollis Ave,Emeryville,CA,94608,US,Level(3) Oakland,Level(3) Oakland,,,,,,37.834675,-122.286597,510-597,2,0,,,,,430,https://www.peeringdb.com/fac/430,peeringdb_us_facilities,https://www.peeringdb.com/api/fac?country=US&status=ok,2026-03-25T14:53:23.301252+00:00,20260325_145301,d487553c8333ae93bf54782013bcef75,2026-03-25 14:53:23,2026-03-25 14:53:23,1
87,Netrality Kansas City - 1102 Grand,https://netrality.com/data-center/1102-grand-kansas-city/,,bcampbell@netrality.com,"1102 Grand - Netrality Data Center Meet Me Room, 1102 Grand Boulevard",Kansas City,MO,64106,US,Netrality Kansas City - 1102 Grand,Netrality Kansas City - 1102 Grand,,bcampbell@netrality.com,,sales@netrality.com,,39.100941,-94.581036,816-842,81,4,,,,"Netrality owns and operates highly interconnected edge data centers. The Netrality portfolio consists of nine strategic interconnection data centers: 717 South Wells in Chicago, IL, 1301 Fannin in Houston, TX, 1102 Grand in Kansas City, MO, 7801 Nieman Road, Shawnee KS, 401 North Broad in Philadelphia, PA, 210 North Tucker, 900 Walnut in St. Louis, MO, 701 West Henry and 733 West Henry in Indianapolis, Indiana. Feel free to ping us anytime with questions; bcampbell@netrality.com",435,https://www.peeringdb.com/fac/435,peeringdb_us_facilities,https://www.peeringdb.com/api/fac?country=US&status=ok,2026-03-25T14:53:23.301252+00:00,20260325_145301,d8f4a4a1932413f405708f3652455968,2026-03-25 14:53:23,2026-03-25 14:53:23,1
88,Equinix,https://www.equinix.com/locations/americas-colocation/united-states-colocation/silicon-valley-data-centers/sv3/,,,1735 Lundy Ave,San Jose,CA,95131,US,"Equinix SV3 - Silicon Valley, San Jose",Equinix,,,,,,37.388235,-121.888457,,23,2,,,,,436,https://www.peeringdb.com/fac/436,peeringdb_us_facilities,https://www.peeringdb.com/api/fac?country=US&status=ok,2026-03-25T14:53:23.301252+00:00,20260325_145301,1ba0195324fa56d967586600a0e8a215,2026-03-25 14:53:23,2026-03-25 14:53:23,1
89,Equinix,https://www.equinix.com/locations/americas-colocation/united-states-colocation/silicon-valley-data-centers/sv2/,,,1350 Duane Ave,Santa Clara,CA,95054,US,"Equinix SV2 - Silicon Valley, Santa Clara",Equinix,,,,,,37.378463,-121.954945,408-450,24,2,,,,,437,https://www.peeringdb.com/fac/437,peeringdb_us_facilities,https://www.peeringdb.com/api/fac?country=US&status=ok,2026-03-25T14:53:23.301252+00:00,20260325_145301,dbb18223c0d20001e1e1f1a95ab2724a,2026-03-25 14:53:23,2026-03-25 14:53:23,1
90,CoreSite,http://www.coresite.com,+18667772673,info@coresite.com,427 S. LaSalle,Chicago,IL,60605,US,CoreSite - Chicago (CH1),CoreSite,,info@coresite.com,+18667772673,info@coresite.com,+18667772673,41.876212,-87.631453,,71,6,,,,,440,https://www.peeringdb.com/fac/440,peeringdb_us_facilities,https://www.peeringdb.com/api/fac?country=US&status=ok,2026-03-25T14:53:23.301252+00:00,20260325_145301,3a9d3621195cd11c8e1359c9e71c735f,2026-03-25 14:53:23,2026-03-25 14:53:23,1
91,LightBound,http://www.lightbound.com/,,,731 West Henry St,Indianapolis,IN,46205,US,LightBound IND1,LightBound,,,,,,39.759366,-86.171857,317-635,10,1,,,,,446,https://www.peeringdb.com/fac/446,peeringdb_us_facilities,https://www.peeringdb.com/api/fac?country=US&status=ok,2026-03-25T14:53:23.301252+00:00,20260325_145301,52efa0843516e9a4f0cbf703233e60bf,2026-03-25 14:53:23,2026-03-25 14:53:23,1
92,CSSNW Bellingham,http://www.cssnw.com,,,1911 C Street,Bellingham,WA,98225,US,CSSNW Bellingham,CSSNW Bellingham,,,,,,48.757306,-122.4805,360-671,6,0,,,,,448,https://www.peeringdb.com/fac/448,peeringdb_us_facilities,https://www.peeringdb.com/api/fac?country=US&status=ok,2026-03-25T14:53:23.301252+00:00,20260325_145301,7cb2e157a2af6b5a28ae8332d67fdb6a,2026-03-25 14:53:23,2026-03-25 14:53:23,1
93,Digital Realty,https://www.digitalrealty.com,,,350 E Cermak Rd.,Chicago,IL,60616-1568,US,Digital Realty CHI (350 E Cermak),Digital Realty,,,,,,41.85365,-87.618342,312-596,97,7,,,,,466,https://www.peeringdb.com/fac/466,peeringdb_us_facilities,https://www.peeringdb.com/api/fac?country=US&status=ok,2026-03-25T14:53:23.301252+00:00,20260325_145301,51d05fb5151b6481a1b50037fabac02c,2026-03-25 14:53:23,2026-03-25 14:53:23,1
94,Digital Realty,https://www.digitalrealty.com,,,720 2nd St,Oakland,CA,94607,US,Digital Realty OAK (720 2nd St),Digital Realty,,,,,,37.799021,-122.282507,,6,0,,,,,468,https://www.peeringdb.com/fac/468,peeringdb_us_facilities,https://www.peeringdb.com/api/fac?country=US&status=ok,2026-03-25T14:53:23.301252+00:00,20260325_145301,7543d2e2579c02e5fa1c8f9841d1ed2c,2026-03-25 14:53:23,2026-03-25 14:53:23,1
95,Digital Realty,https://www.digitalrealty.com,,,"2820 Northwestern Pkwy, Vantage Building V1",Santa Clara,CA,95051,US,Digital Realty SJC (2820 NW Pkwy),Digital Realty,,,,,,37.372818,-121.973377,,13,1,,,,fka: Telx SCL2,469,https://www.peeringdb.com/fac/469,peeringdb_us_facilities,https://www.peeringdb.com/api/fac?country=US&status=ok,2026-03-25T14:53:23.301252+00:00,20260325_145301,54215d7f50f3e05e5129a07bc142a979,2026-03-25 14:53:23,2026-03-25 14:53:23,1
96,GAP Union Station,http://www.global-access.us/,,,506 W South St.,South Bend,IN,46601,US,GAP Union Station,GAP Union Station,,,,,,41.669526,-86.255805,574-233,11,1,,,,,474,https://www.peeringdb.com/fac/474,peeringdb_us_facilities,https://www.peeringdb.com/api/fac?country=US&status=ok,2026-03-25T14:53:23.301252+00:00,20260325_145301,46dcdf9deacdc55905435a7cfd39ef08,2026-03-25 14:53:23,2026-03-25 14:53:23,1
97,360 Spear,http://www.pgimrealestate.com,,,360 Spear St.,San Francisco,CA,94105,US,360 Spear,360 Spear,,,,,,37.788931,-122.390267,415-348,3,0,,,,fka: Digital Realty,476,https://www.peeringdb.com/fac/476,peeringdb_us_facilities,https://www.peeringdb.com/api/fac?country=US&status=ok,2026-03-25T14:53:23.301252+00:00,20260325_145301,7b1a6c0b8b2ee53bcbe7dcbba80646fc,2026-03-25 14:53:23,2026-03-25 14:53:23,1
98,Carolina Internet / CaroNet,http://www.caro.net/,,,900 Center Park Drive,Charlotte,NC,28217,US,Carolina Internet / CaroNet,Carolina Internet / CaroNet,,,,,,35.173324,-80.925975,704-357,0,0,,,,,485,https://www.peeringdb.com/fac/485,peeringdb_us_facilities,https://www.peeringdb.com/api/fac?country=US&status=ok,2026-03-25T14:53:23.301252+00:00,20260325_145301,e79066afd67512860719830031db1d09,2026-03-25 14:53:23,2026-03-25 14:53:23,1
99,TierPoint,http://www.tierpoint.com/,,,23403 E Mission Ave,Liberty Lake,WA,99019,US,TierPoint Spokane,TierPoint,,,,,,47.671879,-117.09123,509-688,14,2,,,,,500,https://www.peeringdb.com/fac/500,peeringdb_us_facilities,https://www.peeringdb.com/api/fac?country=US&status=ok,2026-03-25T14:53:23.301252+00:00,20260325_145301,5e88b5889c31d0e1a6b785c6e1563508,2026-03-25 14:53:23,2026-03-25 14:53:23,1
100,US Bank Building,,,,428 West Riverside,Spokane,WA,99201,US,US Bank Building,US Bank Building,,,,,,47.658139,-117.4193,509-353,18,1,,,,,501,https://www.peeringdb.com/fac/501,peeringdb_us_facilities,https://www.peeringdb.com/api/fac?country=US&status=ok,2026-03-25T14:53:23.301252+00:00,20260325_145301,2da0359ddebf0ae1ce067d502b50a247,2026-03-25 14:53:23,2026-03-25 14:53:23,1
